{"type":"FeatureCollection","features":[{"type":"Feature","properties":{"isoName":"CAN","fullName":"Canada","alternativeNames":[],"centreCoords":[58,-107],"capitalCity":"Ottawa"},"geometry":{"type":"MultiPolygon","coordinates":[[[[-132.6555,54.1275],[-132.5641,54.0687],[-132.3444,54.1061],[-132.3034,54.0989],[-132.2616,54.0763],[-132.2159,54.0284],[-132.1661,53.9552],[-132.1551,53.8752],[-132.1751,53.8465],[-132.2145,53.8147],[-132.5649,53.6876],[-132.5741,53.6754],[-132.5671,53.664],[-132.5347,53.6517],[-132.4644,53.6533],[-132.187,53.6848],[-132.1717,53.7068],[-132.1522,53.807],[-132.114,53.8602],[-132.1106,53.9003],[-132.1359,53.9958],[-132.1344,54.0343],[-131.9408,54.042],[-131.8196,54.0773],[-131.6959,54.1432],[-131.6676,54.1414],[-131.6854,54.0228],[-131.7025,53.9864],[-131.8211,53.8415],[-131.8892,53.714],[-131.9223,53.5879],[-131.9281,53.3792],[-131.9574,53.3087],[-132.0113,53.2652],[-132.3473,53.1892],[-132.5205,53.194],[-132.6748,53.2632],[-132.7475,53.3105],[-132.6926,53.3679],[-132.6548,53.3706],[-132.5462,53.3593],[-132.4624,53.3379],[-132.425,53.337],[-132.4313,53.3504],[-132.6702,53.4586],[-132.845,53.5077],[-132.898,53.5627],[-132.8996,53.6054],[-132.9134,53.6292],[-133.0522,53.7781],[-133.0795,53.837],[-133.0977,53.9203],[-133.0979,54.0056],[-133.0639,54.144],[-133.0484,54.1589],[-132.9915,54.1578],[-132.8931,54.1408],[-132.6555,54.1275]]],[[[-131.7537,53.1956],[-131.6523,53.103],[-131.6222,53.0201],[-131.6347,52.9222],[-131.7953,52.8851],[-131.8797,52.9146],[-131.9164,52.9091],[-131.9718,52.8798],[-131.9044,52.8667],[-131.8101,52.8187],[-131.7273,52.7564],[-131.6106,52.7452],[-131.4552,52.7017],[-131.5728,52.6233],[-131.5906,52.5782],[-131.4439,52.4533],[-131.43,52.4221],[-131.383,52.4157],[-131.2736,52.4258],[-131.2597,52.4159],[-131.26,52.39],[-131.3271,52.3175],[-131.3199,52.3031],[-131.2592,52.2916],[-131.1426,52.2911],[-131.1162,52.2191],[-131.2215,52.1536],[-131.4219,52.238],[-131.5111,52.3221],[-131.5621,52.4],[-131.6237,52.444],[-131.8097,52.5417],[-132.0922,52.7528],[-132.1651,52.7833],[-132.2386,52.8668],[-132.26,52.907],[-132.2581,52.9339],[-132.2295,52.9481],[-132.1449,52.9575],[-132.1438,52.9993],[-132.4687,53.0719],[-132.5048,53.0867],[-132.5468,53.1375],[-132.5242,53.1449],[-132.3454,53.1361],[-132.1539,53.1605],[-132.0359,53.1791],[-131.9895,53.202],[-131.8931,53.2314],[-131.8535,53.2297],[-131.7537,53.1956]]],[[[-127.1973,50.6404],[-126.7009,50.5155],[-126.2039,50.4539],[-125.8392,50.3808],[-125.6152,50.3585],[-125.5343,50.3425],[-125.4821,50.3168],[-125.4205,50.2546],[-125.314,50.1067],[-125.2332,50.0122],[-125.0664,49.8482],[-124.9347,49.7316],[-124.9046,49.6854],[-124.9324,49.6705],[-124.9307,49.6432],[-124.8306,49.5301],[-124.6429,49.4287],[-124.4959,49.3803],[-124.1859,49.3006],[-123.9958,49.224],[-123.9372,49.1708],[-123.8545,49.1192],[-123.82,49.0835],[-123.7523,48.9512],[-123.6266,48.824],[-123.497,48.5821],[-123.4729,48.6023],[-123.458,48.6744],[-123.4431,48.6905],[-123.4155,48.6982],[-123.3899,48.6702],[-123.3663,48.6064],[-123.2838,48.4552],[-123.3106,48.411],[-123.3345,48.4065],[-123.4459,48.4272],[-123.4846,48.4001],[-123.5365,48.345],[-123.5731,48.3228],[-123.5946,48.3335],[-123.9169,48.3866],[-124.1152,48.4364],[-124.3762,48.5152],[-124.6894,48.5973],[-124.8683,48.6536],[-125.0172,48.7115],[-125.1207,48.7608],[-125.1403,48.8026],[-125.1357,48.8224],[-124.9348,48.9563],[-124.8497,49.0283],[-124.817,49.0833],[-124.8002,49.1416],[-124.8126,49.2126],[-124.8208,49.2071],[-124.8387,49.1391],[-124.8683,49.0785],[-124.9044,49.031],[-124.9273,49.0142],[-125.1682,48.991],[-125.3627,48.9982],[-125.4603,48.9411],[-125.4895,48.9338],[-125.5431,48.9528],[-125.6605,49.0292],[-125.8285,49.0918],[-125.812,49.1072],[-125.7023,49.1392],[-125.6442,49.1858],[-125.6546,49.1932],[-125.6937,49.1904],[-125.728,49.1999],[-125.7964,49.2602],[-125.8354,49.2767],[-125.9184,49.2495],[-125.9517,49.248],[-125.9838,49.2879],[-125.9377,49.3798],[-125.9354,49.4015],[-126.0203,49.368],[-126.0483,49.379],[-126.0749,49.4088],[-126.0999,49.4213],[-126.1688,49.4152],[-126.2436,49.4427],[-126.2697,49.4319],[-126.2796,49.3922],[-126.3045,49.382],[-126.4186,49.449],[-126.4445,49.4511],[-126.4999,49.4],[-126.5191,49.3968],[-126.5485,49.4189],[-126.5637,49.5433],[-126.5575,49.5786],[-126.5419,49.5905],[-126.4428,49.6193],[-126.1578,49.6501],[-126.1341,49.6723],[-126.3476,49.6608],[-126.4032,49.6777],[-126.4628,49.7202],[-126.5252,49.7196],[-126.5583,49.7334],[-126.5929,49.7641],[-126.6831,49.8765],[-126.7446,49.9049],[-126.8494,49.9228],[-126.9033,49.9441],[-126.9261,49.9347],[-126.9479,49.9027],[-126.9771,49.8828],[-127.0487,49.8715],[-127.1143,49.8797],[-127.1655,49.9104],[-127.1959,49.9492],[-127.2075,49.9924],[-127.1791,50.0503],[-127.1796,50.0731],[-127.1923,50.0999],[-127.2157,50.1215],[-127.2498,50.138],[-127.2684,50.1293],[-127.2715,50.0956],[-127.29,50.0709],[-127.3494,50.052],[-127.3979,50.085],[-127.4298,50.1309],[-127.4671,50.1634],[-127.6749,50.1633],[-127.7705,50.1211],[-127.8163,50.1177],[-127.8639,50.1277],[-127.873,50.1501],[-127.8282,50.2114],[-127.8392,50.2932],[-127.8508,50.3137],[-127.9467,50.3262],[-127.9629,50.346],[-127.9059,50.4452],[-127.874,50.464],[-127.8315,50.471],[-127.6414,50.4791],[-127.5781,50.4649],[-127.4865,50.4046],[-127.4894,50.4273],[-127.524,50.4958],[-127.529,50.5368],[-127.4659,50.5831],[-127.5262,50.5967],[-127.7515,50.6074],[-127.7497,50.5777],[-127.7312,50.5357],[-127.8647,50.4989],[-127.9637,50.4926],[-128.0583,50.4985],[-128.1356,50.5206],[-128.2674,50.6093],[-128.3499,50.6966],[-128.346,50.7442],[-128.3008,50.7941],[-128.2416,50.8282],[-128.1013,50.8578],[-127.9181,50.8605],[-127.713,50.8208],[-127.1973,50.6404]]],[[[-130.0251,55.8882],[-130.0141,55.9505],[-130.0229,56.0145],[-130.056,56.0652],[-130.0979,56.1093],[-130.2147,56.0828],[-130.4131,56.1225],[-130.4771,56.2306],[-130.6491,56.2637],[-130.7417,56.3408],[-130.9302,56.3786],[-131.0829,56.4048],[-131.1994,56.4492],[-131.3358,56.5012],[-131.4719,56.5567],[-131.5751,56.5988],[-131.6515,56.5961],[-131.8243,56.59],[-131.8331,56.6848],[-131.886,56.7421],[-131.8662,56.7928],[-131.9625,56.8187],[-132.1043,56.8568],[-132.0629,56.9534],[-132.0315,57.0266],[-132.157,57.0482],[-132.338,57.0794],[-132.2794,57.1454],[-132.2322,57.1985],[-132.3017,57.2763],[-132.4425,57.4067],[-132.5505,57.4999],[-132.6915,57.6451],[-132.8155,57.7727],[-132.9168,57.877],[-133.0014,57.949],[-133.1204,58.0777],[-133.2753,58.2229],[-133.4226,58.3371],[-133.4011,58.4109],[-133.5464,58.5035],[-133.6739,58.5972],[-133.8208,58.705],[-133.9657,58.7579],[-134.0692,58.7955],[-134.2185,58.8499],[-134.297,58.8985],[-134.3296,58.9397],[-134.3635,58.9688],[-134.3931,59.0092],[-134.4102,59.0562],[-134.4408,59.0854],[-134.622,59.1553],[-134.6772,59.1993],[-134.8024,59.25],[-134.9072,59.2712],[-134.9437,59.2883],[-135.0713,59.4415],[-135.0508,59.496],[-135.0367,59.5507],[-135.051,59.5787],[-135.2608,59.695],[-135.3679,59.7433],[-135.4759,59.7933],[-135.7026,59.7288],[-135.9347,59.6626],[-136.0972,59.6384],[-136.3218,59.6048],[-136.2471,59.5329],[-136.278,59.4803],[-136.3479,59.4561],[-136.4664,59.4591],[-136.4667,59.2799],[-136.5788,59.1522],[-136.8133,59.15],[-136.9393,59.1061],[-137.1262,59.041],[-137.2775,58.9882],[-137.4386,58.9031],[-137.5209,58.9154],[-137.4842,58.9912],[-137.5437,59.1194],[-137.5933,59.2263],[-137.6966,59.2812],[-137.8706,59.3736],[-138.0011,59.4429],[-138.1875,59.5419],[-138.3176,59.6111],[-138.4536,59.6834],[-138.6323,59.7783],[-138.7055,59.9013],[-138.8688,59.9458],[-139.0435,59.9933],[-139.1852,60.0836],[-139.137,60.1727],[-139.0792,60.2794],[-139.0792,60.3437],[-139.2348,60.3397],[-139.468,60.3337],[-139.6763,60.3283],[-139.8307,60.2529],[-139.9733,60.1832],[-140.1969,60.2375],[-140.4528,60.2997],[-140.5254,60.2184],[-140.7627,60.2591],[-141.0021,60.3002],[-141.0021,60.5924],[-141.0021,60.8847],[-141.0021,61.1769],[-141.0021,61.469],[-141.0021,61.7613],[-141.0021,62.0535],[-141.0021,62.3457],[-141.0021,62.6379],[-141.0021,62.9301],[-141.0021,63.2223],[-141.0021,63.5145],[-141.0021,63.8067],[-141.0021,64.0989],[-141.0021,64.3911],[-141.0021,64.6833],[-141.0021,64.9755],[-141.0021,65.2677],[-141.0021,65.5599],[-141.0021,65.8521],[-141.0021,66.1443],[-141.0021,66.4365],[-141.0021,66.7288],[-141.0021,67.0209],[-141.0021,67.3131],[-141.0021,67.6054],[-141.0021,67.8976],[-141.0021,68.1897],[-141.0021,68.482],[-141.0021,68.7742],[-141.0021,69.0664],[-141.0021,69.3586],[-141.0021,69.6508],[-140.86,69.6353],[-140.4051,69.6025],[-139.9766,69.6217],[-139.1815,69.5155],[-138.6899,69.3168],[-138.291,69.219],[-138.1284,69.152],[-137.8694,69.0928],[-137.26,68.9641],[-137.0704,68.9509],[-136.7173,68.8892],[-136.4987,68.8973],[-136.1224,68.8822],[-135.8666,68.8326],[-135.3622,68.6964],[-135.2588,68.6843],[-135.2312,68.6943],[-135.4069,68.829],[-135.4346,68.842],[-135.638,68.8922],[-135.8763,68.917],[-135.8947,68.9267],[-135.939,68.9742],[-135.9248,68.9926],[-135.8729,69.001],[-135.6952,69.0006],[-135.59,69.0083],[-135.5755,69.027],[-135.6513,69.0313],[-135.7426,69.0494],[-135.8497,69.0814],[-135.9102,69.1115],[-135.6915,69.3112],[-135.6149,69.291],[-135.4996,69.3372],[-135.2928,69.3079],[-135.255,69.3238],[-135.2298,69.4252],[-135.199,69.4496],[-135.1408,69.4678],[-134.8529,69.4859],[-134.4938,69.4679],[-134.4568,69.4776],[-134.4912,69.5453],[-134.4954,69.5719],[-134.4737,69.6328],[-134.4515,69.6655],[-134.4089,69.6818],[-134.242,69.6688],[-134.1899,69.6388],[-134.134,69.5873],[-134.0775,69.5579],[-133.9,69.5282],[-133.8798,69.5077],[-133.9475,69.4295],[-134.0184,69.3885],[-134.165,69.2806],[-134.1743,69.2528],[-133.948,69.3013],[-133.694,69.3684],[-133.4759,69.4054],[-133.2937,69.4122],[-133.1631,69.4339],[-133.0844,69.4707],[-133.0283,69.5083],[-132.9153,69.6296],[-132.8403,69.6507],[-132.5268,69.6433],[-132.4523,69.6469],[-132.4039,69.6587],[-132.4127,69.6741],[-132.479,69.6929],[-132.5684,69.6981],[-132.5706,69.7067],[-132.5375,69.7266],[-132.4885,69.7381],[-132.334,69.7518],[-132.2324,69.7082],[-132.1634,69.705],[-131.9341,69.7535],[-131.5818,69.8821],[-131.4409,69.9179],[-131.3189,69.9242],[-131.2159,69.9008],[-131.1364,69.9069],[-131.0318,69.9795],[-130.9906,70.0181],[-130.9262,70.0516],[-130.6655,70.1271],[-130.4984,70.1432],[-130.3964,70.1292],[-130.275,70.098],[-130.175,70.0859],[-130.0433,70.0951],[-129.945,70.0909],[-129.898,70.1062],[-129.7301,70.1921],[-129.6756,70.193],[-129.623,70.1676],[-129.5384,70.1052],[-129.5382,70.0739],[-129.6483,69.9978],[-130.4588,69.78],[-130.7085,69.686],[-130.8321,69.6515],[-130.9601,69.632],[-131.208,69.6158],[-131.3063,69.5966],[-131.4729,69.5795],[-131.8628,69.5494],[-131.9378,69.5347],[-131.9888,69.5176],[-132.1288,69.4023],[-132.1968,69.3647],[-132.3308,69.308],[-132.4812,69.2731],[-132.6867,69.2599],[-132.8175,69.2058],[-132.968,69.1014],[-133.0895,69.0288],[-133.2282,68.9671],[-133.379,68.8867],[-133.4183,68.8443],[-133.3734,68.7885],[-133.3484,68.7699],[-133.1968,68.7398],[-133.138,68.7466],[-133.1922,68.7765],[-133.3195,68.8197],[-133.3367,68.8353],[-133.304,68.8474],[-132.706,68.8149],[-132.5776,68.8478],[-132.5327,68.8756],[-132.5422,68.8899],[-132.7043,68.8959],[-132.7391,68.9225],[-132.7647,68.9725],[-132.7701,69.0122],[-132.7555,69.0416],[-132.7189,69.0792],[-132.5452,69.1406],[-132.3581,69.1669],[-132.214,69.2017],[-132.1344,69.2345],[-131.9196,69.2905],[-131.8334,69.336],[-131.7869,69.3713],[-131.7811,69.3889],[-131.8202,69.4016],[-131.7884,69.432],[-131.6318,69.4591],[-131.5629,69.4614],[-131.3429,69.4354],[-131.303,69.4151],[-131.3247,69.3612],[-131.2939,69.3637],[-131.209,69.4322],[-131.1617,69.455],[-131.1128,69.4595],[-131.0634,69.4507],[-131.0134,69.4287],[-130.9863,69.3629],[-130.982,69.2533],[-130.9707,69.2091],[-130.9143,69.2849],[-130.875,69.32],[-130.6607,69.4813],[-130.516,69.5697],[-130.3536,69.6558],[-130.1176,69.7201],[-129.5721,69.8267],[-129.2648,69.8554],[-129.1091,69.8819],[-129.0329,69.905],[-128.9843,69.9334],[-128.8989,69.9662],[-128.8837,69.9635],[-128.9168,69.8949],[-128.9386,69.875],[-129.1383,69.8325],[-129.1579,69.8001],[-129.1362,69.75],[-129.1017,69.717],[-129.0543,69.7011],[-128.9714,69.7124],[-128.853,69.751],[-128.7055,69.8102],[-128.3867,69.9602],[-128.3592,69.9876],[-128.2786,70.1081],[-128.0959,70.1613],[-127.7649,70.2219],[-127.6838,70.2604],[-127.974,70.2929],[-128.0342,70.3153],[-128.0437,70.3288],[-127.9889,70.3631],[-128.1215,70.3974],[-128.1701,70.4185],[-128.1681,70.4798],[-128.1273,70.5238],[-128.0405,70.5664],[-127.991,70.5738],[-127.8616,70.5491],[-127.7528,70.5171],[-127.3769,70.3688],[-127.226,70.2961],[-127.1385,70.2394],[-126.9268,70.0617],[-126.8335,69.9591],[-126.7587,69.8534],[-126.6849,69.7771],[-126.6122,69.7303],[-126.2504,69.5453],[-126.0638,69.4671],[-125.9074,69.4186],[-125.7278,69.38],[-125.525,69.3516],[-125.3868,69.3492],[-125.1719,69.428],[-125.1668,69.4798],[-125.2616,69.5662],[-125.3569,69.626],[-125.3455,69.6625],[-125.2194,69.7324],[-125.2279,69.7567],[-125.2012,69.8288],[-125.114,69.815],[-125.0796,69.8178],[-125.031,69.8443],[-124.9683,69.8944],[-124.8892,69.9358],[-124.7937,69.9685],[-124.7679,69.99],[-124.8626,70.0055],[-124.92,70.0056],[-124.9626,70.0126],[-124.9904,70.0266],[-124.9524,70.0417],[-124.7451,70.0802],[-124.7063,70.117],[-124.6399,70.1415],[-124.555,70.1512],[-124.5026,70.1411],[-124.4445,70.1106],[-124.4415,70.0619],[-124.4672,69.9826],[-124.4719,69.9185],[-124.4069,69.7674],[-124.3494,69.7345],[-124.1246,69.69],[-124.1385,69.6532],[-124.3984,69.4938],[-124.4539,69.4548],[-124.4813,69.4251],[-124.4721,69.4],[-124.4262,69.3794],[-124.3381,69.3648],[-124.1117,69.3589],[-124.0497,69.3729],[-123.6091,69.3774],[-123.5284,69.3894],[-123.4604,69.42],[-123.3615,69.4966],[-123.249,69.52],[-123.2137,69.5415],[-123.1445,69.6325],[-123.1104,69.7381],[-123.0766,69.7825],[-123.0258,69.81],[-122.9567,69.8188],[-122.7854,69.8084],[-122.7049,69.8174],[-122.3875,69.8084],[-122.0701,69.8162],[-121.7418,69.7975],[-121.5311,69.7758],[-121.3362,69.7416],[-120.9625,69.6604],[-120.8146,69.6168],[-120.2925,69.4206],[-120.14,69.3806],[-119.8528,69.3423],[-118.8687,69.2572],[-118.7449,69.2343],[-118.4856,69.1449],[-118.307,69.0927],[-118.0952,69.0429],[-117.8303,68.9999],[-117.3113,68.9349],[-117.227,68.9134],[-117.1317,68.9071],[-117.0257,68.916],[-116.55,68.8788],[-116.4246,68.8806],[-116.3341,68.8736],[-116.2227,68.8468],[-116.0595,68.837],[-116.0652,68.8554],[-116.2516,68.9579],[-116.2434,68.9741],[-116.1667,68.9753],[-115.9361,68.9581],[-115.8833,68.9873],[-115.8063,68.9866],[-115.6312,68.9726],[-115.4423,68.9409],[-115.2398,68.8918],[-114.9938,68.85],[-114.6202,68.7461],[-114.4139,68.6596],[-114.2182,68.5521],[-114.1108,68.4773],[-114.092,68.4354],[-114.0511,68.4146],[-113.9882,68.415],[-113.9644,68.3991],[-114.0208,68.3065],[-114.0532,68.2834],[-114.0959,68.2668],[-114.2748,68.2479],[-114.7653,68.2702],[-114.8522,68.1953],[-115.1271,68.132],[-115.1759,68.1044],[-115.1868,68.0842],[-115.1671,68.0186],[-115.2019,67.9984],[-115.4269,67.9235],[-115.4345,67.9023],[-115.2885,67.8717],[-115.1332,67.8192],[-115.0112,67.8064],[-114.8567,67.8136],[-114.6629,67.7952],[-114.4294,67.7512],[-114.267,67.7312],[-114.1757,67.735],[-114.0511,67.7269],[-113.8932,67.7069],[-113.6819,67.7],[-113.215,67.7018],[-113.075,67.6867],[-112.8794,67.6799],[-112.503,67.6819],[-112.4352,67.6848],[-112.3146,67.7196],[-112.2367,67.7311],[-112.1013,67.7317],[-111.7109,67.7573],[-111.5757,67.7568],[-111.4507,67.7762],[-111.2908,67.8152],[-111.1922,67.8226],[-111.1548,67.7982],[-111.0874,67.7876],[-110.99,67.7908],[-110.8049,67.8323],[-110.372,67.9542],[-110.2163,67.954],[-110.102,67.9922],[-110.0739,67.9929],[-110.0425,67.9772],[-109.9365,67.8879],[-109.9042,67.8735],[-109.8313,67.8658],[-109.7602,67.8201],[-109.686,67.7518],[-109.6304,67.7327],[-109.2243,67.7298],[-109.0812,67.7107],[-109.038,67.6912],[-108.9945,67.6371],[-108.9677,67.5324],[-108.9499,67.4939],[-108.891,67.4381],[-108.852,67.422],[-108.8152,67.4375],[-108.7151,67.5828],[-108.6802,67.6062],[-108.6133,67.598],[-108.5929,67.5909],[-108.4915,67.4833],[-108.347,67.4034],[-107.9887,67.2564],[-107.9305,67.2025],[-107.9092,67.1625],[-107.9294,67.1268],[-107.9913,67.0952],[-108.0884,67.0698],[-108.2208,67.0506],[-108.3443,67.0575],[-108.4591,67.0904],[-108.496,67.0923],[-108.4553,67.063],[-108.2182,66.9413],[-108.1577,66.8926],[-108.1015,66.8604],[-108.0496,66.8443],[-108.0018,66.818],[-107.958,66.7813],[-107.7609,66.6837],[-107.7049,66.6371],[-107.4803,66.4918],[-107.3737,66.4347],[-107.2914,66.4018],[-107.2595,66.3985],[-107.2781,66.4249],[-107.5645,66.6185],[-107.7104,66.74],[-107.7309,66.7692],[-107.7402,66.8138],[-107.746,66.9615],[-107.7251,66.9841],[-107.6262,67.0031],[-107.4992,66.9362],[-107.4513,66.9268],[-107.4188,66.9307],[-107.4021,66.948],[-107.3292,66.932],[-107.2002,66.8826],[-107.1565,66.8817],[-107.2538,66.9764],[-107.3233,67.0226],[-107.3479,67.0548],[-107.2832,67.1033],[-107.3185,67.1278],[-107.4824,67.1991],[-107.5675,67.273],[-107.644,67.3848],[-107.6509,67.4282],[-107.6384,67.4742],[-107.6499,67.5113],[-107.753,67.5869],[-107.8651,67.6392],[-107.9541,67.7],[-107.9721,67.732],[-107.9584,67.8186],[-107.8909,67.8563],[-107.7631,67.9068],[-107.7286,67.9588],[-107.7875,68.0125],[-107.7983,68.0369],[-107.761,68.0322],[-107.5094,68.0591],[-107.4462,68.0497],[-107.3511,68.0612],[-107.2241,68.0938],[-107.1248,68.1084],[-106.9937,68.1063],[-106.9226,68.1142],[-106.8356,68.1286],[-106.7907,68.1448],[-106.711,68.2068],[-106.6684,68.216],[-106.5349,68.2093],[-106.4595,68.1957],[-106.4243,68.2006],[-106.4295,68.2885],[-106.4044,68.3193],[-106.2712,68.3832],[-106.1321,68.3899],[-106.0393,68.4073],[-105.9331,68.4431],[-105.8569,68.4751],[-105.7812,68.5266],[-105.7502,68.5923],[-105.7743,68.6111],[-105.9322,68.6365],[-106.0271,68.6233],[-106.2373,68.5766],[-106.4581,68.5165],[-106.5433,68.4606],[-106.5666,68.389],[-106.6085,68.3574],[-106.7804,68.3873],[-106.8537,68.3868],[-106.9458,68.3744],[-107.0433,68.3468],[-107.1462,68.3042],[-107.2981,68.2964],[-107.4991,68.3235],[-107.6193,68.3311],[-107.7415,68.2857],[-107.7342,68.2521],[-107.6776,68.2029],[-107.7342,68.1737],[-108.0272,68.1629],[-108.1046,68.1693],[-108.261,68.1499],[-108.3228,68.1541],[-108.3679,68.1775],[-108.6866,68.2773],[-108.7181,68.2975],[-108.6409,68.3785],[-108.3458,68.5978],[-108.3135,68.6108],[-107.7664,68.6489],[-107.4359,68.6889],[-106.8307,68.8095],[-106.7135,68.8195],[-106.3243,68.8995],[-106.1645,68.9199],[-106.0157,68.9061],[-105.7979,68.8648],[-105.6856,68.8282],[-105.6061,68.7824],[-105.5398,68.7187],[-105.4569,68.5781],[-105.4286,68.4583],[-105.3774,68.4138],[-105.195,68.3304],[-105.1013,68.298],[-105.0436,68.2879],[-104.9938,68.3074],[-104.9598,68.3105],[-104.9367,68.303],[-104.912,68.2505],[-104.8794,68.2453],[-104.7696,68.2518],[-104.6532,68.2301],[-104.6364,68.2139],[-104.6611,68.1488],[-104.6282,68.1215],[-104.4868,68.0632],[-104.3507,68.0412],[-104.1936,68.0312],[-103.9016,68.0411],[-103.6572,68.0691],[-103.4741,68.115],[-103.3232,68.0638],[-103.0218,67.9402],[-102.8416,67.8527],[-102.692,67.8116],[-102.3891,67.7622],[-102.3204,67.7356],[-102.2098,67.7327],[-102.0572,67.7533],[-101.8836,67.7453],[-101.6889,67.7086],[-101.555,67.6932],[-101.0964,67.7624],[-101.0264,67.7657],[-100.8556,67.799],[-100.7456,67.8091],[-100.6161,67.8083],[-100.5196,67.8184],[-100.4561,67.8395],[-100.2129,67.8386],[-99.7729,67.8148],[-99.4723,67.7841],[-99.2936,67.7453],[-99.1469,67.7236],[-99.0322,67.7188],[-98.9205,67.7258],[-98.8117,67.7444],[-98.6973,67.7797],[-98.4528,67.7979],[-98.4121,67.8072],[-98.4171,67.8265],[-98.4678,67.8558],[-98.6065,67.9114],[-98.7036,67.9657],[-98.7222,68.0002],[-98.7201,68.042],[-98.6898,68.0661],[-98.6315,68.0726],[-98.5398,68.0466],[-98.4148,67.9884],[-98.0625,67.7697],[-97.9776,67.7386],[-97.9308,67.7108],[-97.6074,67.6311],[-97.4549,67.617],[-97.2743,67.6663],[-97.1944,67.6969],[-97.1554,67.7264],[-97.1572,67.7548],[-97.1398,67.7962],[-97.1581,67.8219],[-97.2065,67.8551],[-97.3361,67.9014],[-97.5466,67.9607],[-97.7391,67.9782],[-97.9133,67.9536],[-98.1105,67.903],[-98.1925,67.923],[-98.4384,68.0647],[-98.5003,68.1177],[-98.5002,68.1323],[-98.3861,68.1153],[-98.3809,68.1325],[-98.4492,68.2008],[-98.4913,68.2236],[-98.633,68.3312],[-98.6505,68.3635],[-98.5623,68.3709],[-98.5222,68.3834],[-98.4686,68.3821],[-98.2186,68.3174],[-98.0905,68.3463],[-97.7942,68.3876],[-97.911,68.4495],[-97.9389,68.5104],[-97.9251,68.5237],[-97.8286,68.5328],[-97.6396,68.482],[-97.548,68.475],[-97.4811,68.4952],[-97.4104,68.4965],[-97.3358,68.4792],[-97.2659,68.4529],[-97.136,68.378],[-97.0718,68.3329],[-96.9996,68.2649],[-96.9767,68.2554],[-96.6282,68.2503],[-96.4307,68.3106],[-96.435,68.2901],[-96.4802,68.2428],[-96.7251,68.0612],[-96.7221,68.0388],[-96.5922,68.0484],[-96.5313,68.0631],[-96.4937,68.085],[-96.4612,68.1358],[-96.4394,68.1509],[-96.0756,68.2365],[-95.9703,68.2491],[-96.036,68.1578],[-96.1713,67.8317],[-96.1988,67.7178],[-96.2285,67.6792],[-96.3714,67.5539],[-96.3691,67.5098],[-96.2128,67.4043],[-96.185,67.3756],[-96.1692,67.289],[-96.1415,67.2718],[-96.0126,67.2709],[-95.8791,67.2985],[-95.7199,67.3168],[-95.6952,67.2987],[-95.7825,67.1938],[-95.7777,67.1846],[-95.6264,67.2116],[-95.557,67.2153],[-95.5287,67.2092],[-95.4159,67.1556],[-95.4046,67.1156],[-95.407,67.0561],[-95.4189,67.0132],[-95.457,66.9895],[-95.5022,66.9799],[-95.5594,66.9728],[-95.6106,66.9757],[-95.7687,66.9667],[-95.8618,66.9782],[-95.9541,67.0109],[-96.0195,67.0187],[-96.0955,66.9936],[-96.2156,66.9977],[-96.3504,67.07],[-96.4042,67.0632],[-96.4226,67.0518],[-96.4203,67.0362],[-96.3595,66.9894],[-95.8853,66.7414],[-95.8133,66.6901],[-95.7974,66.6166],[-95.7875,66.6168],[-95.7432,66.6904],[-95.7721,66.7261],[-96.0161,66.8705],[-96.0454,66.9231],[-96.0369,66.9375],[-95.9724,66.9522],[-95.625,66.9163],[-95.4904,66.9241],[-95.3997,66.9495],[-95.3541,66.9807],[-95.3211,67.1525],[-95.2587,67.2625],[-95.2956,67.361],[-95.3896,67.5178],[-95.4634,67.6102],[-95.6337,67.7039],[-95.6505,67.7375],[-95.4607,68.0214],[-95.4265,68.0453],[-95.3841,68.0556],[-95.2347,68.0597],[-95.1259,68.0833],[-94.9552,68.0503],[-94.861,68.0417],[-94.7444,68.0709],[-94.4853,68.1901],[-94.3838,68.227],[-94.2548,68.2968],[-94.0981,68.3994],[-93.9277,68.4738],[-93.6517,68.5431],[-93.483,68.5989],[-93.4489,68.6189],[-93.6058,68.6237],[-93.6439,68.6331],[-93.6762,68.686],[-93.6599,68.7837],[-93.6628,68.8382],[-93.6814,68.8873],[-93.7158,68.9311],[-93.7657,68.9696],[-93.8113,68.9927],[-93.8524,69.0003],[-93.8807,68.9968],[-93.8961,68.9822],[-93.9381,68.8891],[-93.9916,68.8206],[-94.0649,68.7848],[-94.2169,68.7605],[-94.4783,68.7428],[-94.5868,68.7755],[-94.6004,68.8032],[-94.5625,68.9117],[-94.4756,68.9582],[-94.2366,69.0498],[-94.0836,69.1231],[-94.0812,69.1358],[-94.2218,69.1364],[-94.2554,69.1515],[-94.285,69.2416],[-94.2768,69.2752],[-94.2547,69.3138],[-94.1563,69.3417],[-93.8544,69.3764],[-93.6195,69.417],[-93.6126,69.4028],[-93.801,69.2809],[-93.8205,69.2526],[-93.7485,69.2261],[-93.5675,69.2969],[-93.4506,69.3552],[-93.431,69.375],[-93.5371,69.3823],[-93.5429,69.4064],[-93.5224,69.4507],[-93.5323,69.4809],[-93.6498,69.519],[-93.7944,69.4979],[-93.9151,69.4577],[-94.0153,69.4467],[-94.1632,69.4459],[-94.2708,69.4551],[-94.3381,69.4743],[-94.4192,69.517],[-94.5139,69.5834],[-94.6338,69.6497],[-94.6763,69.6569],[-94.7127,69.6494],[-94.7893,69.5854],[-94.8225,69.5778],[-95.2921,69.6674],[-95.4913,69.7176],[-95.5876,69.7557],[-95.7074,69.7782],[-95.8507,69.7851],[-95.9649,69.8028],[-96.0501,69.8312],[-96.1191,69.8719],[-96.1718,69.925],[-96.2694,69.9918],[-96.4924,70.1249],[-96.5514,70.2103],[-96.5596,70.243],[-96.5456,70.3272],[-96.3366,70.4702],[-96.2977,70.5114],[-96.2264,70.5417],[-96.1228,70.5612],[-96.0481,70.5671],[-95.8786,70.549],[-95.9802,70.5932],[-95.9882,70.6168],[-95.8863,70.6943],[-95.9064,70.6978],[-96.1864,70.6383],[-96.258,70.6423],[-96.3589,70.6787],[-96.5489,70.8087],[-96.5511,70.8897],[-96.4913,71.0023],[-96.4704,71.0697],[-96.5248,71.1271],[-96.5044,71.1432],[-96.4455,71.1592],[-96.4208,71.1765],[-96.4466,71.2399],[-96.4057,71.2736],[-96.2713,71.3391],[-96.1396,71.3964],[-96.062,71.4139],[-95.9944,71.4106],[-95.9241,71.3931],[-95.8509,71.3611],[-95.7254,71.3282],[-95.6326,71.3188],[-95.5643,71.3368],[-95.4475,71.4601],[-95.4062,71.4917],[-95.4454,71.5054],[-95.6742,71.5041],[-95.7734,71.5143],[-95.8304,71.5261],[-95.8723,71.5731],[-95.8377,71.5982],[-95.6159,71.6854],[-95.5117,71.7768],[-95.2012,71.9037],[-94.887,71.9634],[-94.7349,71.983],[-94.6111,71.9869],[-94.5571,71.979],[-94.4911,71.9155],[-94.4788,71.8486],[-94.3084,71.7649],[-94.1712,71.7584],[-94.086,71.7711],[-93.8102,71.7663],[-93.7463,71.7428],[-93.7509,71.7167],[-93.7816,71.6743],[-93.7628,71.638],[-93.5759,71.5687],[-93.4075,71.5207],[-93.2563,71.4608],[-93.0313,71.3357],[-92.9826,71.3003],[-92.9487,71.2621],[-92.8902,71.1224],[-92.8827,71.0693],[-92.9042,70.9161],[-92.922,70.8871],[-92.9814,70.8522],[-92.9609,70.8381],[-92.783,70.7981],[-92.6417,70.7188],[-92.5675,70.6932],[-92.3885,70.6504],[-92.3558,70.6343],[-92.3154,70.6075],[-92.2145,70.4929],[-92.0491,70.3896],[-92.0372,70.3674],[-92.0726,70.3187],[-92.0474,70.3033],[-91.9835,70.2855],[-91.9262,70.2948],[-91.8755,70.3312],[-91.8204,70.3417],[-91.7608,70.3263],[-91.7156,70.2992],[-91.6541,70.233],[-91.5641,70.1783],[-91.5716,70.1616],[-91.6161,70.1479],[-91.8586,70.1327],[-91.995,70.1432],[-92.121,70.1699],[-92.2086,70.1975],[-92.2903,70.2398],[-92.3205,70.2354],[-92.3633,70.2008],[-92.4547,70.1504],[-92.5119,70.1039],[-92.4458,70.0832],[-92.127,70.0845],[-92.0577,70.0714],[-91.9767,70.0387],[-92.069,69.984],[-92.2848,69.8921],[-92.7509,69.7139],[-92.8878,69.6682],[-92.8545,69.6549],[-92.8026,69.6515],[-92.6428,69.6593],[-92.4935,69.6832],[-92.3117,69.6729],[-92.2308,69.6534],[-92.2583,69.6343],[-92.2091,69.6033],[-91.912,69.5312],[-91.7241,69.5456],[-91.5324,69.615],[-91.3842,69.6495],[-91.2018,69.6448],[-91.1509,69.6372],[-91.1703,69.6203],[-91.305,69.5813],[-91.4269,69.5379],[-91.4399,69.5257],[-91.2881,69.5432],[-90.9502,69.5155],[-90.7857,69.5086],[-90.6667,69.5155],[-90.5549,69.5045],[-90.4505,69.4754],[-90.4156,69.457],[-90.5133,69.4451],[-90.6056,69.4453],[-90.684,69.4277],[-90.7485,69.3925],[-90.7946,69.3467],[-90.8221,69.2905],[-90.8923,69.2673],[-91.005,69.2771],[-91.0492,69.293],[-91.0249,69.3152],[-91.0578,69.3184],[-91.1479,69.3026],[-91.218,69.3021],[-91.2372,69.2855],[-90.7448,69.1059],[-90.5873,68.9469],[-90.479,68.8812],[-90.4684,68.8638],[-90.539,68.8196],[-90.5425,68.786],[-90.5102,68.6889],[-90.5252,68.6113],[-90.5736,68.4747],[-90.5283,68.4322],[-90.423,68.3947],[-90.3601,68.3467],[-90.3172,68.3303],[-90.2853,68.2917],[-90.2478,68.2674],[-90.2048,68.2575],[-90.1744,68.2702],[-90.1568,68.3055],[-90.1164,68.3386],[-90.0053,68.398],[-89.8977,68.4908],[-89.8795,68.5215],[-89.8966,68.5944],[-89.8842,68.6256],[-89.7831,68.7359],[-89.7508,68.8125],[-89.7202,68.9316],[-89.6666,69.0146],[-89.552,69.0849],[-89.3519,69.227],[-89.2795,69.2555],[-89.1985,69.2695],[-89.0567,69.2661],[-88.9535,69.2204],[-88.8146,69.1359],[-88.6377,69.0588],[-88.3155,68.9544],[-88.2235,68.915],[-88.0414,68.8117],[-87.9644,68.7093],[-87.9115,68.5647],[-87.866,68.4776],[-87.8277,68.4481],[-87.8103,68.4042],[-87.8136,68.3457],[-87.8279,68.3],[-87.8533,68.2669],[-87.8927,68.2481],[-87.991,68.242],[-88.1111,68.2512],[-88.1458,68.266],[-88.2091,68.3349],[-88.2353,68.3391],[-88.347,68.2883],[-88.3607,68.2599],[-88.3196,68.1658],[-88.3251,67.9888],[-88.3138,67.9503],[-88.1959,67.7658],[-87.9972,67.6257],[-87.4991,67.3553],[-87.4708,67.3246],[-87.4179,67.2142],[-87.3919,67.1911],[-87.3594,67.1772],[-87.3203,67.1729],[-87.2663,67.1838],[-87.0832,67.2678],[-86.9239,67.3563],[-86.8128,67.4024],[-86.7499,67.4061],[-86.682,67.4223],[-86.6094,67.4508],[-86.5608,67.4821],[-86.5364,67.5162],[-86.5035,67.6495],[-86.4755,67.7131],[-86.398,67.8001],[-86.3697,67.8248],[-85.9845,68.0454],[-85.9526,68.0725],[-85.7889,68.328],[-85.7311,68.445],[-85.7228,68.5155],[-85.7449,68.5783],[-85.7338,68.6301],[-85.6898,68.6709],[-85.6432,68.6997],[-85.5625,68.7288],[-85.5178,68.7698],[-85.4911,68.774],[-85.425,68.7743],[-85.3381,68.7463],[-85.2751,68.7414],[-84.8676,68.7733],[-84.8675,68.7904],[-85.1066,68.844],[-85.1043,68.8709],[-85.0834,68.9079],[-85.0083,68.9492],[-84.9161,68.9623],[-84.8953,68.9885],[-84.8927,69.021],[-84.8622,69.074],[-84.89,69.0928],[-85.1135,69.1659],[-85.2426,69.1627],[-85.2755,69.1723],[-85.3868,69.2319],[-85.4275,69.3184],[-85.4319,69.3539],[-85.4164,69.4109],[-85.4022,69.4268],[-85.4092,69.4525],[-85.4372,69.4882],[-85.4395,69.5199],[-85.416,69.5478],[-85.4301,69.5807],[-85.482,69.6188],[-85.5024,69.6515],[-85.4479,69.7481],[-85.4461,69.7778],[-85.4975,69.819],[-85.5348,69.8351],[-85.5074,69.8453],[-85.4151,69.8495],[-85.305,69.8361],[-85.1768,69.8051],[-85.0198,69.8048],[-84.834,69.8351],[-84.6451,69.8497],[-84.3188,69.8437],[-84.2417,69.835],[-83.9172,69.7454],[-83.6653,69.6997],[-83.5517,69.704],[-82.9914,69.6859],[-82.7456,69.6951],[-82.6184,69.6911],[-82.3742,69.6418],[-82.3902,69.6009],[-82.4957,69.5322],[-82.6333,69.5181],[-82.7548,69.4944],[-82.642,69.4584],[-82.3099,69.41],[-82.2318,69.3326],[-82.2082,69.297],[-82.2468,69.265],[-82.2275,69.2489],[-82.1505,69.2489],[-81.9518,69.2761],[-81.7322,69.2581],[-81.4123,69.1981],[-81.3778,69.1856],[-81.3216,69.1389],[-81.3287,69.1199],[-81.6114,69.003],[-81.7583,68.9567],[-81.9517,68.9091],[-81.9579,68.8836],[-81.6869,68.879],[-81.476,68.8656],[-81.3809,68.85],[-81.3313,68.828],[-81.2635,68.7806],[-81.2525,68.7432],[-81.2591,68.6924],[-81.2815,68.6572],[-81.5269,68.556],[-81.6395,68.5244],[-81.8314,68.4869],[-81.9148,68.4588],[-82.0065,68.4626],[-82.1063,68.4985],[-82.2102,68.5062],[-82.3972,68.4776],[-82.4987,68.4786],[-82.5486,68.4686],[-82.5527,68.4465],[-82.4642,68.3824],[-82.413,68.3572],[-82.3929,68.3383],[-82.4307,68.3066],[-82.4227,68.2966],[-82.3925,68.2853],[-82.2224,68.1453],[-82.1866,68.1344],[-82.1513,68.1397],[-82.0776,68.1797],[-82.0339,68.1959],[-82.0125,68.1939],[-82.0134,68.1734],[-82.0919,68.0515],[-82.1021,68.0189],[-82.1005,67.9898],[-82.0625,67.9282],[-81.9765,67.862],[-81.8693,67.8025],[-81.7086,67.7224],[-81.4928,67.6369],[-81.4123,67.5954],[-81.2943,67.4974],[-81.2701,67.4599],[-81.3011,67.357],[-81.3872,67.1886],[-81.4427,67.0929],[-81.4676,67.0699],[-81.6301,67.002],[-81.7224,66.9861],[-81.8745,66.9879],[-81.9255,66.9747],[-82.0051,66.9204],[-82.1132,66.8251],[-82.1983,66.7646],[-82.2605,66.7391],[-82.3748,66.7094],[-82.5537,66.6214],[-82.6415,66.5875],[-82.9489,66.5508],[-83.1988,66.4315],[-83.2984,66.3921],[-83.4064,66.3712],[-83.5231,66.3688],[-83.5903,66.3878],[-83.6284,66.4607],[-83.6511,66.4846],[-83.7392,66.5344],[-83.9202,66.6791],[-83.998,66.7285],[-84.05,66.7395],[-84.1544,66.7317],[-84.208,66.7363],[-84.3244,66.7818],[-84.3663,66.8111],[-84.3611,66.8226],[-84.2726,66.8392],[-84.3104,66.8627],[-84.4661,66.9274],[-84.5307,66.9613],[-84.5385,66.9728],[-84.6926,67.0166],[-84.8458,67.0287],[-85.04,66.9561],[-85.1137,66.9069],[-85.1113,66.8909],[-85.0183,66.8721],[-84.978,66.8812],[-84.899,66.9266],[-84.8574,66.9407],[-84.7377,66.9336],[-84.6386,66.9023],[-84.6025,66.8751],[-84.5895,66.8566],[-84.3189,66.7118],[-84.223,66.6825],[-84.1831,66.6479],[-84.1527,66.5902],[-84.0942,66.5262],[-83.9642,66.4206],[-83.8258,66.29],[-83.7976,66.2385],[-83.869,66.2136],[-83.9051,66.2118],[-84.0117,66.2312],[-84.2931,66.2918],[-84.3243,66.2907],[-84.3984,66.2587],[-84.4594,66.1862],[-84.4784,66.1793],[-84.6281,66.2077],[-84.9084,66.2713],[-85.0962,66.3253],[-85.1915,66.3697],[-85.3068,66.4403],[-85.4422,66.5374],[-85.6039,66.5683],[-85.7917,66.533],[-86.0632,66.5204],[-86.6332,66.5313],[-86.7082,66.523],[-86.7371,66.5109],[-86.6886,66.4575],[-86.7001,66.4428],[-86.7384,66.4329],[-86.747,66.4171],[-86.6851,66.3604],[-86.5848,66.3219],[-86.301,66.2699],[-86.1131,66.2253],[-86.0008,66.1868],[-85.9643,66.1544],[-85.9587,66.119],[-86.0123,66.0485],[-86.0429,66.0226],[-86.702,65.6706],[-86.9532,65.5283],[-87.0811,65.4408],[-87.1938,65.3831],[-87.2915,65.3548],[-87.4529,65.339],[-87.6781,65.3354],[-87.97,65.3489],[-88.121,65.3946],[-88.3949,65.5162],[-88.5867,65.5876],[-88.6725,65.6116],[-88.7439,65.6788],[-88.8085,65.6916],[-88.9461,65.703],[-89.0877,65.739],[-89.4204,65.8608],[-89.5927,65.9093],[-89.7494,65.936],[-89.8905,65.9408],[-89.944,65.9336],[-89.8478,65.8723],[-89.8897,65.8686],[-90.0038,65.8826],[-90.1166,65.8824],[-90.3163,65.9264],[-90.5133,65.9205],[-90.6555,65.9293],[-90.8257,65.9539],[-91.0095,65.9657],[-91.3055,65.9646],[-91.4115,65.9594],[-91.4272,65.9479],[-91.2852,65.8944],[-91.0411,65.8298],[-91.0736,65.8855],[-91.0649,65.8999],[-90.9834,65.9192],[-90.5968,65.8848],[-90.1586,65.8127],[-90.0476,65.8056],[-89.9241,65.7803],[-89.788,65.7367],[-89.6004,65.6478],[-89.2417,65.4464],[-89.1266,65.3956],[-88.974,65.3483],[-88.1978,65.2799],[-87.9295,65.2803],[-87.3919,65.2605],[-87.108,65.2248],[-87.0275,65.1981],[-87.0027,65.1086],[-87.0285,65.0636],[-87.1829,64.9268],[-87.2805,64.8262],[-87.885,64.4004],[-87.9636,64.3025],[-87.9976,64.2439],[-88.1056,64.1833],[-88.379,64.0893],[-88.653,64.0094],[-88.8177,63.9922],[-88.9644,64.0112],[-89.0596,64.0344],[-89.2006,64.1138],[-89.2094,64.1054],[-89.1077,63.9811],[-89.1315,63.9685],[-89.2146,63.9841],[-89.4035,64.04],[-89.4647,64.0297],[-89.5009,64.0145],[-89.5513,64.0148],[-89.6158,64.0306],[-89.7327,64.077],[-89.7638,64.0995],[-89.7921,64.1683],[-89.8113,64.1806],[-90.0417,64.1409],[-90.08,64.1277],[-89.9856,64.1002],[-89.9536,64.0806],[-89.8606,63.9788],[-89.8557,63.957],[-89.9219,63.9436],[-90.1419,63.982],[-90.1682,63.9788],[-90.0596,63.8775],[-90.018,63.8293],[-90.0134,63.8043],[-90.1547,63.6896],[-90.2453,63.6419],[-90.3688,63.6244],[-90.4462,63.6362],[-90.5335,63.6654],[-90.5964,63.6613],[-90.635,63.6238],[-90.7068,63.5969],[-90.8119,63.5809],[-90.9457,63.5878],[-91.1081,63.6178],[-91.5388,63.7256],[-91.6747,63.7422],[-91.926,63.7571],[-91.956,63.7723],[-91.9538,63.7868],[-91.9194,63.8006],[-91.9289,63.8125],[-91.9822,63.8224],[-92.0376,63.813],[-92.0949,63.7844],[-92.1952,63.776],[-92.3384,63.7876],[-92.5501,63.8295],[-92.9702,63.9376],[-93.4297,64.0288],[-93.6963,64.1472],[-93.5967,64.0406],[-93.6049,64.0045],[-93.6558,63.9728],[-93.6642,63.9414],[-93.5598,63.8653],[-93.4156,63.838],[-93.2702,63.8409],[-93.2662,63.8533],[-93.3269,63.8723],[-93.3803,63.9],[-93.4059,63.9412],[-93.3785,63.9485],[-93.2504,63.9269],[-93.1659,63.9018],[-92.5292,63.7612],[-92.3392,63.7349],[-92.1965,63.7078],[-92.1569,63.6917],[-92.205,63.6568],[-92.461,63.5694],[-92.4651,63.5551],[-92.2896,63.563],[-92.0766,63.64],[-91.9568,63.6756],[-91.8418,63.6976],[-91.686,63.6597],[-91.4893,63.5622],[-91.3301,63.5068],[-91.1031,63.4759],[-90.9701,63.4428],[-90.7466,63.3516],[-90.7113,63.3041],[-90.6907,63.1105],[-90.6986,63.0639],[-90.7276,63.0175],[-90.7779,62.9716],[-90.8712,62.9459],[-91.0077,62.9404],[-91.1149,62.9216],[-91.3495,62.8189],[-91.449,62.8041],[-91.8696,62.8347],[-92.0342,62.8634],[-92.1101,62.8617],[-92.1521,62.8391],[-92.1961,62.8288],[-92.3613,62.8194],[-92.3881,62.8009],[-92.3777,62.7724],[-92.3453,62.7338],[-92.3052,62.7117],[-92.2432,62.6836],[-92.1491,62.6653],[-91.9559,62.6448],[-91.9358,62.5924],[-91.9444,62.5755],[-92.0079,62.5405],[-92.0812,62.5441],[-92.2072,62.5854],[-92.2695,62.587],[-92.3241,62.5646],[-92.4,62.5572],[-92.4974,62.5648],[-92.5514,62.5467],[-92.5622,62.5029],[-92.595,62.4701],[-92.7074,62.4182],[-92.768,62.38],[-92.766,62.35],[-92.7015,62.3282],[-92.6274,62.2791],[-92.544,62.2023],[-92.528,62.1684],[-92.5792,62.1773],[-92.6481,62.2078],[-92.7348,62.2597],[-92.8658,62.3062],[-93.1544,62.3668],[-93.2054,62.3649],[-93.1792,62.3496],[-92.9878,62.2859],[-92.9145,62.245],[-92.9055,62.2151],[-93.0659,62.1498],[-93.0703,62.1278],[-93.0277,62.1086],[-93.0163,62.0927],[-93.0734,62.0605],[-93.1675,62.0336],[-93.3498,62.0298],[-93.3664,62.0146],[-93.2969,61.9816],[-93.2734,61.9611],[-93.3331,61.9329],[-93.372,61.929],[-93.5818,61.942],[-93.5267,61.8716],[-93.4942,61.8469],[-93.4299,61.8121],[-93.3144,61.7798],[-93.312,61.7673],[-93.3523,61.7396],[-93.4206,61.7058],[-93.7097,61.6025],[-93.9127,61.4814],[-93.9409,61.4437],[-93.8893,61.3641],[-93.8888,61.344],[-93.942,61.308],[-94.0607,61.3178],[-94.0834,61.3037],[-94.0552,61.2662],[-94.05,61.2113],[-94.0678,61.1389],[-94.1541,61.0254],[-94.3087,60.871],[-94.4272,60.7307],[-94.5094,60.6045],[-94.5689,60.542],[-94.6788,60.5377],[-94.7617,60.4982],[-94.7053,60.4775],[-94.6707,60.4533],[-94.6468,60.4164],[-94.6704,60.3011],[-94.7416,60.1074],[-94.7858,59.9533],[-94.7767,59.4781],[-94.7883,59.2679],[-94.8195,59.1513],[-94.8703,59.088],[-94.9573,59.0688],[-94.8466,59.0503],[-94.7762,59.0206],[-94.7438,58.9754],[-94.7134,58.9033],[-94.6734,58.8701],[-94.6237,58.8757],[-94.5792,58.8685],[-94.5397,58.8484],[-94.4192,58.7455],[-94.2871,58.716],[-94.2808,58.6589],[-94.3326,58.3391],[-94.3322,58.2974],[-94.2722,58.378],[-94.2089,58.6264],[-94.1232,58.7367],[-94.0558,58.76],[-93.78,58.7726],[-93.4862,58.7445],[-93.375,58.741],[-93.2781,58.7564],[-93.1788,58.7256],[-93.1546,58.6946],[-93.1265,58.5644],[-93.1002,58.4898],[-92.9251,58.2245],[-92.8417,58.0759],[-92.7398,57.844],[-92.7017,57.7778],[-92.4896,57.4686],[-92.4494,57.3849],[-92.4328,57.3203],[-92.4398,57.275],[-92.4784,57.2053],[-92.5485,57.1109],[-92.6141,57.039],[-92.6752,56.9896],[-92.738,56.9526],[-92.8024,56.9283],[-92.7981,56.922],[-92.7253,56.9335],[-92.651,56.9583],[-92.5103,57.0223],[-92.4563,57.0367],[-92.3034,57.0459],[-92.2983,57.0228],[-92.3721,56.9751],[-92.3557,56.9706],[-92.249,57.009],[-92.018,57.0638],[-91.1113,57.2412],[-90.8975,57.2569],[-90.5922,57.2245],[-90.3448,57.1491],[-90.0752,57.0519],[-89.7908,56.9813],[-89.3423,56.9154],[-89.2116,56.8838],[-88.9485,56.8513],[-88.8265,56.8143],[-88.6799,56.725],[-88.4471,56.6087],[-88.2713,56.5357],[-88.0751,56.4673],[-87.8781,56.3416],[-87.5609,56.0563],[-87.4824,56.0213],[-87.2869,55.9747],[-86.9194,55.9146],[-86.377,55.7732],[-86.1387,55.7179],[-85.9845,55.6959],[-85.8305,55.6569],[-85.6767,55.6011],[-85.5593,55.5402],[-85.4785,55.4743],[-85.4073,55.4312],[-85.2827,55.3833],[-85.218,55.349],[-85.212,55.2975],[-85.362,55.0955],[-85.3653,55.0793],[-85.2136,55.2244],[-85.1289,55.2662],[-85.0609,55.2856],[-84.9199,55.2833],[-84.7058,55.2592],[-84.518,55.2589],[-84.3565,55.2825],[-84.2189,55.2931],[-84.1054,55.2908],[-84.023,55.2978],[-83.9718,55.3142],[-83.9106,55.3146],[-83.6677,55.2645],[-83.5695,55.2618],[-83.2144,55.2146],[-82.9863,55.2314],[-82.947,55.2222],[-82.8678,55.1607],[-82.8007,55.1559],[-82.6875,55.1655],[-82.5774,55.1487],[-82.3933,55.0678],[-82.3083,54.9981],[-82.2266,54.8559],[-82.2194,54.8135],[-82.3706,54.4835],[-82.4181,54.3558],[-82.4242,54.2446],[-82.3941,54.1805],[-82.2636,54.073],[-82.2399,54.0448],[-82.1626,53.8857],[-82.1415,53.8176],[-82.15,53.7396],[-82.1906,53.6109],[-82.1804,53.5128],[-82.1462,53.3646],[-82.1592,53.2642],[-82.2192,53.2115],[-82.2599,53.1598],[-82.2916,53.0661],[-82.2916,53.0307],[-82.2604,52.9611],[-82.2027,52.9217],[-82.108,52.8774],[-82.02,52.8116],[-81.8593,52.6514],[-81.7423,52.5636],[-81.5994,52.4326],[-81.5717,52.3673],[-81.6115,52.3241],[-81.6612,52.2939],[-81.7764,52.2536],[-81.8279,52.2242],[-81.8146,52.2172],[-81.648,52.2391],[-81.5495,52.2368],[-81.4662,52.2045],[-81.3981,52.1422],[-81.2851,52.0892],[-81.1272,52.0454],[-80.9685,51.9722],[-80.7055,51.7983],[-80.658,51.7584],[-80.588,51.6672],[-80.4959,51.5251],[-80.4476,51.4322],[-80.4433,51.3886],[-80.4955,51.3447],[-80.6727,51.2647],[-80.8512,51.125],[-80.795,51.1318],[-80.6772,51.1909],[-80.4783,51.3073],[-80.368,51.3299],[-80.2657,51.3164],[-80.1036,51.2829],[-79.9604,51.2352],[-79.8362,51.1733],[-79.6515,51.0078],[-79.4562,50.8756],[-79.3479,50.7626],[-79.3807,50.8345],[-79.4526,50.9173],[-79.6362,51.049],[-79.7145,51.1176],[-79.7314,51.1505],[-79.7375,51.1863],[-79.7232,51.2517],[-79.6888,51.3466],[-79.643,51.4135],[-79.5857,51.4524],[-79.5475,51.4938],[-79.528,51.5377],[-79.4976,51.5699],[-79.3387,51.6282],[-79.297,51.6228],[-79.2643,51.552],[-79.2261,51.5373],[-79.1527,51.5262],[-79.0909,51.5017],[-79.0405,51.4638],[-79.005,51.4253],[-78.9843,51.3864],[-78.9369,51.2591],[-78.9032,51.2003],[-78.8975,51.2717],[-78.858,51.3839],[-78.8274,51.43],[-78.7313,51.4975],[-78.7364,51.5266],[-78.7763,51.5658],[-78.9777,51.7338],[-78.9816,51.7746],[-78.9279,51.7988],[-78.8911,51.8451],[-78.8712,51.9134],[-78.8282,51.963],[-78.702,52.0327],[-78.5933,52.1397],[-78.5374,52.2133],[-78.4917,52.2521],[-78.4481,52.2614],[-78.5131,52.2911],[-78.5261,52.3107],[-78.5291,52.3992],[-78.5571,52.4919],[-78.6006,52.5351],[-78.7238,52.6277],[-78.7441,52.6554],[-78.7658,52.7601],[-78.7536,52.8124],[-78.7217,52.8564],[-78.7398,52.899],[-78.8541,52.9761],[-78.8982,53.0434],[-78.9471,53.2062],[-78.992,53.4104],[-79.0431,53.5605],[-79.1003,53.6566],[-79.1131,53.7172],[-79.0814,53.7423],[-79.0403,53.818],[-79.0032,53.8366],[-78.9457,53.8316],[-78.9444,53.8402],[-79.032,53.8811],[-79.0751,53.9324],[-79.0733,53.9514],[-78.996,54.0025],[-79.0099,54.024],[-79.0671,54.052],[-79.2418,54.0989],[-79.1788,54.1169],[-79.1388,54.1572],[-79.1467,54.1692],[-79.216,54.1857],[-79.2957,54.2168],[-79.3562,54.2634],[-79.4306,54.3366],[-79.476,54.3948],[-79.5207,54.4916],[-79.5979,54.6017],[-79.6317,54.6291],[-79.6704,54.6468],[-79.714,54.655],[-79.7124,54.6718],[-79.6655,54.6975],[-78.9092,54.8815],[-78.8462,54.908],[-78.475,55.011],[-78.3036,55.0686],[-78.1289,55.1513],[-77.8911,55.2364],[-77.7753,55.2913],[-77.7021,55.3442],[-77.325,55.5555],[-77.1651,55.6635],[-77.0726,55.7563],[-76.9381,55.8672],[-76.7618,55.9964],[-76.6505,56.1072],[-76.6041,56.1996],[-76.5464,56.3588],[-76.5298,56.5],[-76.5196,56.707],[-76.5256,56.8918],[-76.5729,57.1812],[-76.6014,57.2723],[-76.6554,57.3806],[-76.7863,57.5986],[-76.8098,57.658],[-76.8909,57.7581],[-77.1568,58.0189],[-77.4892,58.1953],[-77.5524,58.2396],[-77.6841,58.2914],[-77.8841,58.3507],[-78.0136,58.3992],[-78.3517,58.5807],[-78.463,58.6024],[-78.5059,58.6491],[-78.5151,58.6824],[-78.5023,58.7691],[-78.4826,58.8291],[-78.4587,58.8733],[-78.4305,58.9018],[-78.2444,59.0351],[-78.1402,59.1417],[-78.0677,59.2002],[-77.9876,59.2455],[-77.8428,59.305],[-77.7607,59.38],[-77.7794,59.4104],[-77.8447,59.4435],[-77.859,59.4758],[-77.749,59.5582],[-77.7335,59.581],[-77.7475,59.6585],[-77.7262,59.6759],[-77.5904,59.6805],[-77.3967,59.5692],[-77.3491,59.579],[-77.411,59.6096],[-77.4853,59.6846],[-77.4746,59.7157],[-77.3316,59.7966],[-77.3276,59.8334],[-77.3684,59.8844],[-77.3729,59.9251],[-77.2892,60.022],[-77.3118,60.0424],[-77.5472,60.0611],[-77.5859,60.0882],[-77.5722,60.101],[-77.4614,60.1335],[-77.4529,60.1458],[-77.6486,60.3625],[-77.6814,60.4271],[-77.5981,60.5067],[-77.5036,60.5427],[-77.5156,60.5632],[-77.6395,60.5669],[-77.715,60.5778],[-77.7908,60.6398],[-77.7612,60.6791],[-77.7342,60.697],[-77.6606,60.7895],[-77.5896,60.8086],[-77.603,60.8252],[-77.8715,60.7858],[-77.9981,60.8182],[-78.1225,60.8096],[-78.1813,60.8191],[-78.1597,60.8522],[-77.9342,61.0026],[-77.8301,61.084],[-77.765,61.1575],[-77.7306,61.2064],[-77.7268,61.2307],[-77.7496,61.393],[-77.7362,61.4374],[-77.6489,61.4787],[-77.5144,61.5563],[-77.6984,61.6264],[-77.8138,61.6948],[-77.8899,61.7287],[-77.9476,61.7619],[-78.0214,61.8321],[-78.0775,61.9234],[-78.1372,62.1074],[-78.147,62.2087],[-78.1334,62.2823],[-78.1086,62.3181],[-78.0681,62.3554],[-77.8999,62.4266],[-77.604,62.5314],[-77.3724,62.5725],[-77.2053,62.55],[-76.8794,62.5254],[-76.6164,62.4657],[-75.8169,62.3159],[-75.6755,62.2495],[-75.8092,62.1934],[-75.7898,62.1796],[-75.4888,62.2864],[-75.4092,62.3071],[-75.3412,62.3121],[-75.114,62.2708],[-75.0228,62.2645],[-74.9076,62.23],[-74.6326,62.1157],[-74.6129,62.1252],[-74.6899,62.1834],[-74.6458,62.2111],[-74.4292,62.2718],[-74.2055,62.3214],[-74.0465,62.37],[-73.8778,62.4344],[-73.764,62.4688],[-73.7051,62.4731],[-73.63,62.4542],[-73.4284,62.3688],[-73.299,62.325],[-73.1952,62.2792],[-73.0494,62.1982],[-72.9924,62.1804],[-72.8818,62.1254],[-72.735,62.1311],[-72.687,62.1246],[-72.6708,62.1139],[-72.646,62.0766],[-72.6331,62.0528],[-72.6321,62.0272],[-72.666,61.9553],[-72.7716,61.8404],[-72.7274,61.8386],[-72.6606,61.8632],[-72.5739,61.9071],[-72.5056,61.9227],[-72.3607,61.8878],[-72.2261,61.8316],[-72.1785,61.8018],[-72.1261,61.7532],[-72.0814,61.7283],[-72.04,61.6803],[-72.043,61.6647],[-72.082,61.6414],[-72.2471,61.6021],[-72.2159,61.5873],[-72.0231,61.612],[-71.9644,61.6363],[-71.9223,61.677],[-71.8661,61.6885],[-71.6383,61.6172],[-71.6048,61.5924],[-71.6194,61.5729],[-71.6562,61.5509],[-71.7558,61.5268],[-71.841,61.466],[-71.8544,61.4398],[-71.7937,61.4212],[-71.6453,61.4131],[-71.6464,61.3987],[-71.7321,61.3721],[-71.7435,61.3373],[-71.5515,61.2133],[-71.4227,61.1589],[-71.3484,61.149],[-71.1751,61.1465],[-71.035,61.1255],[-70.7232,61.0552],[-70.5408,61.0425],[-70.3836,61.064],[-70.2793,61.0687],[-70.1872,61.0405],[-70.158,61.0207],[-70.1441,60.9811],[-70.1459,60.9218],[-70.0953,60.8803],[-69.9924,60.8565],[-69.9092,60.8601],[-69.8004,60.9067],[-69.7084,60.9146],[-69.6776,60.9496],[-69.6504,61.0142],[-69.6236,61.0495],[-69.557,61.0597],[-69.5033,61.0404],[-69.4719,61.0109],[-69.4144,60.9225],[-69.3983,60.8829],[-69.4047,60.8468],[-69.4334,60.8143],[-69.4899,60.7796],[-69.5742,60.7427],[-69.6405,60.6898],[-69.7214,60.5674],[-69.7513,60.4875],[-69.7595,60.4402],[-69.7559,60.3885],[-69.7406,60.3323],[-69.7085,60.2859],[-69.6331,60.2204],[-69.6288,60.1986],[-69.6231,60.1455],[-69.6298,60.1221],[-69.6737,60.0759],[-69.7957,60.0297],[-69.9628,60.0178],[-70.5093,60.0152],[-70.6548,60.0262],[-70.6197,59.9843],[-70.4667,59.9708],[-70.3269,59.9714],[-69.8057,59.9449],[-69.7339,59.918],[-69.6734,59.8708],[-69.6302,59.8218],[-69.5874,59.7223],[-69.5794,59.6751],[-69.6023,59.6227],[-69.6562,59.5651],[-69.6924,59.4884],[-69.7109,59.3925],[-69.6819,59.3417],[-69.4,59.3378],[-69.344,59.3031],[-69.3504,59.2772],[-69.4505,59.18],[-69.4598,59.1524],[-69.4141,59.0869],[-69.4203,59.0682],[-69.4481,59.0492],[-69.4747,59],[-69.5001,58.9207],[-69.5316,58.8692],[-69.6082,58.8295],[-69.6484,58.8208],[-69.6773,58.8313],[-69.753,58.9396],[-69.7842,58.9557],[-69.8137,58.9456],[-69.8285,58.9288],[-69.8286,58.9054],[-69.8416,58.8812],[-69.8676,58.8562],[-69.9792,58.8164],[-70.16,58.7894],[-70.1543,58.7606],[-70.033,58.7452],[-69.8786,58.697],[-69.7899,58.6893],[-69.6505,58.7283],[-69.3818,58.8507],[-69.2711,58.8839],[-69.1735,58.8966],[-69.0636,58.8982],[-68.9415,58.8889],[-68.6982,58.9045],[-68.6373,58.8929],[-68.5629,58.8659],[-68.4749,58.8235],[-68.4143,58.7827],[-68.3812,58.7435],[-68.3265,58.5954],[-68.253,58.5566],[-68.2352,58.5282],[-68.2294,58.4846],[-68.2339,58.3992],[-68.3147,58.2269],[-68.3565,58.1632],[-68.4682,58.0763],[-68.5969,58.0369],[-68.8258,57.9999],[-68.9453,57.9688],[-69.0354,57.926],[-69.0408,57.9025],[-68.781,57.9758],[-68.4951,58.0117],[-68.4136,58.0518],[-68.3519,58.0907],[-68.2891,58.1777],[-68.1755,58.4026],[-68.111,58.4733],[-68.021,58.4853],[-67.9812,58.4612],[-67.8878,58.3294],[-67.8883,58.2958],[-67.9114,58.2672],[-68.0639,58.139],[-68.009,58.1521],[-67.8559,58.2726],[-67.8233,58.3103],[-67.8052,58.3655],[-67.756,58.4046],[-67.7371,58.3854],[-67.6897,58.2438],[-67.6882,58.1402],[-67.6806,58.107],[-67.6977,58.0087],[-67.6783,57.9911],[-67.6322,58.0761],[-67.6172,58.1403],[-67.5963,58.1861],[-67.5696,58.2135],[-67.382,58.3],[-67.1628,58.3704],[-67.0194,58.4329],[-66.9004,58.4628],[-66.7222,58.491],[-66.6079,58.5489],[-66.5577,58.6366],[-66.515,58.6973],[-66.48,58.7309],[-66.3624,58.7912],[-66.2985,58.7945],[-66.2374,58.7723],[-66.1682,58.7271],[-66.0909,58.659],[-66.0446,58.6056],[-66.0295,58.5668],[-66.017,58.4308],[-66.0024,58.4312],[-65.9313,58.5351],[-65.9229,58.572],[-65.9279,58.6109],[-65.9497,58.6499],[-66.0213,58.7348],[-66.0494,58.7879],[-66.0431,58.8207],[-65.967,58.8392],[-65.8548,58.8466],[-65.8359,58.8605],[-65.9184,58.8956],[-65.9207,58.9146],[-65.8414,58.9771],[-65.7948,58.9805],[-65.7036,58.9706],[-65.7219,59.0026],[-65.721,59.0238],[-65.6953,59.032],[-65.544,59.0119],[-65.5263,59.0362],[-65.3962,59.0384],[-65.3835,59.0602],[-65.496,59.0913],[-65.6063,59.1107],[-65.6398,59.1277],[-65.6656,59.1528],[-65.7,59.2133],[-65.6917,59.2294],[-65.6607,59.2297],[-65.6071,59.2131],[-65.578,59.245],[-65.5453,59.3197],[-65.5128,59.3504],[-65.4117,59.315],[-65.4073,59.3302],[-65.4894,59.4478],[-65.4751,59.4703],[-65.3497,59.4788],[-65.2738,59.4642],[-65.0743,59.378],[-65.0382,59.3879],[-65.0688,59.4115],[-65.1709,59.4623],[-65.2632,59.4955],[-65.3455,59.511],[-65.4074,59.5394],[-65.4752,59.6168],[-65.4865,59.6487],[-65.4809,59.6902],[-65.4334,59.7765],[-65.4062,59.7952],[-65.3579,59.8091],[-65.2888,59.8181],[-65.2123,59.8095],[-65.0545,59.7528],[-65.0282,59.7707],[-65.1133,59.8016],[-65.1592,59.8301],[-65.1814,59.8666],[-65.1717,59.908],[-65.1049,59.9934],[-65.0734,60.0622],[-64.9313,60.252],[-64.8896,60.2865],[-64.845,60.3083],[-64.8173,60.3311],[-64.7059,60.3361],[-64.4994,60.2683],[-64.4363,60.2281],[-64.4196,60.1714],[-64.5277,60.0945],[-64.7133,60.0372],[-64.7685,60.0121],[-64.7326,59.9976],[-64.5592,60.0434],[-64.4077,60.0648],[-64.2835,60.0641],[-64.1829,59.9729],[-64.1688,59.8465],[-64.2263,59.7412],[-64.1507,59.7936],[-64.0561,59.8226],[-63.9787,59.7537],[-63.9695,59.6976],[-63.9288,59.6449],[-63.8413,59.5744],[-63.7502,59.5126],[-63.8504,59.4478],[-63.9707,59.4091],[-63.9455,59.3802],[-63.7809,59.3493],[-63.7586,59.3187],[-63.7759,59.2771],[-63.752,59.2773],[-63.6375,59.3415],[-63.5399,59.3329],[-63.4151,59.1944],[-63.5062,59.1152],[-63.6455,59.0789],[-63.7564,59.0635],[-63.9105,59.0656],[-63.9711,59.0538],[-63.941,59.0274],[-63.7937,59.027],[-63.5679,59.047],[-63.399,59.0796],[-63.3255,59.0816],[-63.2484,59.0683],[-63.2225,59.0572],[-63.3037,59.0344],[-63.3099,59.0265],[-63.2794,59.0032],[-63.2164,58.928],[-63.2219,58.911],[-63.2821,58.8674],[-63.1854,58.8578],[-63.0503,58.8782],[-63.0084,58.8554],[-62.9261,58.765],[-62.8739,58.6725],[-63.1023,58.5458],[-63.2187,58.5195],[-63.3899,58.4525],[-63.4379,58.3988],[-63.5371,58.3299],[-63.4736,58.3307],[-63.2965,58.4412],[-63.21,58.4669],[-63.1455,58.4604],[-63.1195,58.4417],[-63.1321,58.4108],[-63.0757,58.4148],[-62.8374,58.4794],[-62.7373,58.4922],[-62.6079,58.4964],[-62.5938,58.474],[-62.6743,58.3192],[-62.8121,58.2004],[-63.0628,58.1271],[-63.1517,58.0842],[-63.2615,58.0147],[-63.22,58.0021],[-62.9809,58.0933],[-62.8175,58.1292],[-62.5881,58.1581],[-62.4862,58.1541],[-62.3057,57.9723],[-62.2015,57.9546],[-62.1174,57.9641],[-61.9586,57.9118],[-61.8991,57.8613],[-61.9141,57.825],[-61.9678,57.8033],[-61.9949,57.7694],[-61.9312,57.6686],[-61.968,57.6119],[-62.084,57.5619],[-62.1669,57.5366],[-62.2536,57.5288],[-62.3386,57.4845],[-62.3771,57.478],[-62.4956,57.4892],[-62.455,57.462],[-62.3965,57.4482],[-62.3032,57.4407],[-62.1942,57.4546],[-62.0881,57.4528],[-61.9211,57.4208],[-61.8511,57.3813],[-61.8498,57.3704],[-61.8858,57.3479],[-61.9389,57.2744],[-61.9774,57.2479],[-61.9445,57.2281],[-61.8608,57.1976],[-61.7983,57.1862],[-61.7163,57.1962],[-61.6285,57.1832],[-61.3337,57.0106],[-61.3458,56.9216],[-61.3905,56.853],[-61.3728,56.7758],[-61.3716,56.6808],[-61.5317,56.6546],[-62.0625,56.6991],[-62.3661,56.767],[-62.3817,56.7877],[-62.2958,56.8328],[-62.372,56.8362],[-62.4602,56.8185],[-62.4973,56.8017],[-62.3955,56.73],[-62.1165,56.6668],[-61.9916,56.5908],[-61.8549,56.5843],[-61.8134,56.5705],[-61.7377,56.526],[-61.7601,56.5107],[-61.8994,56.5054],[-62.0097,56.4539],[-61.9404,56.4236],[-61.6925,56.3971],[-61.5146,56.3903],[-61.4253,56.3606],[-61.4987,56.3276],[-61.7071,56.2887],[-61.7131,56.231],[-61.5586,56.2078],[-61.4211,56.2218],[-61.3647,56.216],[-61.3244,56.0762],[-61.3011,56.0472],[-61.4489,56.0224],[-61.4495,55.9957],[-61.3513,55.9737],[-61.1879,55.9554],[-61.1339,55.9303],[-61.123,55.8886],[-61.0894,55.8664],[-60.9958,55.8624],[-60.8927,55.9142],[-60.8318,55.9579],[-60.7433,55.9415],[-60.7366,55.887],[-60.631,55.825],[-60.5926,55.8148],[-60.5621,55.727],[-60.4758,55.8051],[-60.4126,55.7886],[-60.341,55.7847],[-60.3654,55.7091],[-60.4083,55.6496],[-60.352,55.6124],[-60.3083,55.557],[-60.1924,55.4809],[-60.224,55.4444],[-60.3609,55.3663],[-60.4331,55.2428],[-60.4501,55.2],[-60.5205,55.129],[-60.6171,55.0602],[-60.5565,55.0675],[-60.3408,55.1939],[-60.2125,55.2364],[-59.9303,55.2594],[-59.8621,55.2949],[-59.7588,55.3096],[-59.6955,55.2691],[-59.6891,55.1963],[-59.6055,55.1733],[-59.5177,55.1974],[-59.4379,55.1759],[-59.4858,55.1302],[-59.7417,54.9426],[-59.8164,54.8672],[-59.8378,54.814],[-59.7499,54.887],[-59.4286,55.0555],[-59.3942,55.0807],[-59.3242,55.1528],[-59.2596,55.2],[-59.0863,55.1833],[-58.9971,55.1495],[-58.9558,55.0551],[-58.8858,54.9522],[-58.7802,54.8384],[-58.4999,54.7831],[-58.3981,54.7741],[-58.2229,54.8127],[-58.1953,54.8659],[-58.0585,54.8822],[-57.9625,54.8757],[-57.9293,54.7731],[-57.8269,54.7187],[-57.7249,54.6737],[-57.6266,54.6503],[-57.483,54.6403],[-57.4045,54.5909],[-57.4044,54.5704],[-57.4854,54.5175],[-57.5632,54.4404],[-57.6993,54.3866],[-57.8891,54.3841],[-58.1514,54.3504],[-58.1619,54.32],[-58.2197,54.2865],[-58.3591,54.2533],[-58.4352,54.2281],[-58.5584,54.103],[-58.6332,54.0496],[-58.7194,54.0394],[-58.8408,54.0445],[-58.9202,54.0331],[-58.9785,54.0103],[-59.0126,53.9763],[-59.0388,53.9636],[-59.2014,53.9291],[-59.4965,53.8342],[-59.6527,53.8312],[-59.7495,53.8423],[-59.823,53.8344],[-59.8733,53.8078],[-60.0142,53.7616],[-60.0565,53.7334],[-60.0813,53.701],[-60.1005,53.6342],[-60.1173,53.6101],[-60.1449,53.5961],[-60.2633,53.6101],[-60.3954,53.6533],[-60.3695,53.6075],[-60.1603,53.53],[-60.1003,53.487],[-60.1571,53.4498],[-60.2903,53.3915],[-60.3058,53.3601],[-60.2512,53.3436],[-60.2727,53.3171],[-60.3457,53.289],[-60.3375,53.2774],[-60.3295,53.2661],[-60.1483,53.3065],[-59.9871,53.3928],[-59.8817,53.4801],[-59.8291,53.5045],[-59.6211,53.5368],[-59.4981,53.5748],[-59.3223,53.6437],[-59.1294,53.7439],[-58.9196,53.8753],[-58.6521,53.9779],[-58.3267,54.0518],[-58.0881,54.0895],[-57.936,54.0912],[-57.9283,54.1036],[-58.0648,54.1268],[-58.1774,54.1313],[-58.3175,54.1145],[-58.3608,54.1545],[-58.3562,54.1719],[-58.31,54.2017],[-58.1921,54.2282],[-57.6149,54.1911],[-57.4161,54.1627],[-57.1989,53.9244],[-57.149,53.8477],[-57.135,53.7918],[-57.1569,53.7569],[-57.244,53.7155],[-57.4895,53.6331],[-57.5241,53.6114],[-57.5273,53.5999],[-57.4202,53.5833],[-57.3861,53.5605],[-57.3317,53.4691],[-57.2214,53.5285],[-57.0122,53.6726],[-56.8409,53.7395],[-56.6966,53.7577],[-56.5243,53.7665],[-56.465,53.765],[-56.4443,53.7183],[-56.354,53.6245],[-56.2702,53.6001],[-56.1102,53.5876],[-55.9661,53.4711],[-55.9112,53.3908],[-55.8594,53.3439],[-55.8634,53.3123],[-55.8548,53.2858],[-55.8169,53.2458],[-55.7979,53.212],[-55.8082,53.1347],[-55.8923,53.0004],[-55.8299,52.8784],[-55.8579,52.8234],[-55.8725,52.7357],[-55.8187,52.6771],[-55.8028,52.6432],[-55.8484,52.6233],[-56.167,52.5748],[-56.2924,52.5738],[-56.3249,52.5445],[-56.2284,52.536],[-56.0526,52.5374],[-55.8402,52.5076],[-55.7465,52.4746],[-55.706,52.4283],[-55.7162,52.3915],[-55.7771,52.3643],[-55.8967,52.3696],[-56.0117,52.3945],[-56.0046,52.3704],[-55.8336,52.3104],[-55.7835,52.2799],[-55.6911,52.2416],[-55.6728,52.1901],[-55.6952,52.1378],[-56.0175,51.9293],[-56.2826,51.7971],[-56.5486,51.681],[-56.976,51.4577],[-57.0183,51.4468],[-57.0956,51.4425],[-57.2992,51.4783],[-57.4617,51.4691],[-57.7696,51.4259],[-57.8538,51.3995],[-58.0227,51.3221],[-58.0894,51.311],[-58.2705,51.2952],[-58.4423,51.3059],[-58.5104,51.2951],[-58.5933,51.2571],[-58.6147,51.2371],[-58.6376,51.1717],[-59.0549,50.8791],[-59.1654,50.7799],[-59.378,50.6754],[-59.6119,50.4921],[-59.8153,50.4183],[-59.8863,50.3164],[-60.0802,50.2546],[-60.4381,50.2389],[-60.6082,50.2211],[-60.8072,50.2498],[-60.9563,50.2054],[-61.1807,50.1915],[-61.2897,50.202],[-61.7249,50.1041],[-61.8354,50.197],[-61.9195,50.2329],[-62.1652,50.2389],[-62.3617,50.2773],[-62.5409,50.2845],[-62.7154,50.3017],[-62.8302,50.3015],[-62.9498,50.2914],[-63.1356,50.2938],[-63.2386,50.2426],[-63.5867,50.2582],[-63.7336,50.3046],[-63.854,50.3144],[-64.0158,50.304],[-64.1704,50.2694],[-64.5089,50.3089],[-64.8679,50.2755],[-65.1809,50.2979],[-65.2686,50.32],[-65.7625,50.2593],[-65.9554,50.2941],[-66.1255,50.201],[-66.2422,50.2204],[-66.3688,50.2066],[-66.4111,50.2243],[-66.4955,50.2119],[-66.55,50.1612],[-66.6217,50.1554],[-66.7409,50.0655],[-66.9412,49.9937],[-67.2344,49.6018],[-67.2619,49.4512],[-67.372,49.3484],[-67.4692,49.3346],[-67.5493,49.3323],[-68.0563,49.2568],[-68.2819,49.1972],[-68.2206,49.1497],[-68.2945,49.1144],[-68.4144,49.0995],[-68.5438,49.0562],[-68.6279,49.0072],[-68.669,48.9395],[-68.9291,48.829],[-69.2308,48.5736],[-69.375,48.3864],[-69.5501,48.2508],[-69.6739,48.1992],[-69.7619,48.1912],[-69.8517,48.2074],[-70.001,48.2709],[-70.1106,48.278],[-70.3837,48.3665],[-71.0183,48.4556],[-70.9226,48.4223],[-70.8388,48.3674],[-70.6711,48.3532],[-70.5006,48.3543],[-70.1453,48.2436],[-69.9712,48.2058],[-69.8655,48.1723],[-69.775,48.0981],[-69.8398,47.9526],[-69.9056,47.8322],[-69.9944,47.7399],[-70.3001,47.503],[-70.448,47.4234],[-70.7059,47.1398],[-70.9727,47.0067],[-71.1156,46.925],[-71.2678,46.7959],[-71.6248,46.6984],[-71.7573,46.6736],[-71.8796,46.6868],[-72.0285,46.6074],[-72.2046,46.5589],[-72.2566,46.4851],[-72.6801,46.2873],[-72.8427,46.2624],[-72.981,46.2097],[-73.0219,46.1203],[-73.1454,46.0663],[-73.1797,46.025],[-73.2835,45.8999],[-73.4766,45.7382],[-73.7119,45.7112],[-73.7979,45.6549],[-73.8974,45.5642],[-74.0378,45.5019],[-74.3151,45.5311],[-74.2477,45.4929],[-73.9996,45.4333],[-73.9738,45.3451],[-74.0981,45.324],[-74.3583,45.2064],[-74.7089,45.0039],[-74.7625,44.9991],[-74.8566,45.0039],[-74.9961,44.9701],[-75.1794,44.8994],[-75.4013,44.7723],[-75.7919,44.4971],[-75.8193,44.468],[-75.8759,44.417],[-76.0202,44.3626],[-76.1512,44.304],[-76.1858,44.2422],[-76.2485,44.2141],[-76.4646,44.0576],[-76.5861,43.9243],[-76.6965,43.7848],[-76.82,43.6288],[-77.0733,43.6269],[-77.2667,43.6275],[-77.5965,43.6286],[-77.8792,43.6295],[-78.2148,43.6307],[-78.4583,43.6315],[-78.7204,43.625],[-78.8456,43.5834],[-79.0025,43.5271],[-79.1719,43.4666],[-79.0831,43.3314],[-79.0592,43.2781],[-79.0661,43.1061],[-79.048,43.0873],[-79.0291,43.0618],[-79.0262,43.0173],[-79.0117,42.997],[-78.9808,42.9806],[-78.946,42.9613],[-78.9209,42.9352],[-78.9151,42.9091],[-78.9393,42.8637],[-79.0367,42.8023],[-79.1737,42.7485],[-79.4462,42.6515],[-79.762,42.539],[-80.0357,42.4415],[-80.2476,42.366],[-80.6826,42.2998],[-81.0282,42.2472],[-81.2776,42.2092],[-81.5073,42.1035],[-81.7609,41.9868],[-81.9742,41.8887],[-82.2133,41.7787],[-82.4391,41.6749],[-82.69,41.6752],[-82.8662,41.753],[-83.03,41.833],[-83.1419,41.9759],[-83.1497,42.1419],[-83.1095,42.2507],[-83.0731,42.3003],[-83.0037,42.3317],[-82.8678,42.3852],[-82.7442,42.4935],[-82.6451,42.5581],[-82.5453,42.6247],[-82.4883,42.7395],[-82.4172,43.0174],[-82.4082,43.0727],[-82.3048,43.2632],[-82.1904,43.4741],[-82.1378,43.5709],[-82.1966,43.8222],[-82.2408,44.0153],[-82.2812,44.1922],[-82.3268,44.3916],[-82.3683,44.573],[-82.4074,44.7439],[-82.4466,44.9155],[-82.4851,45.0837],[-82.5152,45.2044],[-82.5511,45.3474],[-82.7604,45.4477],[-82.9193,45.518],[-83.1793,45.6328],[-83.3973,45.7291],[-83.5927,45.8171],[-83.4695,45.9947],[-83.4801,46.0237],[-83.5248,46.0587],[-83.616,46.1168],[-83.6693,46.1228],[-83.7632,46.1091],[-83.913,46.0729],[-83.9778,46.0849],[-84.0292,46.147],[-84.0884,46.2265],[-84.1078,46.2886],[-84.1152,46.3708],[-84.1505,46.4448],[-84.1281,46.4836],[-84.1232,46.5029],[-84.1252,46.5272],[-84.1495,46.5428],[-84.1922,46.5496],[-84.3367,46.5185],[-84.4017,46.5156],[-84.4405,46.4981],[-84.5016,46.4619],[-84.5618,46.4574],[-84.6658,46.5433],[-84.7794,46.6373],[-84.8271,46.7668],[-84.876,46.8999],[-85.0701,46.9799],[-85.2641,47.06],[-85.4582,47.1399],[-85.6522,47.22],[-85.8463,47.3],[-86.0404,47.38],[-86.2345,47.4601],[-86.4286,47.5401],[-86.4956,47.5666],[-86.6722,47.6364],[-86.9218,47.7352],[-87.208,47.8485],[-87.4942,47.9618],[-87.7439,48.0605],[-87.9205,48.1304],[-87.9875,48.1569],[-88.1606,48.2254],[-88.3782,48.3031],[-88.6118,48.264],[-88.8987,48.1557],[-89.0626,48.0938],[-89.1856,48.0474],[-89.2732,48.02],[-89.4557,47.9962],[-89.5506,47.9999],[-89.7754,48.0153],[-89.901,47.9955],[-89.9937,48.0153],[-90.0399,48.0782],[-90.0918,48.1181],[-90.3201,48.0992],[-90.6071,48.1126],[-90.7444,48.1046],[-90.7973,48.1311],[-90.8403,48.2005],[-90.9161,48.2091],[-91.0435,48.1937],[-91.2207,48.1046],[-91.3872,48.0585],[-91.5183,48.0583],[-91.6473,48.1046],[-91.8584,48.1976],[-92.0052,48.3019],[-92.1718,48.3384],[-92.2987,48.3289],[-92.3484,48.2766],[-92.4146,48.2766],[-92.4609,48.3659],[-92.5006,48.4354],[-92.5833,48.4651],[-92.7327,48.5318],[-92.8367,48.5678],[-92.9962,48.6118],[-93.0517,48.6199],[-93.1552,48.6253],[-93.258,48.6289],[-93.3779,48.6166],[-93.4636,48.5613],[-93.5643,48.5369],[-93.7077,48.5254],[-93.8036,48.5489],[-93.8516,48.6073],[-94.0552,48.659],[-94.4142,48.7041],[-94.6209,48.7426],[-94.6753,48.7744],[-94.7051,48.8085],[-94.7125,48.863],[-94.7128,48.8634],[-94.8035,49.0029],[-94.8426,49.1192],[-94.8604,49.2586],[-94.8543,49.3046],[-94.8748,49.319],[-94.9394,49.3494],[-95.1553,49.3697],[-95.1583,49.2031],[-95.1621,48.9917],[-95.3979,48.9932],[-95.8243,48.9932],[-96.2507,48.9932],[-96.6771,48.9932],[-97.1035,48.9932],[-97.5298,48.9932],[-97.9562,48.9932],[-98.3826,48.9932],[-98.809,48.9932],[-99.2354,48.9931],[-99.6617,48.9931],[-100.0881,48.9931],[-100.5145,48.9931],[-100.9409,48.9931],[-101.3673,48.9931],[-101.7937,48.9931],[-102.22,48.9931],[-102.6464,48.9931],[-103.0728,48.9931],[-103.4992,48.9931],[-103.9256,48.9931],[-104.352,48.9931],[-104.7783,48.9931],[-105.2047,48.9931],[-105.6311,48.9931],[-106.0575,48.9931],[-106.4838,48.9931],[-106.9103,48.9931],[-107.3366,48.9931],[-107.763,48.9931],[-108.1894,48.9931],[-108.6158,48.9931],[-109.0421,48.9931],[-109.4686,48.9931],[-109.8949,48.9931],[-110.3213,48.9931],[-110.7477,48.9931],[-111.1741,48.9931],[-111.6004,48.9931],[-112.0268,48.9931],[-112.4532,48.9931],[-112.8796,48.9931],[-113.306,48.9931],[-113.7324,48.9931],[-114.1587,48.9931],[-114.5851,48.9931],[-115.0115,48.9931],[-115.4379,48.9931],[-115.8643,48.9931],[-116.2906,48.9931],[-116.717,48.9931],[-117.1434,48.9931],[-117.5698,48.9931],[-117.9962,48.9931],[-118.4226,48.9931],[-118.8489,48.9931],[-119.2753,48.9931],[-119.7017,48.993],[-120.1281,48.993],[-120.5545,48.993],[-120.9809,48.993],[-121.4072,48.993],[-121.8336,48.993],[-122.26,48.993],[-122.6864,48.993],[-122.7888,48.993],[-122.8267,49.0284],[-122.9242,49.0747],[-122.9627,49.0746],[-123.0023,49.0609],[-123.0272,49.0385],[-123.0492,48.993],[-123.0633,48.9777],[-123.0773,48.9802],[-123.0864,48.993],[-123.1176,49.0563],[-123.1093,49.0846],[-123.0773,49.1184],[-123.0795,49.1306],[-123.1501,49.121],[-123.1819,49.1295],[-123.1963,49.1477],[-123.1911,49.2195],[-123.2294,49.2605],[-123.1839,49.2777],[-123.0673,49.2916],[-122.9477,49.2933],[-122.913,49.3232],[-122.8791,49.3989],[-122.9645,49.3293],[-123.0155,49.3222],[-123.1743,49.3482],[-123.2768,49.3439],[-123.2905,49.3595],[-123.2863,49.375],[-123.2641,49.3905],[-123.2477,49.443],[-123.223,49.5905],[-123.1907,49.6443],[-123.1796,49.6735],[-123.1875,49.6803],[-123.325,49.5777],[-123.3367,49.5451],[-123.3224,49.517],[-123.3356,49.4592],[-123.399,49.4419],[-123.437,49.4513],[-123.5082,49.4024],[-123.5306,49.3973],[-123.8589,49.4829],[-123.8918,49.4947],[-123.9484,49.5347],[-124.0286,49.6029],[-124.0538,49.6617],[-124.024,49.7113],[-123.9926,49.7362],[-123.9595,49.7362],[-123.9228,49.7175],[-123.8471,49.6367],[-123.8172,49.5866],[-123.7391,49.5936],[-123.6127,49.6576],[-123.5825,49.6812],[-123.7083,49.6569],[-123.7627,49.6585],[-123.818,49.6852],[-123.8744,49.7368],[-123.9038,49.7955],[-123.9042,49.9812],[-123.885,50.017],[-123.8238,50.0437],[-123.7847,50.088],[-123.7877,50.1067],[-123.8254,50.1442],[-123.8801,50.1736],[-123.9336,50.1883],[-123.9459,50.1839],[-123.863,50.1026],[-123.8657,50.0721],[-123.9574,49.9928],[-123.9714,49.9695],[-123.9721,49.892],[-123.9849,49.8756],[-124.0588,49.8537],[-124.1416,49.7927],[-124.2812,49.7721],[-124.4126,49.7781],[-124.4833,49.8082],[-124.7023,49.9577],[-124.7824,50.0201],[-124.7843,50.0728],[-124.9342,50.2581],[-124.9334,50.2979],[-124.9856,50.3556],[-125.0436,50.3638],[-125.0567,50.4187],[-124.9368,50.5374],[-124.8626,50.6373],[-124.8542,50.6687],[-124.8575,50.7173],[-124.8754,50.8256],[-124.8599,50.8724],[-124.9336,50.8106],[-124.9493,50.7647],[-124.9311,50.7184],[-124.9425,50.6657],[-124.9854,50.5919],[-125.0588,50.5139],[-125.2099,50.4763],[-125.4763,50.4972],[-125.5072,50.5073],[-125.526,50.5341],[-125.5394,50.649],[-125.5556,50.6349],[-125.5858,50.5736],[-125.6102,50.486],[-125.6413,50.4662],[-125.6976,50.4646],[-125.7412,50.4786],[-125.7724,50.5082],[-125.8396,50.5106],[-125.965,50.4874],[-126.0241,50.4967],[-126.0943,50.4976],[-126.2366,50.5233],[-126.4045,50.5299],[-126.45,50.5497],[-126.4475,50.5877],[-126.4161,50.607],[-126.2389,50.6238],[-126.0672,50.6643],[-125.8976,50.6844],[-125.9041,50.7049],[-125.9807,50.7114],[-126.3703,50.6667],[-126.493,50.6721],[-126.5144,50.6794],[-126.5173,50.7245],[-126.4722,50.7673],[-126.3971,50.8071],[-126.3746,50.8374],[-126.4182,50.8502],[-126.4882,50.8418],[-126.5218,50.8661],[-126.4846,50.9605],[-126.5173,51.0568],[-126.5629,50.9655],[-126.6318,50.9151],[-126.9604,50.8937],[-127.0141,50.8668],[-127.0576,50.8675],[-127.2675,50.9161],[-127.3569,50.9456],[-127.4412,50.9894],[-127.5909,51.0875],[-127.7081,51.1512],[-127.7143,51.2687],[-127.6892,51.3435],[-127.6327,51.4273],[-127.4197,51.6081],[-127.3466,51.6424],[-127.2807,51.6541],[-126.9681,51.6699],[-126.7354,51.6926],[-126.6915,51.7034],[-127.0341,51.7167],[-127.3387,51.7074],[-127.4427,51.679],[-127.5757,51.5629],[-127.6096,51.5141],[-127.6449,51.4785],[-127.6687,51.4776],[-127.7141,51.4902],[-127.7287,51.5055],[-127.7475,51.5436],[-127.8189,51.6039],[-127.8505,51.6732],[-127.8691,51.7752],[-127.8632,51.8208],[-127.83,51.879],[-127.7276,51.9932],[-127.8588,51.9903],[-127.8433,52.0865],[-127.7954,52.191],[-127.6733,52.2529],[-127.5497,52.2976],[-127.4379,52.3562],[-127.2422,52.3951],[-127.1757,52.3148],[-127.008,52.2907],[-126.9595,52.2545],[-126.9,52.1883],[-126.8263,52.1251],[-126.7386,52.0649],[-126.714,52.0607],[-126.7526,52.1124],[-126.8952,52.2255],[-126.9014,52.2653],[-126.9382,52.3086],[-127.1271,52.3709],[-127.1606,52.3949],[-127.194,52.4577],[-127.2083,52.4982],[-127.1871,52.5377],[-126.9952,52.6579],[-126.9513,52.7212],[-126.9514,52.751],[-126.9664,52.7847],[-127.0083,52.8426],[-127.0193,52.8425],[-127.0064,52.7546],[-127.0132,52.72],[-127.0349,52.6817],[-127.0662,52.6527],[-127.1071,52.6328],[-127.5192,52.3593],[-127.5603,52.3432],[-127.7134,52.3185],[-127.7919,52.2894],[-127.8343,52.251],[-127.9022,52.1509],[-127.9954,51.9505],[-128.1022,51.7884],[-128.1936,51.9983],[-128.3576,52.1589],[-128.0375,52.3182],[-128.0291,52.3425],[-128.0603,52.4275],[-128.0516,52.4533],[-128.0213,52.4907],[-127.9402,52.5452],[-127.9434,52.5507],[-128.0382,52.5312],[-128.184,52.4079],[-128.241,52.3683],[-128.2715,52.363],[-128.2751,52.4355],[-128.1968,52.6233],[-128.1324,52.8058],[-128.1088,52.8581],[-128.0533,52.9107],[-128.106,52.9069],[-128.365,52.8258],[-128.452,52.8766],[-128.5247,53.1407],[-128.6523,53.2438],[-128.8686,53.3281],[-129.0809,53.3673],[-129.1295,53.4423],[-129.1716,53.5336],[-129.1145,53.6411],[-129.0214,53.6921],[-128.9356,53.7152],[-128.8546,53.7045],[-128.8504,53.6652],[-128.9056,53.5593],[-128.8331,53.5494],[-128.5421,53.4207],[-128.4786,53.4103],[-128.3581,53.4598],[-128.2911,53.4579],[-128.1327,53.4178],[-128.0792,53.3694],[-127.9278,53.2747],[-127.95,53.3298],[-128.1151,53.4459],[-128.2072,53.4832],[-128.3691,53.4904],[-128.4696,53.4709],[-128.5118,53.4766],[-128.6003,53.5061],[-128.6755,53.5546],[-128.7508,53.6608],[-128.7679,53.7102],[-128.7637,53.7469],[-128.7459,53.7802],[-128.7147,53.81],[-128.6529,53.8316],[-128.5604,53.8451],[-128.5321,53.8581],[-128.6509,53.9188],[-128.7048,53.9186],[-128.8902,53.8298],[-128.9278,53.8228],[-128.944,53.84],[-128.9594,53.8415],[-129.014,53.7975],[-129.0564,53.7778],[-129.2081,53.6416],[-129.2317,53.5764],[-129.2403,53.4791],[-129.2579,53.418],[-129.2843,53.3932],[-129.4624,53.3466],[-129.5637,53.2515],[-129.6867,53.3335],[-129.8218,53.4127],[-129.9119,53.5514],[-130.0744,53.5756],[-130.2633,53.6542],[-130.3353,53.7239],[-130.2329,53.8674],[-130.0859,53.9758],[-130.0635,54.1057],[-130.0433,54.1335],[-129.7908,54.1658],[-129.626,54.2303],[-129.795,54.2361],[-129.8984,54.2264],[-130.0842,54.1814],[-130.2903,54.2704],[-130.3968,54.3517],[-130.4303,54.421],[-130.3935,54.4796],[-130.3886,54.5394],[-130.37,54.62],[-130.3505,54.6553],[-130.3072,54.7003],[-130.2189,54.7303],[-130.1409,54.8228],[-130.1086,54.8873],[-129.9485,55.0811],[-129.8901,55.1646],[-129.7808,55.2805],[-129.5606,55.4625],[-129.6301,55.4522],[-129.6667,55.4367],[-129.7013,55.4386],[-129.7342,55.458],[-129.7655,55.4982],[-129.7952,55.5596],[-129.8119,55.5326],[-129.8156,55.4176],[-129.8377,55.3191],[-129.8771,55.2506],[-129.9852,55.1115],[-130.0485,55.0573],[-130.0918,55.1078],[-130.0584,55.1948],[-129.9958,55.2641],[-129.9852,55.3588],[-130.044,55.4719],[-130.08,55.5629],[-130.093,55.6318],[-130.0947,55.6948],[-130.0851,55.7517],[-130.0604,55.8137],[-130.0203,55.8808],[-130.0251,55.8882]]],[[[-109.816,78.6504],[-109.641,78.5921],[-109.5809,78.5933],[-109.5041,78.5825],[-109.4673,78.5672],[-109.3622,78.4929],[-109.3421,78.456],[-109.336,78.4084],[-109.3521,78.3687],[-109.3905,78.3367],[-109.4845,78.3164],[-109.7088,78.3038],[-110.0219,78.3228],[-110.2935,78.2982],[-110.4184,78.295],[-110.7551,78.3107],[-110.84,78.3223],[-111.0268,78.3676],[-111.1692,78.3863],[-111.229,78.3763],[-111.3005,78.3366],[-111.4351,78.2874],[-111.5175,78.2747],[-111.7597,78.283],[-112.1312,78.3661],[-112.5578,78.3415],[-112.9999,78.2929],[-113.1725,78.2838],[-113.223,78.2979],[-113.2926,78.3344],[-113.2817,78.3528],[-113.15,78.4084],[-112.8559,78.4668],[-112.6408,78.4998],[-112.214,78.5478],[-111.7088,78.5747],[-111.5199,78.6032],[-111.4003,78.644],[-111.0715,78.7084],[-110.8776,78.7351],[-110.6181,78.7578],[-110.4078,78.7566],[-110.1405,78.7044],[-109.9409,78.6785],[-109.816,78.6504]]],[[[-110.4581,78.1032],[-109.6569,78.0792],[-109.6223,78.0748],[-109.619,78.0568],[-109.6794,77.9993],[-109.7718,77.9574],[-110.1995,77.9048],[-110.7511,77.8572],[-110.8656,77.8341],[-110.8565,77.8204],[-110.8116,77.8032],[-110.7194,77.7814],[-110.2922,77.7864],[-110.1892,77.777],[-110.1527,77.7629],[-110.1309,77.7424],[-110.1176,77.7156],[-110.1169,77.6247],[-110.1395,77.5721],[-110.1985,77.5245],[-110.3715,77.4906],[-110.6829,77.4459],[-110.894,77.426],[-111.0604,77.4332],[-111.2262,77.4285],[-111.952,77.3442],[-112.1765,77.3438],[-112.3727,77.3641],[-112.6438,77.4437],[-112.9256,77.475],[-113.046,77.5107],[-113.1644,77.5303],[-113.1971,77.5588],[-113.2085,77.5802],[-113.1886,77.5998],[-113.1374,77.6175],[-113.1207,77.6326],[-113.1678,77.6765],[-113.1895,77.7183],[-113.2713,77.7784],[-113.2834,77.813],[-113.283,77.8356],[-113.2693,77.8601],[-113.2152,77.9035],[-113.1871,77.9124],[-113.0216,77.9191],[-112.8045,77.9416],[-112.3046,78.0068],[-111.2066,78.0881],[-110.8732,78.0806],[-110.7273,78.0966],[-110.4581,78.1032]]],[[[-115.5513,77.3633],[-115.4756,77.3243],[-115.4702,77.3086],[-115.5066,77.2921],[-115.6239,77.2659],[-116.2137,77.1782],[-116.3292,77.1371],[-116.2857,77.1017],[-116.0731,77.03],[-115.8568,76.9692],[-115.8101,76.9391],[-115.9129,76.9084],[-116.1098,76.9182],[-116.1833,76.9156],[-116.2527,76.9014],[-116.234,76.8743],[-116.0162,76.7845],[-115.9446,76.7362],[-115.9463,76.7113],[-115.9848,76.6869],[-116.0762,76.6535],[-116.2205,76.6111],[-116.4676,76.5771],[-116.9992,76.5316],[-117.0168,76.4961],[-117.0133,76.4691],[-117.0262,76.4035],[-117.0445,76.3731],[-117.1078,76.3219],[-117.1539,76.298],[-117.2336,76.2815],[-117.3469,76.2726],[-117.4924,76.2727],[-117.7324,76.3167],[-117.8414,76.3448],[-117.993,76.4058],[-118.0202,76.4465],[-118.0054,76.4967],[-117.9654,76.574],[-117.8995,76.6531],[-117.8076,76.7339],[-117.7805,76.7843],[-117.8179,76.8041],[-117.8808,76.8051],[-118.0764,76.7724],[-118.2028,76.7605],[-118.3006,76.7367],[-118.3699,76.701],[-118.4091,76.6623],[-118.431,76.588],[-118.4682,76.5474],[-118.5737,76.5252],[-118.7315,76.5256],[-118.7914,76.513],[-118.8208,76.4858],[-118.7996,76.4638],[-118.6439,76.4175],[-118.6245,76.3659],[-118.6434,76.3347],[-118.8116,76.2771],[-118.8511,76.2578],[-118.9555,76.1677],[-118.9939,76.1449],[-119.0807,76.1241],[-119.1682,76.1265],[-119.2493,76.1595],[-119.3679,76.2218],[-119.4478,76.2754],[-119.4888,76.3203],[-119.5237,76.3403],[-119.5804,76.3265],[-119.6489,76.2799],[-119.6508,76.2437],[-119.6358,76.1899],[-119.6396,76.1567],[-119.7396,76.1177],[-119.7252,76.1],[-119.5497,76.0521],[-119.5271,76.0306],[-119.5261,75.9972],[-119.5377,75.9822],[-119.608,75.9846],[-119.6671,75.946],[-119.7348,75.9154],[-119.9129,75.8588],[-120.1605,75.852],[-120.3654,75.8248],[-120.4089,75.8256],[-120.4583,75.8702],[-120.5138,75.9583],[-120.5633,76.0084],[-120.6372,76.034],[-120.7287,76.1341],[-120.7716,76.1663],[-120.8134,76.1793],[-120.8484,76.1827],[-120.9001,76.1634],[-121.0193,76.0203],[-121.2135,75.9837],[-121.3202,75.977],[-121.428,75.9811],[-121.6945,76.0203],[-121.9082,76.0348],[-122.0574,76.0182],[-122.3027,75.9598],[-122.4005,75.9442],[-122.5331,75.9509],[-122.5911,75.973],[-122.6405,76.0091],[-122.6459,76.031],[-122.6074,76.0387],[-122.5462,76.0805],[-122.5482,76.0973],[-122.6086,76.1214],[-122.6095,76.1403],[-122.5879,76.153],[-122.5927,76.1621],[-122.6239,76.1675],[-122.6847,76.1624],[-122.9028,76.1347],[-122.8783,76.1648],[-122.774,76.2277],[-122.5194,76.3532],[-122.423,76.3901],[-122.3654,76.4012],[-121.6138,76.4415],[-121.5611,76.4535],[-121.2039,76.6222],[-121.102,76.6607],[-120.9976,76.6915],[-120.4854,76.7932],[-120.4376,76.8165],[-120.3577,76.8869],[-120.3109,76.9046],[-120.2003,76.9313],[-119.8312,77.0739],[-119.4948,77.1769],[-119.324,77.2407],[-119.0902,77.3051],[-118.82,77.3327],[-118.0052,77.3812],[-117.4186,77.3174],[-117.2791,77.3134],[-117.2108,77.3314],[-117.149,77.3608],[-117.0614,77.3485],[-116.8436,77.3396],[-116.7953,77.3466],[-116.7036,77.3799],[-116.7663,77.3982],[-117.0298,77.4319],[-117.0458,77.449],[-117.0397,77.4651],[-116.9472,77.5039],[-116.8353,77.5289],[-116.5113,77.5476],[-116.3626,77.5428],[-116.2089,77.516],[-116.008,77.4606],[-115.5513,77.3633]]],[[[-108.2924,76.0571],[-108.1663,76.0543],[-108.0187,76.0652],[-107.8523,76.0577],[-107.7769,76.0353],[-107.7235,75.9954],[-107.7213,75.974],[-107.7318,75.9556],[-107.7552,75.9403],[-107.9704,75.8396],[-108.0207,75.8048],[-107.9511,75.7963],[-107.9175,75.8021],[-107.7026,75.8776],[-107.5409,75.9012],[-107.4183,75.9066],[-107.2162,75.8916],[-107.1357,75.8786],[-107.0804,75.8632],[-107.0504,75.8454],[-106.9709,75.7731],[-106.9135,75.6796],[-106.9042,75.6893],[-106.9028,75.7417],[-106.8917,75.7824],[-106.6931,75.81],[-106.6881,75.819],[-106.7594,75.8416],[-106.8201,75.8724],[-106.8621,75.9301],[-106.8457,75.9516],[-106.8041,75.9747],[-106.677,76.0237],[-106.5286,76.053],[-106.3966,76.0601],[-105.9048,76.009],[-105.7113,75.967],[-105.6327,75.9454],[-105.6044,75.9299],[-105.5633,75.8807],[-105.4809,75.7457],[-105.4814,75.7022],[-105.5195,75.6324],[-105.6784,75.5014],[-105.7026,75.4125],[-105.8626,75.1916],[-105.972,75.1315],[-106.0926,75.0895],[-106.5882,75.0154],[-106.9611,74.9401],[-107.0556,74.9282],[-107.1534,74.9271],[-107.4619,74.9521],[-107.8201,75],[-108.0236,74.9865],[-108.2266,74.9519],[-108.3544,74.9426],[-108.4748,74.9472],[-108.5942,74.9596],[-108.7513,74.9919],[-108.6703,75.0067],[-108.6333,75.0233],[-108.666,75.0403],[-108.8313,75.0649],[-109.0025,75.0103],[-109.5031,74.8828],[-110.1758,74.84],[-110.3867,74.814],[-110.5434,74.7804],[-110.6248,74.7527],[-110.7493,74.6877],[-110.9409,74.6387],[-111.2875,74.5852],[-111.7287,74.502],[-112.5193,74.4168],[-113.0169,74.4019],[-113.5141,74.4301],[-113.6716,74.453],[-113.8368,74.489],[-114.1748,74.5737],[-114.2683,74.6043],[-114.377,74.6709],[-114.3127,74.7151],[-114.1325,74.7661],[-113.8629,74.8125],[-113.3243,74.8753],[-112.836,74.9756],[-112.663,74.9944],[-112.1928,75.0098],[-111.9558,75.0004],[-111.7842,75.0057],[-111.6711,75.0194],[-111.5033,75.0556],[-111.258,75.1277],[-111.0789,75.1952],[-111.0335,75.2268],[-111.0935,75.2563],[-111.1812,75.2604],[-111.4739,75.1911],[-111.6209,75.1678],[-111.7809,75.1662],[-112.0005,75.1424],[-112.2142,75.1329],[-112.2555,75.1337],[-112.4781,75.2],[-112.5971,75.2117],[-112.6524,75.2047],[-112.7031,75.1872],[-112.7996,75.1382],[-112.8553,75.1206],[-112.9514,75.1078],[-113.3396,75.0933],[-113.7118,75.0686],[-113.7946,75.0838],[-113.845,75.1122],[-113.8554,75.1295],[-113.8609,75.1877],[-113.886,75.2109],[-113.8533,75.2594],[-113.8109,75.2963],[-113.7588,75.3217],[-113.503,75.3967],[-113.4671,75.4161],[-113.589,75.4121],[-113.8785,75.3754],[-113.9164,75.3882],[-113.9841,75.4301],[-114.0165,75.4343],[-114.0534,75.4169],[-114.0749,75.3924],[-114.1247,75.2912],[-114.1685,75.2395],[-114.285,75.25],[-114.429,75.2812],[-114.4828,75.2854],[-114.5138,75.2755],[-114.504,75.258],[-114.3578,75.1713],[-114.3561,75.141],[-114.4518,75.0879],[-114.8592,74.9998],[-115.0201,74.9762],[-115.0771,74.9853],[-115.1283,75.0095],[-115.1738,75.0488],[-115.2796,75.1016],[-115.3426,75.1134],[-115.4132,75.115],[-115.4781,75.1041],[-115.5373,75.0807],[-115.5741,75.0559],[-115.609,75.0096],[-115.6832,74.9742],[-115.7289,74.9681],[-116.1426,75.0416],[-116.4761,75.1718],[-116.841,75.1515],[-117.0048,75.1561],[-117.502,75.2039],[-117.5652,75.2334],[-117.6001,75.2717],[-117.5967,75.2925],[-117.5761,75.3141],[-117.5131,75.3568],[-117.3878,75.4215],[-117.3355,75.4423],[-117.2576,75.4595],[-117.1542,75.473],[-116.8908,75.4805],[-116.2127,75.483],[-116.0771,75.493],[-115.3354,75.6181],[-115.2507,75.6386],[-115.1418,75.6785],[-115.1172,75.695],[-115.1219,75.7058],[-116.0343,75.6067],[-116.4256,75.5854],[-117.0252,75.6015],[-117.1379,75.6171],[-117.1636,75.6449],[-117.0386,75.7184],[-116.9727,75.7458],[-116.8021,75.7716],[-116.3896,75.8082],[-115.8381,75.8406],[-115.4769,75.8413],[-115.1737,75.867],[-114.9915,75.8963],[-115.6022,75.8948],[-116.3379,75.8811],[-116.4442,75.8906],[-116.6543,75.9293],[-116.6646,75.9576],[-116.5805,75.9916],[-116.5497,76.0168],[-116.6098,76.0737],[-116.5913,76.0958],[-116.4542,76.1432],[-116.2099,76.1944],[-116.0591,76.2017],[-115.7683,76.1842],[-114.9394,76.1661],[-114.7786,76.1726],[-114.8802,76.1949],[-115.0246,76.2115],[-115.6645,76.2398],[-115.7969,76.2525],[-115.8222,76.27],[-115.8317,76.2958],[-115.8256,76.3298],[-115.7793,76.3647],[-115.5807,76.4375],[-114.9985,76.4975],[-114.7668,76.5057],[-114.5348,76.5018],[-114.299,76.4748],[-114.1939,76.4515],[-114.1413,76.4227],[-114.1158,76.3958],[-114.1128,76.3495],[-114.1015,76.3312],[-114.0588,76.3007],[-113.9233,76.2292],[-113.8235,76.2068],[-113.363,76.2484],[-113.1713,76.2578],[-112.9785,76.2447],[-112.6976,76.2017],[-112.3339,76.0719],[-111.8652,75.9393],[-111.8676,75.9107],[-112.0472,75.8664],[-112.0809,75.8474],[-112.0567,75.8342],[-111.8774,75.8255],[-111.7094,75.8321],[-111.5491,75.8221],[-111.5132,75.8107],[-111.4544,75.7622],[-111.3728,75.6765],[-111.2757,75.6125],[-111.1633,75.5702],[-111.0527,75.5485],[-110.8896,75.5469],[-110.7256,75.5595],[-110.4594,75.5553],[-109.0864,75.5065],[-109.005,75.515],[-108.9472,75.5418],[-108.9126,75.587],[-108.8995,75.6241],[-108.9182,75.6748],[-108.9448,75.699],[-109.796,75.863],[-109.8705,75.9291],[-109.4546,76.0212],[-109.4248,76.0425],[-109.4166,76.0718],[-109.4304,76.1091],[-109.4868,76.1447],[-109.7102,76.2125],[-109.9078,76.2227],[-110.2008,76.2895],[-110.247,76.3063],[-110.2849,76.333],[-110.3145,76.3694],[-110.3095,76.3974],[-110.27,76.417],[-109.9816,76.4848],[-109.8648,76.5224],[-109.505,76.6916],[-109.3385,76.76],[-109.2195,76.792],[-109.0982,76.8119],[-108.8316,76.8211],[-108.5539,76.7581],[-108.4924,76.7542],[-108.467,76.7376],[-108.4778,76.7083],[-108.5125,76.6803],[-108.6118,76.6297],[-108.6352,76.6085],[-108.6276,76.5867],[-108.5595,76.5363],[-108.5386,76.5031],[-108.5235,76.4472],[-108.5125,76.4389],[-108.3455,76.3916],[-108.1936,76.3301],[-108.1232,76.2334],[-108.1779,76.2],[-108.3058,76.1541],[-108.3819,76.1157],[-108.4062,76.0851],[-108.3868,76.0666],[-108.2924,76.0571]]],[[[-114.5215,72.5929],[-114.4581,72.5804],[-114.3424,72.5908],[-114.1745,72.6241],[-113.9578,72.6515],[-113.6924,72.6728],[-113.6222,72.6468],[-113.5781,72.6521],[-113.5,72.6944],[-113.4861,72.7223],[-113.4959,72.7537],[-113.4914,72.8221],[-113.4499,72.8632],[-113.2924,72.9498],[-113.208,72.981],[-113.0735,72.9953],[-112.7536,72.986],[-112.4538,72.9366],[-112.0481,72.888],[-111.4554,72.7659],[-111.2697,72.7137],[-111.2504,72.6686],[-111.3555,72.5721],[-111.6109,72.4356],[-111.816,72.3863],[-111.8952,72.3561],[-111.7616,72.3353],[-111.6751,72.3001],[-111.5436,72.3509],[-111.4474,72.4077],[-111.3112,72.4548],[-111.2648,72.459],[-111.2534,72.4491],[-111.2771,72.4249],[-111.2873,72.4011],[-111.2837,72.378],[-111.2681,72.3639],[-111.1846,72.3566],[-111.1399,72.3653],[-110.959,72.432],[-110.7815,72.5339],[-110.5125,72.5997],[-110.4393,72.6333],[-110.2051,72.6613],[-110.208,72.6811],[-110.1972,72.7589],[-110.2791,72.792],[-110.5536,72.8614],[-110.6894,72.9445],[-110.6608,73.0082],[-110.5093,72.9989],[-110.0946,72.9921],[-110.0084,72.9836],[-109.61,72.8757],[-109.4691,72.8084],[-109.3571,72.775],[-109.1219,72.7264],[-109.043,72.6869],[-108.9874,72.6708],[-108.9682,72.6541],[-108.9854,72.6368],[-108.9944,72.596],[-108.9508,72.5829],[-108.7979,72.5675],[-108.755,72.5511],[-108.6983,72.4993],[-108.6277,72.412],[-108.5664,72.3173],[-108.4696,72.1388],[-108.2764,71.9004],[-108.2104,71.7512],[-108.1882,71.7238],[-108.1447,71.7049],[-108.0208,71.6775],[-107.9253,71.6387],[-107.8128,71.6262],[-107.7854,71.6297],[-107.7575,71.663],[-107.6873,71.7161],[-107.3469,71.8192],[-107.3293,71.8353],[-107.3694,71.859],[-107.3818,71.8751],[-107.3769,71.8861],[-107.306,71.8947],[-107.5426,72.0253],[-107.6958,72.1493],[-107.794,72.3026],[-107.809,72.3475],[-107.8237,72.4428],[-107.8556,72.4678],[-107.9098,72.4908],[-107.9325,72.5204],[-107.9237,72.5566],[-107.9344,72.5877],[-107.9972,72.6527],[-108.2382,73.1058],[-108.2374,73.1499],[-108.2041,73.1831],[-108.1183,73.2021],[-107.9799,73.2067],[-107.9362,73.2171],[-107.9871,73.2331],[-108.0775,73.2814],[-108.0894,73.3037],[-108.0291,73.3487],[-107.72,73.3291],[-107.4963,73.2884],[-107.1135,73.1921],[-107.0744,73.1974],[-107.0325,73.2453],[-106.9508,73.276],[-106.8284,73.2659],[-106.4821,73.1962],[-106.0816,73.0719],[-105.8127,73.0106],[-105.6242,72.9275],[-105.4959,72.849],[-105.4151,72.7883],[-105.4117,72.7646],[-105.4301,72.7404],[-105.4111,72.7087],[-105.3545,72.6697],[-105.3232,72.6348],[-105.2976,72.5604],[-105.2469,72.4636],[-105.2341,72.4151],[-104.8783,71.98],[-104.8103,71.9032],[-104.767,71.8676],[-104.5183,71.6992],[-104.3859,71.577],[-104.3731,71.4951],[-104.3554,71.4717],[-104.3496,71.434],[-104.3558,71.3821],[-104.3849,71.3375],[-104.4368,71.3003],[-104.4871,71.2479],[-104.5631,71.1324],[-104.5696,71.1041],[-104.5148,71.0643],[-104.1668,70.9272],[-103.9535,70.7626],[-103.8535,70.7338],[-103.5846,70.6309],[-103.2947,70.5725],[-103.1972,70.5473],[-103.105,70.5103],[-103.0772,70.5088],[-103.0212,70.5158],[-103.0052,70.5259],[-103.0012,70.541],[-103.0828,70.6191],[-103.0886,70.6497],[-103.0496,70.6551],[-102.7505,70.5219],[-102.5892,70.4688],[-102.3688,70.4132],[-101.9898,70.2851],[-101.9372,70.2746],[-101.7322,70.2864],[-101.6763,70.2783],[-101.6412,70.2656],[-101.6268,70.2483],[-101.6185,70.1724],[-101.5624,70.135],[-101.2392,70.151],[-101.1485,70.1476],[-101.0908,70.1357],[-101.0427,70.1108],[-100.9733,70.0295],[-100.9091,69.8692],[-100.9057,69.8117],[-100.9351,69.7153],[-100.9824,69.6799],[-101.0437,69.6687],[-101.2162,69.6796],[-101.3373,69.7103],[-101.4001,69.7493],[-101.4567,69.8339],[-101.4838,69.8502],[-101.5084,69.8332],[-101.5651,69.7557],[-101.6025,69.7213],[-101.6477,69.6985],[-101.7336,69.7041],[-101.8603,69.7381],[-102.0979,69.8246],[-102.1821,69.8459],[-102.2343,69.8422],[-102.3481,69.813],[-102.5235,69.7582],[-102.5959,69.7179],[-102.5652,69.6922],[-102.5449,69.6598],[-102.5349,69.6208],[-102.5409,69.5921],[-102.5631,69.5736],[-102.6211,69.5515],[-102.7436,69.5478],[-102.9198,69.5646],[-103.0592,69.5947],[-103.3032,69.6743],[-103.3593,69.6854],[-103.4348,69.6677],[-103.4649,69.6445],[-103.418,69.6114],[-103.294,69.5685],[-103.1424,69.4973],[-103.1019,69.4834],[-103.0627,69.4849],[-103.0489,69.4718],[-103.0318,69.4335],[-103.0398,69.3676],[-103.1127,69.236],[-103.1202,69.2046],[-103.0903,69.212],[-102.8841,69.3413],[-102.7774,69.3776],[-102.5465,69.4345],[-102.4468,69.4763],[-102.1514,69.4877],[-102.0459,69.4648],[-101.9782,69.4251],[-101.9755,69.407],[-102.0529,69.3604],[-102.0669,69.3371],[-102.0709,69.3076],[-102.064,69.2812],[-102.0461,69.2577],[-101.993,69.236],[-101.8991,69.2455],[-101.8729,69.2399],[-101.8225,69.2171],[-101.7893,69.1816],[-101.7878,69.1323],[-101.8571,69.024],[-101.9806,68.9885],[-102.3588,68.9229],[-102.4884,68.8889],[-102.7383,68.865],[-102.8349,68.8333],[-102.8951,68.8236],[-103.1623,68.8287],[-103.4682,68.8085],[-103.8204,68.848],[-104.0673,68.8656],[-104.3527,68.9282],[-104.4602,68.9124],[-104.5714,68.8721],[-105.1059,68.9204],[-105.1693,68.9554],[-105.1483,68.9781],[-105.0216,69.0525],[-105.0136,69.0681],[-105.0196,69.0812],[-105.2624,69.094],[-105.533,69.1335],[-105.805,69.1532],[-106.0084,69.1476],[-106.1409,69.162],[-106.2702,69.1946],[-106.3412,69.2244],[-106.354,69.2512],[-106.3557,69.2806],[-106.3442,69.3396],[-106.3614,69.3811],[-106.42,69.4138],[-106.5398,69.4431],[-106.6591,69.4396],[-106.76,69.4071],[-106.8558,69.3473],[-107.0334,69.1808],[-107.1225,69.1523],[-107.3534,69.0317],[-107.4399,69.0021],[-107.8634,68.9543],[-108.365,68.9348],[-108.5525,68.8974],[-108.7304,68.8274],[-108.9459,68.7598],[-109.4721,68.6767],[-109.9585,68.6303],[-110.4676,68.61],[-110.8481,68.5784],[-110.9572,68.5942],[-111.1276,68.5883],[-111.3109,68.542],[-111.5181,68.5331],[-112.3049,68.5162],[-112.6662,68.4853],[-112.8643,68.4771],[-113.0195,68.4813],[-113.1277,68.4941],[-113.2314,68.5354],[-113.3381,68.5988],[-113.5548,68.7676],[-113.6168,68.8385],[-113.5925,68.9599],[-113.6085,69.0302],[-113.6807,69.182],[-113.6941,69.195],[-114.0734,69.2513],[-114.3229,69.2691],[-114.6991,69.2728],[-115.159,69.2647],[-115.6181,69.283],[-115.8607,69.3036],[-116.1016,69.3372],[-116.5135,69.4246],[-116.5368,69.4335],[-116.5688,69.4627],[-116.6095,69.512],[-116.712,69.5762],[-116.9928,69.7194],[-117.104,69.8042],[-117.122,69.8259],[-117.1486,69.8881],[-117.184,69.9911],[-117.1954,70.0541],[-117.1627,70.0925],[-117.1354,70.1001],[-116.5538,70.175],[-115.5291,70.2571],[-114.5923,70.3125],[-114.167,70.3075],[-113.9166,70.2815],[-113.6655,70.2697],[-113.2107,70.2638],[-112.6379,70.2252],[-112.5228,70.2286],[-112.266,70.2547],[-112.1896,70.2756],[-111.7837,70.2729],[-111.7049,70.2857],[-111.6326,70.3088],[-111.7258,70.3521],[-112.1142,70.4469],[-113.1455,70.6164],[-113.397,70.6524],[-113.7573,70.6907],[-113.9661,70.6962],[-114.2322,70.6743],[-114.3314,70.6752],[-114.5926,70.6422],[-114.8407,70.6214],[-115.3112,70.6012],[-115.9909,70.5863],[-116.0861,70.5907],[-116.2259,70.6164],[-116.3273,70.6237],[-116.9925,70.6037],[-117.5871,70.6295],[-118.2641,70.8883],[-118.3765,70.9677],[-118.3525,71],[-118.2691,71.0347],[-117.9338,71.1347],[-117.8141,71.1584],[-117.314,71.2121],[-116.8153,71.277],[-116.4215,71.338],[-116.2282,71.3592],[-116.0421,71.3617],[-115.8916,71.3818],[-115.9223,71.4011],[-116.0453,71.4231],[-116.0439,71.4543],[-115.9803,71.4693],[-115.7337,71.4851],[-115.4719,71.4658],[-115.341,71.4724],[-115.3034,71.4937],[-115.3381,71.5109],[-115.5867,71.5464],[-116.7803,71.4442],[-117.3371,71.4346],[-117.7233,71.3907],[-117.9356,71.3921],[-118.1882,71.4359],[-118.2219,71.4491],[-118.2265,71.4671],[-118.1483,71.5257],[-117.8784,71.5608],[-117.7423,71.6593],[-117.8876,71.661],[-118.3715,71.6399],[-118.583,71.649],[-118.8684,71.6868],[-118.9521,71.7317],[-118.9877,71.7643],[-118.9938,71.803],[-118.9842,71.9131],[-118.9598,71.9722],[-118.9446,71.9855],[-118.5898,72.1675],[-118.3687,72.2055],[-118.2135,72.2629],[-118.2075,72.2869],[-118.2459,72.311],[-118.3905,72.3695],[-118.4486,72.3992],[-118.4813,72.4277],[-118.4566,72.4725],[-118.3745,72.5339],[-118.1331,72.6328],[-117.5517,72.8311],[-117.2564,72.9144],[-116.9717,72.9593],[-116.5732,73.0549],[-115.5522,73.2135],[-114.6382,73.3727],[-114.3019,73.3307],[-114.2064,73.2978],[-114.164,73.2698],[-114.1271,73.2307],[-114.0955,73.1803],[-114.0517,73.071],[-114.0461,73.0146],[-114.0538,72.9581],[-114.0748,72.9068],[-114.1092,72.861],[-114.1777,72.8051],[-114.2803,72.7391],[-114.4979,72.6259],[-114.5215,72.5929]]],[[[-119.7363,74.1126],[-119.7286,74.1084],[-119.4711,74.2012],[-119.3148,74.2062],[-119.206,74.198],[-119.1714,74.1862],[-119.1496,74.1679],[-119.1388,74.1276],[-119.1319,74.0279],[-119.118,74.0155],[-119.0825,74.0212],[-119.0257,74.0447],[-118.7441,74.1921],[-118.6253,74.2325],[-118.544,74.2446],[-118.1997,74.2667],[-117.9659,74.2661],[-117.7075,74.2523],[-117.5148,74.2317],[-117.1988,74.1711],[-116.9504,74.1014],[-116.7224,74.0271],[-115.9577,73.7479],[-115.6343,73.6655],[-115.5107,73.6188],[-115.4557,73.5847],[-115.4075,73.5419],[-115.3928,73.502],[-115.4116,73.4648],[-115.4469,73.4389],[-115.5245,73.4167],[-115.9923,73.3232],[-116.2386,73.2946],[-116.4825,73.2532],[-117.0654,73.1073],[-117.4645,73.0377],[-117.9832,72.9022],[-118.9616,72.6841],[-119.078,72.6403],[-119.1315,72.6088],[-119.4078,72.3604],[-119.5128,72.3027],[-119.7675,72.2438],[-120.0897,72.2292],[-120.1799,72.2126],[-120.1944,72.1268],[-120.31,71.9841],[-120.3663,71.888],[-120.4432,71.6308],[-120.4609,71.6051],[-120.5197,71.5574],[-120.6193,71.5058],[-120.9303,71.4462],[-121.1598,71.415],[-121.4722,71.389],[-121.5468,71.4068],[-121.6222,71.4476],[-121.7007,71.4512],[-121.7494,71.4448],[-122.1566,71.2659],[-122.5495,71.1936],[-122.7198,71.1282],[-122.8399,71.0975],[-122.9365,71.088],[-123.0957,71.0938],[-123.2106,71.1234],[-123.3147,71.1692],[-123.3934,71.2188],[-123.5952,71.4232],[-123.6818,71.4931],[-123.7556,71.528],[-123.9533,71.6525],[-124.0078,71.6774],[-124.76,71.8352],[-125.1261,71.9236],[-125.2146,71.9548],[-125.2967,71.973],[-125.7669,71.9608],[-125.8291,71.9656],[-125.8453,71.9787],[-125.7896,72.025],[-125.7677,72.0542],[-125.7605,72.0829],[-125.7686,72.1291],[-125.7626,72.1375],[-125.5838,72.1831],[-125.6128,72.1925],[-125.6338,72.2103],[-125.6468,72.2365],[-125.6273,72.2548],[-125.5755,72.2653],[-125.5124,72.3077],[-125.4381,72.3821],[-125.3828,72.4238],[-125.306,72.4507],[-125.1683,72.5226],[-125.0702,72.5516],[-124.9871,72.588],[-124.9847,72.6044],[-125.0186,72.617],[-125.0302,72.6448],[-125.0147,72.7314],[-125.0154,72.7761],[-125.0004,72.8133],[-124.9697,72.8433],[-124.9309,72.8632],[-124.5826,72.9259],[-124.5649,72.9441],[-124.5608,72.965],[-124.5702,72.9887],[-124.5883,73.0053],[-124.6433,73.0189],[-124.7364,73.0227],[-124.8171,73.0588],[-124.8364,73.0763],[-124.8041,73.1257],[-124.6469,73.2044],[-124.594,73.2433],[-124.4242,73.4187],[-124.1142,73.5274],[-124.0302,73.6442],[-123.7973,73.7682],[-123.7978,73.7853],[-123.873,73.8276],[-124.088,73.8569],[-124.1915,73.902],[-124.2607,73.9533],[-124.5753,74.2481],[-124.6291,74.27],[-124.645,74.3043],[-124.7093,74.327],[-124.6962,74.3482],[-123.4683,74.4361],[-122.6231,74.4642],[-121.7479,74.5406],[-121.5041,74.5451],[-121.3152,74.53],[-121.1287,74.4902],[-120.8816,74.4208],[-120.5545,74.3529],[-119.9436,74.2537],[-119.5626,74.2328],[-119.7154,74.1537],[-119.7369,74.1299],[-119.7363,74.1126]]],[[[-69.4889,83.0168],[-68.6732,82.9988],[-68.409,83.0053],[-68.1069,82.9612],[-67.9246,82.956],[-67.6245,82.9644],[-67.4057,82.9539],[-66.5917,82.944],[-66.4226,82.9269],[-66.4248,82.9062],[-66.6004,82.8612],[-66.8363,82.8179],[-68.3576,82.6768],[-68.4693,82.6534],[-68.1729,82.6459],[-67.7359,82.6524],[-67.3971,82.6681],[-66.9977,82.7161],[-66.8657,82.7188],[-66.6119,82.7421],[-66.1205,82.8071],[-65.7274,82.8424],[-65.5496,82.827],[-65.4,82.8024],[-65.299,82.7996],[-65.2466,82.8185],[-65.1624,82.8701],[-65.1132,82.8889],[-64.9839,82.9023],[-64.9049,82.9008],[-64.7768,82.8765],[-64.6348,82.8186],[-64.504,82.7784],[-64.4334,82.7777],[-64.1342,82.8232],[-63.9836,82.8291],[-63.641,82.8126],[-63.4987,82.7926],[-63.473,82.7712],[-63.5641,82.7487],[-63.6206,82.7293],[-63.6425,82.713],[-63.5927,82.694],[-63.3854,82.6535],[-63.0854,82.5652],[-63.0871,82.5328],[-63.2508,82.4668],[-63.2468,82.4502],[-62.4752,82.5196],[-61.6972,82.4886],[-61.4771,82.4674],[-61.3925,82.4419],[-61.3025,82.3998],[-61.2072,82.3411],[-61.2735,82.2798],[-61.6154,82.1844],[-61.9687,82.1103],[-62.1767,82.0434],[-62.4965,82.0068],[-63.5923,81.8455],[-64.1279,81.7937],[-64.4358,81.7426],[-64.574,81.7337],[-65.2262,81.7435],[-65.3992,81.7154],[-65.4954,81.6681],[-65.7011,81.6456],[-66.0047,81.6294],[-66.6257,81.6164],[-66.765,81.563],[-66.8006,81.5268],[-66.8611,81.4987],[-66.9141,81.4851],[-68.6885,81.2933],[-68.7212,81.2612],[-68.5426,81.248],[-68.3177,81.2612],[-65.7357,81.4942],[-65.24,81.5097],[-64.7801,81.4929],[-64.8328,81.4386],[-65.484,81.2848],[-66.3128,81.1461],[-66.7269,81.0409],[-67.7744,80.8594],[-68.6305,80.6787],[-68.9594,80.5869],[-69.4001,80.4229],[-69.5507,80.3833],[-69.7338,80.3669],[-69.9493,80.3738],[-70.1435,80.3977],[-70.4026,80.459],[-70.6387,80.5275],[-70.7126,80.5396],[-70.6678,80.5056],[-70.2128,80.2777],[-70.2649,80.2336],[-71.1003,80.1871],[-71.4701,80.1459],[-71.6608,80.1359],[-71.7959,80.1434],[-71.9276,80.1392],[-72.056,80.1232],[-72.063,80.1056],[-71.9487,80.0862],[-71.6161,80.071],[-70.8771,80.1223],[-70.7585,80.1187],[-70.5684,80.0937],[-70.5591,80.071],[-70.7575,79.9982],[-71.3558,79.9113],[-71.2776,79.9063],[-71.1063,79.8755],[-71.1102,79.8478],[-71.2986,79.7826],[-71.3878,79.7618],[-71.9646,79.7011],[-72.2155,79.6868],[-72.4365,79.6944],[-73.4481,79.8271],[-73.8051,79.8463],[-74.1442,79.8798],[-74.3945,79.8741],[-74.6602,79.8352],[-74.5407,79.8156],[-74.051,79.7782],[-73.6421,79.771],[-73.4725,79.7564],[-73.4059,79.7322],[-73.2294,79.644],[-73.2011,79.5966],[-73.2401,79.5525],[-73.2936,79.5216],[-73.3615,79.504],[-73.4661,79.4952],[-73.866,79.5014],[-74.0154,79.4905],[-74.1887,79.4647],[-74.406,79.4536],[-74.7979,79.4587],[-75.2595,79.421],[-75.5034,79.4142],[-75.7738,79.4312],[-76.0669,79.4732],[-76.3761,79.4944],[-76.8988,79.5123],[-76.8551,79.4882],[-76.6709,79.4781],[-76.2957,79.4136],[-76.1164,79.3261],[-75.9475,79.3113],[-75.6027,79.2396],[-75.3537,79.2283],[-75.0936,79.2039],[-74.7272,79.2354],[-74.4812,79.2295],[-74.5323,79.0527],[-74.6409,79.0355],[-75.2332,79.0355],[-75.5146,79.0612],[-75.639,79.0877],[-75.9118,79.1178],[-76.1576,79.1004],[-76.3804,79.1042],[-76.5314,79.0865],[-76.7711,79.0872],[-77.398,79.0573],[-77.7292,79.0569],[-77.9738,79.0762],[-78.2579,79.0822],[-78.5816,79.075],[-78.559,79.0546],[-78.4218,79.0484],[-78.222,79.0151],[-78.0368,78.9639],[-77.8828,78.9424],[-77.6982,78.9545],[-77.5104,78.9785],[-76.8248,79.0179],[-76.5241,79.0242],[-76.2559,79.0068],[-76.0773,78.9852],[-75.9527,78.959],[-75.7951,78.8897],[-75.3999,78.8813],[-75.0985,78.8583],[-74.6184,78.7577],[-74.4863,78.7501],[-74.4331,78.7241],[-74.5351,78.6593],[-74.5466,78.6203],[-74.8786,78.5448],[-75.3966,78.5229],[-75.9658,78.5298],[-76.3735,78.5211],[-76.4161,78.5115],[-76.1365,78.4917],[-75.4884,78.4035],[-75.2372,78.3557],[-75.1935,78.3277],[-75.5507,78.2211],[-75.866,78.0098],[-75.9696,77.9931],[-76.0775,77.9873],[-76.3556,77.991],[-76.7081,77.9379],[-76.974,77.9272],[-77.456,77.9472],[-78.0126,77.946],[-78.0564,77.9117],[-78.0841,77.8461],[-78.0811,77.7474],[-78.0472,77.6155],[-78.0762,77.519],[-78.168,77.4581],[-78.2837,77.4131],[-78.4932,77.3694],[-78.7085,77.3421],[-78.8695,77.3325],[-79.1376,77.331],[-79.9064,77.2996],[-80.2817,77.3015],[-80.573,77.3148],[-80.8746,77.3586],[-81.3769,77.4821],[-81.5193,77.5096],[-81.6591,77.5254],[-81.6538,77.4988],[-81.5036,77.4298],[-81.3782,77.3852],[-81.2777,77.3652],[-81.3014,77.344],[-81.5229,77.3108],[-81.7673,77.2959],[-82.0568,77.2965],[-82.066,77.2836],[-81.9678,77.2479],[-81.8402,77.2141],[-81.7563,77.204],[-81.5345,77.2145],[-81.2774,77.2571],[-81.1172,77.2696],[-80.7982,77.2595],[-80.6726,77.2443],[-80.2742,77.1509],[-80.2187,77.1466],[-79.9237,77.1936],[-79.4973,77.1961],[-79.3409,77.1584],[-79.2811,77.0852],[-79.2738,77.0258],[-79.3189,76.9804],[-79.2208,76.936],[-78.9792,76.8929],[-78.7918,76.8836],[-78.6585,76.908],[-78.456,76.9672],[-78.37,76.9813],[-78.2889,76.978],[-78.1651,76.9349],[-77.9987,76.852],[-77.9833,76.755],[-78.1187,76.644],[-78.2843,76.5712],[-78.9343,76.4512],[-79.1307,76.404],[-79.2859,76.3548],[-79.511,76.3105],[-79.9536,76.2513],[-80.1868,76.2402],[-80.6903,76.1765],[-80.7997,76.1736],[-80.9629,76.1839],[-80.9967,76.215],[-80.9552,76.2702],[-80.9012,76.3215],[-80.8348,76.3691],[-80.8324,76.4086],[-80.9745,76.4701],[-81.0744,76.4985],[-81.1707,76.5127],[-81.3648,76.5045],[-81.4745,76.4876],[-81.592,76.4844],[-81.7174,76.495],[-81.8229,76.5208],[-82.0342,76.6294],[-82.1137,76.6432],[-82.2179,76.6398],[-82.3111,76.6554],[-82.3935,76.6899],[-82.5298,76.7233],[-82.4934,76.6978],[-82.357,76.636],[-82.262,76.5747],[-82.2083,76.5138],[-82.2332,76.4658],[-83.389,76.4393],[-83.8857,76.4531],[-83.9863,76.495],[-84.2238,76.6753],[-84.2753,76.3565],[-85.1413,76.3046],[-85.3436,76.3134],[-85.6806,76.349],[-86.1158,76.4349],[-86.2962,76.4918],[-86.3668,76.5486],[-86.4194,76.5796],[-86.4537,76.5849],[-86.5619,76.5165],[-86.6802,76.3766],[-86.9777,76.4127],[-87.3542,76.448],[-87.4898,76.5858],[-87.4976,76.3863],[-88.1043,76.4127],[-88.396,76.4053],[-88.4816,76.5801],[-88.4959,76.7729],[-88.6141,76.6509],[-88.5625,76.5472],[-88.5458,76.4209],[-88.8037,76.4568],[-89.3696,76.4745],[-89.5701,76.4919],[-89.5443,76.6597],[-89.4998,76.8268],[-88.7709,76.9934],[-88.5562,77.0722],[-88.3981,77.104],[-88.1479,77.124],[-87.8284,77.1365],[-87.6105,77.1269],[-87.3617,77.1362],[-87.0645,77.1659],[-86.8522,77.1744],[-86.8123,77.1849],[-86.8738,77.2003],[-87.1009,77.3077],[-87.1824,77.3321],[-87.2654,77.343],[-87.4297,77.3478],[-87.5892,77.3948],[-87.6814,77.4364],[-87.7802,77.4928],[-87.9379,77.5998],[-88.0947,77.7192],[-88.017,77.7847],[-87.7571,77.8362],[-87.4968,77.8719],[-87.236,77.8918],[-87.018,77.8922],[-86.7551,77.8637],[-86.3851,77.8086],[-86.173,77.7461],[-85.9066,77.6139],[-85.7312,77.5086],[-85.5885,77.4611],[-84.9509,77.375],[-84.7387,77.361],[-84.487,77.368],[-83.9736,77.3905],[-83.7213,77.4142],[-83.6081,77.4422],[-83.5498,77.4826],[-83.4773,77.5136],[-83.2503,77.5848],[-82.9027,77.7327],[-82.7104,77.8495],[-82.6647,77.8888],[-82.6263,77.9363],[-82.5953,77.9921],[-82.7036,77.9624],[-83.3038,77.6737],[-83.4282,77.6213],[-83.7794,77.5326],[-83.9282,77.5183],[-84.1678,77.5227],[-84.4858,77.562],[-84.8605,77.4995],[-85.0879,77.5154],[-85.2894,77.559],[-85.292,77.7639],[-85.5476,77.9277],[-85.2653,78.0106],[-85.0315,78.062],[-84.6154,78.1957],[-84.5242,78.1971],[-84.2227,78.176],[-84.3881,78.2063],[-84.55,78.2514],[-84.9104,78.2397],[-84.7832,78.5276],[-85.0243,78.3124],[-85.2702,78.1995],[-85.419,78.1424],[-85.5859,78.1096],[-86.2178,78.0812],[-86.0626,78.187],[-85.9201,78.3429],[-86.0709,78.2846],[-86.4271,78.197],[-86.6936,78.151],[-86.9132,78.1268],[-87.3394,78.1327],[-87.5518,78.1766],[-87.4911,78.2844],[-87.4913,78.4172],[-87.3613,78.4787],[-87.1643,78.5576],[-86.9529,78.6639],[-86.8079,78.7744],[-86.2419,78.8236],[-85.691,78.8437],[-85.2297,78.902],[-85.0038,78.9123],[-84.7873,78.8846],[-83.9079,78.8392],[-83.547,78.8045],[-83.3887,78.7793],[-83.2714,78.7703],[-83.1474,78.8079],[-82.9898,78.8441],[-82.4418,78.8404],[-82.2907,78.8471],[-82.1511,78.8641],[-81.9811,78.8985],[-81.7808,78.9503],[-81.7501,78.9758],[-81.8891,78.9749],[-82.0283,78.9619],[-82.2374,78.9241],[-82.4388,78.9037],[-82.6441,78.9075],[-83.0585,78.9395],[-83.7786,78.9453],[-84.1458,78.9598],[-84.3161,78.9753],[-84.412,78.9966],[-84.4959,79.0286],[-84.5678,79.0713],[-84.5303,79.1013],[-84.3836,79.1186],[-84.2566,79.1222],[-84.053,79.0987],[-83.8246,79.0588],[-83.5759,79.0537],[-83.662,79.09],[-83.9781,79.1631],[-84.1974,79.2251],[-84.3811,79.3013],[-84.5224,79.3766],[-84.8364,79.4947],[-85.0898,79.6122],[-85.2685,79.6641],[-85.4569,79.6898],[-86.0315,79.7219],[-86.1466,79.7428],[-86.4208,79.8452],[-86.4943,80.0182],[-86.6145,80.1235],[-86.4985,80.2583],[-86.3072,80.3193],[-85.1596,80.2718],[-84.6754,80.2789],[-84.0565,80.262],[-83.7236,80.229],[-83.3438,80.147],[-83.0043,80.0546],[-82.6775,79.9928],[-82.377,79.9083],[-82.0488,79.7828],[-81.8557,79.7226],[-81.6884,79.6858],[-81.463,79.6542],[-81.0381,79.6142],[-80.6678,79.601],[-80.4759,79.6063],[-80.2706,79.6352],[-80.1245,79.6695],[-80.2875,79.679],[-80.714,79.675],[-81.0102,79.6931],[-81.1791,79.7334],[-81.3587,79.7878],[-81.6442,79.8902],[-81.8603,79.9572],[-82.3324,80.0664],[-82.6813,80.1749],[-82.9611,80.2779],[-82.987,80.3226],[-82.7848,80.3538],[-82.5361,80.3755],[-80.9796,80.4453],[-80.0511,80.5286],[-79.6744,80.6252],[-79.6293,80.6479],[-78.3862,80.7844],[-77.5071,80.8348],[-77.1691,80.8429],[-76.863,80.8648],[-76.8503,80.8782],[-77.1186,80.8964],[-77.3895,80.9054],[-78.0038,80.9048],[-78.551,80.9214],[-78.7162,80.9517],[-78.6819,81.0011],[-78.6293,81.0435],[-78.464,81.1144],[-78.2868,81.1676],[-77.536,81.3211],[-77.0307,81.3857],[-76.8851,81.4303],[-77.9724,81.3308],[-78.3521,81.2589],[-78.7339,81.151],[-78.9315,81.1192],[-79.0725,81.1276],[-79.1983,81.1176],[-79.3092,81.0891],[-79.4021,81.0369],[-79.4772,80.961],[-79.5454,80.9093],[-79.6066,80.8818],[-79.7613,80.8419],[-80.1335,80.7639],[-81.007,80.6549],[-81.301,80.6272],[-81.5527,80.6228],[-82.3682,80.5613],[-82.613,80.5589],[-82.8843,80.5775],[-82.7683,80.6307],[-82.3368,80.7287],[-82.2224,80.7723],[-82.4984,80.7628],[-82.78,80.736],[-83.4014,80.714],[-83.6471,80.6741],[-83.8854,80.6018],[-84.0763,80.5563],[-84.2198,80.5378],[-84.4178,80.5268],[-85.1458,80.5211],[-85.3074,80.526],[-85.7262,80.5812],[-86.0972,80.5621],[-86.2503,80.5658],[-86.5316,80.6047],[-86.6154,80.63],[-86.6031,80.664],[-86.4405,80.728],[-86.2521,80.7896],[-85.6393,80.9246],[-85.2463,80.9879],[-84.6799,81.0424],[-83.3492,81.1033],[-83.2888,81.1479],[-84.6354,81.0981],[-85.7809,81.0351],[-85.9668,81.0119],[-86.2334,80.9501],[-87.0803,80.7263],[-87.3299,80.6698],[-87.7117,80.6562],[-88.0037,80.6754],[-88.232,80.7038],[-88.6251,80.7701],[-88.9214,80.8056],[-89.0617,80.8295],[-89.1446,80.8537],[-89.2118,80.8819],[-89.2633,80.9143],[-89.1669,80.9413],[-88.4131,80.9998],[-87.3887,80.9884],[-86.929,81.0004],[-86.4768,81.0357],[-85.8096,81.1236],[-85.0833,81.2469],[-84.9412,81.2862],[-85.2063,81.2949],[-85.4025,81.2853],[-85.875,81.2412],[-86.6228,81.1227],[-87.2751,81.0808],[-88.8868,81.0585],[-89.3984,81.0253],[-89.623,81.0325],[-89.7923,81.0648],[-89.981,81.1247],[-89.9473,81.1727],[-89.5634,81.2265],[-89.2625,81.2391],[-89.2087,81.2501],[-89.6357,81.3021],[-89.6737,81.3286],[-89.427,81.3875],[-88.8923,81.4741],[-88.6219,81.5014],[-88.1265,81.5188],[-87.6167,81.5093],[-87.597,81.5258],[-88.1014,81.5586],[-88.4791,81.5646],[-88.9784,81.5415],[-90.3035,81.4011],[-90.4163,81.4054],[-90.609,81.4295],[-90.5538,81.4642],[-89.8452,81.6117],[-89.8217,81.6349],[-90.3309,81.6315],[-90.4804,81.6385],[-90.6263,81.656],[-90.8337,81.6405],[-91.1027,81.592],[-91.2924,81.5712],[-91.4028,81.5782],[-91.6841,81.6357],[-91.6476,81.6838],[-91.4238,81.7442],[-91.2195,81.7877],[-90.9419,81.8274],[-90.4902,81.8772],[-90.163,81.894],[-89.6333,81.8945],[-89.381,81.9167],[-89.1563,81.9554],[-88.8752,82.018],[-88.5668,82.0611],[-88.0632,82.0965],[-87.6389,82.0851],[-87.4044,82.0542],[-87.2182,82.0001],[-87.0182,81.9587],[-86.9992,81.9921],[-86.834,82.0333],[-86.6268,82.051],[-86.3775,82.0451],[-86.1583,82.0255],[-85.8748,81.9757],[-85.6457,81.9533],[-85.538,81.9546],[-85.4032,81.9822],[-85.0448,81.9828],[-85.0522,81.9945],[-85.1692,82.0234],[-85.3106,82.044],[-86.5806,82.1872],[-86.6156,82.2186],[-86.1876,82.2479],[-85.92,82.2831],[-85.7944,82.2916],[-85.4809,82.3663],[-85.276,82.4052],[-84.8968,82.4494],[-84.7447,82.4374],[-84.5534,82.3983],[-84.3681,82.3739],[-83.8236,82.3507],[-83.5907,82.3265],[-83.1757,82.1872],[-83.0102,82.1417],[-82.7742,82.0949],[-82.6337,82.0773],[-82.356,82.066],[-82.3274,82.0925],[-82.6571,82.1583],[-82.7475,82.1964],[-82.7086,82.2287],[-82.6384,82.2458],[-82.5369,82.2473],[-82.2766,82.2185],[-81.5845,82.1206],[-80.5499,82.0046],[-80.1534,81.9776],[-79.9086,81.9362],[-79.6855,81.8859],[-79.4656,81.8511],[-79.4249,81.8544],[-79.6295,81.9323],[-80.1298,82.0284],[-81.4683,82.1924],[-81.9976,82.2783],[-82.2537,82.3363],[-82.4476,82.395],[-82.4514,82.4271],[-82.2689,82.4646],[-82.0232,82.4944],[-81.7178,82.5062],[-81.6812,82.5187],[-81.9586,82.5632],[-82.1225,82.6018],[-82.1168,82.6287],[-81.7854,82.6492],[-81.5797,82.643],[-81.1889,82.5945],[-80.8625,82.5715],[-80.8097,82.5864],[-81.1466,82.7156],[-81.1781,82.7447],[-81.1282,82.7617],[-81.0102,82.7791],[-80.6571,82.7691],[-80.0758,82.7062],[-79.0351,82.6747],[-78.7488,82.6794],[-78.7918,82.6939],[-79.2072,82.7328],[-79.642,82.785],[-79.8338,82.8165],[-79.9743,82.859],[-80.1412,82.8942],[-80.1549,82.9111],[-79.8863,82.9385],[-79.1806,82.9332],[-78.525,82.8911],[-77.9687,82.9063],[-77.6181,82.8958],[-77.4796,82.8832],[-77.2259,82.8372],[-76.421,82.6709],[-76.3355,82.6444],[-76.244,82.6041],[-76.1465,82.5499],[-76.0094,82.5352],[-75.7443,82.5724],[-75.5656,82.6085],[-75.6429,82.6435],[-76.087,82.7236],[-76.1878,82.7579],[-76.41,82.8158],[-76.9084,82.9194],[-77.0412,82.9675],[-77.1249,83.0085],[-75.7449,83.0472],[-74.4142,83.0131],[-74.1978,82.989],[-74.0559,82.9554],[-73.9165,82.9042],[-73.7031,82.8519],[-73.272,82.7716],[-72.6587,82.7216],[-72.7759,82.7557],[-73.2347,82.8442],[-73.4419,82.9048],[-73.4407,82.9458],[-73.4038,82.9771],[-73.3312,82.9988],[-72.8117,83.0812],[-72.0692,83.1061],[-71.9832,83.1014],[-71.406,82.9749],[-71.132,82.923],[-70.9404,82.9022],[-70.933,82.9113],[-71.1983,82.9696],[-71.4024,83.0013],[-71.4235,83.0211],[-71.0848,83.0827],[-70.8706,83.0981],[-69.9699,83.1161],[-69.8677,83.1096],[-69.7821,83.0925],[-69.5694,83.0249],[-69.4889,83.0168]]],[[[-95.4844,77.792],[-95.2331,77.7538],[-94.9599,77.7741],[-94.6668,77.7762],[-94.0147,77.7599],[-93.5829,77.7708],[-93.4711,77.7643],[-93.301,77.7398],[-93.2107,77.7102],[-93.1287,77.6602],[-93.3392,77.6297],[-93.5196,77.4744],[-93.5439,77.4667],[-93.7402,77.4646],[-93.8362,77.4522],[-94.409,77.4742],[-95.9871,77.4841],[-96.0561,77.5035],[-96.2639,77.5945],[-96.2766,77.6306],[-96.2392,77.6726],[-96.1946,77.7005],[-96.143,77.7144],[-95.6839,77.7823],[-95.4844,77.792]]],[[[-93.5426,75.0279],[-93.4783,74.952],[-93.4666,74.9213],[-93.4635,74.8565],[-93.4909,74.772],[-93.5092,74.7565],[-93.5356,74.7493],[-93.5483,74.7275],[-93.5472,74.6911],[-93.5731,74.6688],[-93.6262,74.6609],[-93.9846,74.6442],[-94.2061,74.6474],[-94.5345,74.6367],[-94.6973,74.6422],[-94.8039,74.6601],[-94.9587,74.7],[-95.2861,74.7941],[-95.4512,74.7974],[-95.8654,74.8304],[-96.0942,74.9325],[-96.1817,74.9508],[-96.2701,74.9203],[-96.2942,74.9272],[-96.3186,74.9477],[-96.3432,74.9819],[-96.3863,74.9995],[-96.5599,74.9904],[-96.5912,75.0019],[-96.5996,75.0318],[-96.5969,75.0579],[-96.5658,75.0987],[-96.3829,75.2114],[-96.2924,75.2193],[-96.1804,75.2401],[-96.1184,75.3009],[-96.1249,75.3583],[-95.9546,75.4438],[-95.8532,75.469],[-95.6708,75.5287],[-95.0495,75.6218],[-94.8782,75.63],[-94.6486,75.623],[-94.4272,75.5934],[-94.2567,75.5441],[-93.9091,75.4225],[-93.7508,75.349],[-93.6668,75.2735],[-93.5912,75.2302],[-93.4976,75.1369],[-93.5317,75.1003],[-93.5518,75.0512],[-93.5426,75.0279]]],[[[-100.0019,73.9459],[-99.158,73.7316],[-99.0396,73.7493],[-98.7845,73.7605],[-98.5193,73.7921],[-98.1519,73.8182],[-97.9277,73.8658],[-97.8322,73.8793],[-97.67,73.8877],[-97.5818,73.8875],[-97.3271,73.8619],[-97.2248,73.8438],[-97.1705,73.8249],[-97.1117,73.7903],[-97.0113,73.7062],[-96.9966,73.6749],[-97.0017,73.6665],[-97.0946,73.6147],[-97.1564,73.5922],[-97.2842,73.5708],[-97.3948,73.5642],[-97.4898,73.5266],[-97.597,73.5366],[-97.6259,73.5023],[-97.6146,73.4813],[-97.5858,73.4711],[-97.5318,73.4736],[-97.4701,73.4882],[-97.3503,73.481],[-97.2871,73.4584],[-97.2304,73.4213],[-97.2725,73.3868],[-97.4841,73.3392],[-97.7959,73.2853],[-98.1758,73.1158],[-98.3756,73.0447],[-98.4168,73.0225],[-98.437,73.0002],[-98.4309,72.9581],[-98.4218,72.941],[-98.3667,72.9341],[-98.1808,72.9931],[-98.061,73.0205],[-97.9394,73.0356],[-97.7248,73.0367],[-97.6363,73.0276],[-97.4757,72.9923],[-97.3288,72.9378],[-97.2959,72.918],[-97.3099,72.8981],[-97.371,72.8781],[-97.3777,72.8649],[-97.2376,72.8375],[-97.083,72.7628],[-97.0729,72.7176],[-97.1405,72.6728],[-97.1589,72.6428],[-97.1281,72.6276],[-97.0518,72.6368],[-96.869,72.687],[-96.6713,72.7132],[-96.5921,72.7103],[-96.5421,72.6987],[-96.4892,72.6299],[-96.4456,72.5524],[-96.4401,72.4873],[-96.4729,72.4344],[-96.5199,72.3931],[-96.6383,72.342],[-96.7455,72.3226],[-96.8015,72.3224],[-96.7959,72.3138],[-96.6688,72.2712],[-96.6156,72.2373],[-96.5929,72.2045],[-96.6006,72.1729],[-96.6181,72.1459],[-96.7663,72.0459],[-96.7583,72.0317],[-96.7173,72.0251],[-96.6244,71.9676],[-96.6134,71.8338],[-96.9465,71.7919],[-97.0247,71.7607],[-97.1167,71.7108],[-97.2222,71.6735],[-97.4612,71.6342],[-97.5823,71.6297],[-98.1813,71.6625],[-98.2419,71.6815],[-98.2839,71.7155],[-98.3071,71.7645],[-98.3134,71.8031],[-98.3027,71.8311],[-98.3058,71.8476],[-98.3227,71.8523],[-98.3893,71.8243],[-98.4588,71.7732],[-98.4208,71.7165],[-98.2314,71.5589],[-98.1953,71.4912],[-98.1901,71.4625],[-98.1986,71.4409],[-98.4123,71.3488],[-98.5359,71.3176],[-98.6629,71.3021],[-98.7838,71.3137],[-98.8988,71.3523],[-98.9862,71.3695],[-99.1671,71.3672],[-99.2236,71.3871],[-99.2762,71.4242],[-99.4037,71.5572],[-99.5814,71.6516],[-99.7347,71.7572],[-100.1241,71.9115],[-100.3257,72.0039],[-100.5945,72.1523],[-100.7068,72.1859],[-100.8002,72.1994],[-100.9836,72.2101],[-101.0262,72.2286],[-101.0931,72.2791],[-101.2085,72.317],[-101.2507,72.3218],[-101.3187,72.3128],[-101.4983,72.2779],[-101.7239,72.3149],[-101.7745,72.3409],[-101.8044,72.3851],[-101.8329,72.4093],[-101.9093,72.4311],[-101.9737,72.4861],[-102.4022,72.5947],[-102.6571,72.7194],[-102.7087,72.7645],[-102.7137,72.7829],[-102.6875,72.8428],[-102.6285,72.9108],[-102.5511,72.9783],[-102.5038,73.0059],[-102.3361,73.0641],[-102.204,73.0773],[-102.0196,73.0699],[-101.9225,73.057],[-101.8354,73.018],[-101.798,72.9731],[-101.7545,72.9428],[-101.6178,72.9097],[-101.5436,72.8831],[-101.4346,72.821],[-101.3506,72.7463],[-101.2732,72.7217],[-101.0876,72.7133],[-100.896,72.7259],[-100.4848,72.7729],[-100.468,72.7788],[-100.4426,72.8068],[-100.3957,72.977],[-100.3675,72.9777],[-100.2279,72.8989],[-100.1883,72.8903],[-100.1281,72.9067],[-100.0924,72.945],[-100.0967,72.9631],[-100.1845,73.0553],[-100.2362,73.0954],[-100.2827,73.1203],[-100.3344,73.1285],[-100.4462,73.1206],[-100.5314,73.1383],[-100.5502,73.1637],[-100.5364,73.1979],[-100.4893,73.2339],[-100.4388,73.2546],[-100.3407,73.2652],[-100.2259,73.2547],[-100.067,73.2111],[-99.9664,73.2014],[-99.8251,73.2139],[-100.0059,73.2395],[-100.258,73.3402],[-100.3661,73.359],[-100.498,73.3158],[-100.587,73.2996],[-100.7553,73.2785],[-100.8894,73.2753],[-101.4509,73.431],[-101.4821,73.4458],[-101.5232,73.4864],[-101.5185,73.505],[-101.463,73.5338],[-101.3231,73.572],[-101.1149,73.5958],[-100.9758,73.5998],[-100.8541,73.5713],[-100.6768,73.4943],[-100.5217,73.4493],[-100.5089,73.4655],[-100.5363,73.5097],[-100.6071,73.5754],[-100.6579,73.5934],[-100.7827,73.6129],[-100.8982,73.6581],[-100.9526,73.6914],[-100.9815,73.7272],[-100.9851,73.7653],[-100.963,73.7914],[-100.9151,73.8054],[-100.4836,73.8435],[-100.1823,73.8013],[-99.9911,73.7952],[-99.9119,73.847],[-99.9395,73.8571],[-100.0401,73.8438],[-100.1538,73.8441],[-100.2248,73.8725],[-100.2271,73.8891],[-100.1385,73.9289],[-100.0019,73.9459]]],[[[-84.9196,65.2611],[-84.8851,65.249],[-84.8421,65.2559],[-84.7713,65.3053],[-84.6125,65.4473],[-84.5679,65.4606],[-84.5011,65.4584],[-84.2664,65.3672],[-84.18,65.3163],[-84.1335,65.2455],[-84.0849,65.2178],[-83.9001,65.1813],[-83.7226,65.169],[-83.4908,65.1318],[-83.4071,65.1039],[-83.2223,64.968],[-83.201,64.9597],[-82.9906,64.9041],[-82.6676,64.7803],[-82.5858,64.7619],[-82.2717,64.7211],[-82.1589,64.6907],[-82.05,64.6443],[-81.9289,64.5594],[-81.7872,64.426],[-81.6761,64.2126],[-81.6674,64.1705],[-81.6809,64.1456],[-81.7209,64.1189],[-81.9026,64.0312],[-81.8871,64.0164],[-81.7161,64.0219],[-81.3356,64.0758],[-81.1041,64.0371],[-81.0236,64.0311],[-81.005,64.0333],[-80.9211,64.1005],[-80.829,64.0899],[-80.6943,64.0248],[-80.6076,63.9721],[-80.5688,63.9319],[-80.5792,63.9092],[-80.6683,63.9015],[-80.4506,63.8629],[-80.2613,63.802],[-80.3021,63.7622],[-80.5041,63.6738],[-80.7118,63.5964],[-80.9535,63.4803],[-81.0139,63.4625],[-81.0464,63.4616],[-81.1797,63.4832],[-81.3717,63.5381],[-81.9633,63.6645],[-82.146,63.6912],[-82.3781,63.7068],[-82.4117,63.7365],[-82.4671,63.927],[-82.5715,63.9607],[-82.9297,64.0004],[-83.0339,64.0232],[-83.0387,64.0614],[-83.0162,64.127],[-83.0651,64.159],[-83.1855,64.1575],[-83.304,64.1438],[-83.4943,64.0992],[-83.5836,64.0581],[-83.6171,64.0134],[-83.638,63.9178],[-83.6616,63.8726],[-83.7283,63.8134],[-84.0221,63.6599],[-84.1416,63.6137],[-84.2604,63.6005],[-84.3076,63.5858],[-84.3875,63.5291],[-84.5062,63.39],[-84.5546,63.35],[-84.6329,63.3092],[-84.7956,63.2469],[-84.9615,63.1972],[-85.2381,63.1393],[-85.3926,63.1197],[-85.4955,63.1391],[-85.5661,63.2709],[-85.7142,63.658],[-85.7387,63.6841],[-85.7689,63.7003],[-85.8047,63.7065],[-86.3016,63.6568],[-86.5757,63.6623],[-86.8469,63.5753],[-86.9152,63.569],[-87.0529,63.5718],[-87.1519,63.5856],[-87.1771,63.5951],[-87.1938,63.6328],[-87.1889,63.6723],[-87.1544,63.7149],[-87.0319,63.8304],[-86.932,63.9017],[-86.886,63.9237],[-86.4217,64.0516],[-86.3086,64.0937],[-86.2521,64.1369],[-86.2522,64.1813],[-86.2742,64.238],[-86.3545,64.3765],[-86.3749,64.503],[-86.3743,64.5658],[-86.3438,64.6624],[-86.2276,64.8963],[-86.1883,65.0103],[-86.1142,65.4173],[-86.0746,65.5338],[-86.0171,65.6403],[-85.9617,65.7042],[-85.814,65.8319],[-85.6991,65.8832],[-85.5547,65.9187],[-85.523,65.9146],[-85.4955,65.8997],[-85.4424,65.8456],[-85.2411,65.7955],[-85.1762,65.7469],[-85.1304,65.6929],[-85.1054,65.6227],[-85.1303,65.5921],[-85.2263,65.5458],[-85.2428,65.5262],[-85.2399,65.5103],[-85.0561,65.4374],[-84.9196,65.2611]]],[[[-97.7009,76.4665],[-97.6897,76.4218],[-97.7019,76.3874],[-97.7371,76.3631],[-97.7388,76.3353],[-97.7068,76.3037],[-97.5731,76.2242],[-97.5307,76.1815],[-97.5243,76.1387],[-97.5311,76.1094],[-97.6135,76.0526],[-97.65,75.9792],[-97.6521,75.9402],[-97.603,75.8793],[-97.6017,75.8511],[-97.6942,75.8026],[-97.8905,75.7604],[-97.8628,75.7381],[-97.4396,75.6846],[-97.4075,75.6725],[-97.4096,75.5521],[-97.336,75.4198],[-97.3635,75.4172],[-97.4652,75.4586],[-97.6533,75.5078],[-97.8782,75.4161],[-97.8527,75.2603],[-97.7049,75.1908],[-97.6599,75.1512],[-97.6743,75.1273],[-97.7994,75.1167],[-97.8427,75.1218],[-97.9708,75.1533],[-98.0453,75.2008],[-98.0687,75.1992],[-98.0917,75.1762],[-98.0768,75.153],[-97.99,75.1107],[-97.9533,75.0602],[-97.9918,75.0458],[-98.1209,75.0327],[-98.2952,75.0322],[-98.5687,75.0093],[-98.7035,75.0058],[-98.8348,75.0182],[-99.0101,75.0211],[-99.1558,75.0157],[-99.2449,75.0258],[-99.3261,75.0494],[-99.4206,75.0438],[-99.6269,74.9837],[-99.9466,75.0028],[-100.2344,75.0077],[-100.2923,75.0277],[-100.3566,75.0667],[-100.4835,75.1884],[-100.4595,75.2191],[-100.1521,75.2356],[-100.1457,75.2461],[-100.3641,75.2896],[-100.6149,75.3214],[-100.7312,75.3465],[-100.7042,75.3943],[-100.7119,75.4063],[-100.2796,75.461],[-99.9653,75.5685],[-99.7702,75.6123],[-99.756,75.6334],[-99.5912,75.6554],[-99.2094,75.6686],[-99.1946,75.6984],[-99.9151,75.6813],[-100.9018,75.6204],[-101.2068,75.5904],[-101.4613,75.6079],[-102.5414,75.5136],[-102.5874,75.5137],[-102.7004,75.5436],[-102.7975,75.5997],[-102.7278,75.6387],[-102.4107,75.7128],[-102.2521,75.7777],[-102.2707,75.8128],[-102.1447,75.875],[-101.9428,75.8838],[-101.5997,75.8327],[-101.4212,75.7819],[-101.2614,75.7582],[-101.1194,75.7629],[-100.9728,75.7984],[-101.0099,75.8024],[-101.2588,75.7836],[-101.288,75.7891],[-101.415,75.8458],[-101.4703,75.8819],[-101.5059,75.9181],[-101.5079,75.9436],[-101.4313,75.992],[-101.7168,76.0079],[-101.8234,76.0414],[-101.8721,76.0831],[-101.8614,76.1013],[-101.7714,76.1501],[-101.529,76.2173],[-101.557,76.2358],[-101.9098,76.2344],[-101.9875,76.2431],[-102.1377,76.2849],[-102.1047,76.3312],[-101.9642,76.399],[-101.8585,76.439],[-101.7875,76.4513],[-101.6772,76.451],[-101.4152,76.4249],[-101.3397,76.4105],[-101.1391,76.3452],[-101.0879,76.3079],[-101.0942,76.2719],[-101.0558,76.2456],[-100.9001,76.2071],[-100.2307,76.0077],[-100.1057,75.9604],[-100.0201,75.9396],[-99.8655,75.9242],[-99.7749,75.9274],[-99.7013,75.9415],[-99.6889,75.9597],[-99.9783,76.0295],[-100.051,76.0666],[-100.1128,76.1172],[-100.0858,76.1335],[-100.0018,76.1392],[-99.7902,76.1326],[-99.5411,76.1463],[-99.8172,76.1676],[-99.9976,76.1958],[-100.1828,76.1972],[-100.4142,76.2425],[-100.4144,76.2567],[-100.3576,76.2711],[-100.0427,76.2913],[-99.9831,76.2999],[-99.9777,76.3125],[-100.0819,76.3428],[-100.1747,76.3593],[-100.6507,76.3959],[-100.8199,76.437],[-100.8736,76.4566],[-100.8908,76.4755],[-100.8297,76.5239],[-100.5737,76.5846],[-100.3879,76.6136],[-100.0687,76.6348],[-99.8141,76.6322],[-99.669,76.6241],[-99.3295,76.5213],[-99.1696,76.4537],[-98.8903,76.4656],[-98.971,76.5366],[-99.0236,76.6146],[-98.9409,76.6432],[-98.7108,76.6938],[-98.5276,76.6674],[-98.2887,76.5987],[-98.2362,76.5753],[-97.9673,76.5329],[-97.8084,76.5188],[-97.7259,76.4961],[-97.7009,76.4665]]],[[[-103.426,79.3156],[-103.1916,79.2953],[-102.9144,79.2311],[-102.6523,79.095],[-102.639,79.0776],[-102.6376,79.055],[-102.6482,79.0271],[-102.6829,78.991],[-102.7305,78.9693],[-102.5956,78.943],[-102.5808,78.9301],[-102.5928,78.9009],[-102.5762,78.8794],[-102.4946,78.9007],[-102.4248,78.9332],[-102.4073,78.9541],[-102.3932,79.0103],[-102.1886,79.0384],[-101.9736,79.0792],[-101.8726,79.0884],[-101.7037,79.0789],[-101.299,78.9822],[-101.1446,78.9729],[-101.0885,78.9615],[-101.0372,78.939],[-101.0337,78.9147],[-101.1159,78.8583],[-101.1475,78.824],[-101.1281,78.8017],[-100.917,78.7829],[-100.4355,78.8203],[-100.0147,78.7286],[-99.7818,78.6196],[-99.6094,78.5831],[-99.5821,78.5633],[-99.6311,78.5447],[-99.6802,78.4935],[-99.8183,78.4554],[-99.8478,78.4382],[-99.7741,78.393],[-99.7687,78.3646],[-99.7782,78.3251],[-99.7514,78.303],[-99.5625,78.2793],[-99.1315,78.1175],[-99.0531,78.0724],[-99.0046,78.016],[-98.9996,77.9969],[-99.0612,77.9656],[-99.1284,77.8771],[-99.1664,77.8569],[-99.3413,77.8396],[-99.6591,77.8241],[-99.9559,77.7938],[-100.2747,77.8327],[-100.586,77.8918],[-100.6803,77.9307],[-100.7579,77.9777],[-100.7782,77.996],[-100.8096,78.0716],[-100.8262,78.0877],[-100.9576,78.1302],[-101.0741,78.1938],[-101.298,78.1994],[-101.8295,78.2641],[-102.057,78.2795],[-102.2845,78.275],[-102.607,78.2489],[-102.6677,78.2559],[-102.7227,78.2752],[-102.7721,78.3069],[-102.7843,78.3302],[-102.7313,78.371],[-103.6772,78.3196],[-103.9466,78.26],[-104.3242,78.2695],[-104.5126,78.2946],[-104.7636,78.3517],[-104.8793,78.4013],[-104.9854,78.468],[-104.9956,78.5185],[-104.9096,78.5526],[-104.8201,78.5729],[-104.7271,78.5794],[-104.214,78.5397],[-103.7644,78.5195],[-103.5705,78.5398],[-103.4826,78.5939],[-103.588,78.623],[-104.0208,78.6349],[-103.9285,78.6634],[-103.5627,78.6927],[-103.3716,78.7363],[-103.4084,78.7516],[-103.5184,78.7691],[-104.0087,78.764],[-104.185,78.7813],[-104.1946,78.7956],[-104.155,78.814],[-103.8756,78.9027],[-103.8872,78.9188],[-104.0072,78.9479],[-104.1127,78.9856],[-104.152,78.9899],[-104.3948,78.9562],[-104.736,78.8259],[-104.8174,78.8071],[-104.8955,78.8082],[-104.9702,78.8291],[-104.9695,78.8565],[-104.8934,78.8902],[-104.7353,78.9911],[-104.7468,79.0271],[-104.9014,79.0511],[-105.3088,79.0332],[-105.5356,79.0325],[-105.5708,79.061],[-105.5802,79.1142],[-105.571,79.1642],[-105.5146,79.2425],[-105.4357,79.3022],[-105.3877,79.3236],[-104.8474,79.311],[-103.9646,79.3481],[-103.7064,79.3521],[-103.426,79.3156]]],[[[-91.8855,81.1329],[-91.755,81.0493],[-91.2725,80.8501],[-91.0539,80.7777],[-90.6829,80.6877],[-90.6367,80.6553],[-90.6325,80.6417],[-90.643,80.5937],[-90.5373,80.5759],[-90.2176,80.5482],[-89.8619,80.4984],[-89.7979,80.5013],[-89.6738,80.5308],[-89.5248,80.5388],[-89.3291,80.5317],[-89.2356,80.5106],[-89.1669,80.4796],[-89.1383,80.4574],[-89.1342,80.4402],[-89.2044,80.4069],[-89.1966,80.394],[-89.1547,80.3785],[-89.1473,80.3604],[-89.2177,80.2893],[-89.1983,80.2632],[-89.0192,80.1985],[-88.8573,80.1662],[-88.5375,80.1312],[-88.3292,80.1337],[-88.1999,80.1115],[-88.1968,80.1252],[-88.2554,80.1665],[-88.3808,80.2252],[-88.6125,80.2554],[-88.6462,80.2897],[-88.6634,80.3483],[-88.6437,80.3869],[-88.5248,80.418],[-88.4244,80.4281],[-88.1252,80.4295],[-87.96,80.4156],[-87.675,80.3721],[-87.6455,80.3484],[-87.6303,80.3016],[-87.6184,80.2075],[-87.6255,80.1872],[-87.8691,80.1339],[-87.9223,80.0977],[-87.8607,80.0875],[-87.6514,80.0794],[-87.3285,80.0465],[-87.2021,80.0432],[-87.0762,79.9669],[-86.9772,79.8942],[-87.0495,79.8054],[-87.1442,79.6626],[-87.2203,79.6299],[-87.2952,79.5802],[-87.2429,79.5711],[-86.9252,79.591],[-86.861,79.5977],[-86.6488,79.6462],[-86.337,79.635],[-86.2322,79.6224],[-86.1805,79.6054],[-86.0855,79.5512],[-86.007,79.4794],[-85.949,79.486],[-85.8039,79.573],[-85.7509,79.5945],[-85.6786,79.6153],[-85.6479,79.6114],[-85.5014,79.5303],[-85.1756,79.3873],[-85.0638,79.3282],[-85.0421,79.2846],[-85.1813,79.2337],[-85.2898,79.2083],[-86.0917,79.1],[-86.4505,79.0387],[-86.6294,78.9913],[-86.7208,78.9755],[-86.9135,78.9828],[-86.9572,78.9749],[-87.0165,78.8987],[-87.0804,78.8661],[-87.2464,78.8135],[-87.4788,78.7182],[-87.6174,78.6763],[-87.8615,78.7068],[-87.9223,78.7514],[-87.9562,78.8516],[-87.9607,78.8931],[-87.9532,78.915],[-87.9226,78.9506],[-87.8167,79.0363],[-87.8294,79.0453],[-87.8784,79.0382],[-88.0402,78.9953],[-88.1041,78.9728],[-88.1638,78.9335],[-88.1902,78.8674],[-88.1666,78.7455],[-88.1897,78.6964],[-88.2538,78.672],[-88.2279,78.653],[-88.037,78.627],[-88.0031,78.6155],[-87.982,78.5947],[-87.9736,78.5647],[-87.9829,78.5371],[-88.0402,78.4944],[-88.1476,78.4771],[-88.2846,78.4965],[-88.5807,78.6019],[-88.7093,78.5961],[-88.7416,78.584],[-88.714,78.5464],[-88.623,78.4621],[-88.6064,78.392],[-88.6484,78.3337],[-88.733,78.2417],[-88.791,78.1924],[-88.8224,78.1859],[-88.9696,78.1844],[-89.0957,78.2092],[-89.47,78.3702],[-89.6553,78.4389],[-89.9262,78.573],[-89.9954,78.6007],[-90.0371,78.6068],[-90.0763,78.5492],[-90.001,78.4958],[-89.7573,78.3702],[-89.6117,78.2789],[-89.5068,78.2033],[-89.4898,78.1719],[-89.5257,78.1596],[-89.5795,78.1666],[-89.6511,78.193],[-89.873,78.2376],[-89.9652,78.2625],[-90.0254,78.2913],[-90.1361,78.3131],[-90.2972,78.328],[-90.459,78.3309],[-90.6216,78.3217],[-90.6524,78.3077],[-90.4692,78.2686],[-90.4054,78.2467],[-90.358,78.2188],[-90.3268,78.1848],[-90.387,78.1633],[-90.6144,78.1499],[-90.9181,78.1584],[-91.4096,78.188],[-91.8992,78.2369],[-92.3513,78.3129],[-92.6783,78.3891],[-92.8076,78.4297],[-92.8482,78.4601],[-92.7256,78.4867],[-92.2967,78.5208],[-91.8669,78.5427],[-91.935,78.5617],[-92.7155,78.605],[-92.9725,78.6129],[-93.1094,78.6016],[-93.2666,78.6083],[-93.3895,78.6427],[-93.5521,78.7078],[-93.6344,78.7509],[-93.6233,78.7678],[-93.5614,78.7773],[-93.2083,78.7692],[-93.1599,78.7756],[-93.3365,78.8081],[-93.9022,78.8722],[-94.1146,78.9289],[-94.1536,78.951],[-94.1697,78.9728],[-94.1628,78.9942],[-93.9502,79.0374],[-93.2939,79.1395],[-93.0685,79.1554],[-92.8416,79.1564],[-92.6836,79.1858],[-92.5472,79.2826],[-91.8676,79.3174],[-91.3437,79.3609],[-91.2999,79.3727],[-91.6926,79.3647],[-92.2479,79.3734],[-92.4846,79.4393],[-92.6447,79.4504],[-92.8219,79.4499],[-93.0281,79.4292],[-93.3809,79.3682],[-93.5504,79.354],[-93.9332,79.2907],[-94.0398,79.2952],[-94.0934,79.3027],[-94.1094,79.3151],[-94.0403,79.357],[-93.9397,79.3857],[-93.9603,79.3955],[-94.1103,79.4016],[-94.2841,79.4004],[-94.4049,79.3905],[-94.846,79.3351],[-95.0437,79.2936],[-95.1032,79.2899],[-95.3166,79.3547],[-95.657,79.3904],[-95.733,79.4182],[-95.6629,79.5273],[-95.5635,79.5498],[-95.3023,79.5681],[-94.5197,79.6671],[-94.4755,79.6862],[-94.4019,79.7363],[-94.5809,79.7256],[-94.973,79.6772],[-95.297,79.6531],[-95.5525,79.6532],[-95.7394,79.6602],[-95.8575,79.6738],[-95.9997,79.7047],[-96.4627,79.8475],[-96.5891,79.9167],[-96.6067,79.9777],[-96.6392,80.0242],[-96.7732,80.1358],[-95.782,80.0664],[-95.3938,80.0533],[-94.6459,80.0487],[-94.6108,80.0555],[-94.5998,80.0736],[-94.6127,80.103],[-94.607,80.1256],[-94.5826,80.1414],[-94.3044,80.1816],[-94.2626,80.1949],[-94.5901,80.2015],[-95.1924,80.1344],[-95.4051,80.135],[-95.6462,80.231],[-95.904,80.2141],[-96.0257,80.2217],[-96.2151,80.2459],[-96.3083,80.267],[-96.3684,80.2931],[-96.3941,80.315],[-96.3854,80.3329],[-96.3344,80.3528],[-96.1122,80.3804],[-96.0119,80.3831],[-95.7474,80.3653],[-95.5491,80.3666],[-95.6145,80.3962],[-95.9011,80.4708],[-96.1518,80.5535],[-96.1328,80.6914],[-95.927,80.7207],[-95.7136,80.7254],[-95.5053,80.6906],[-95.2258,80.6858],[-95.0257,80.6464],[-94.8926,80.5709],[-94.7345,80.5724],[-94.4854,80.5581],[-93.9279,80.5592],[-94.0287,80.5862],[-94.2021,80.6097],[-94.5963,80.6406],[-94.7885,80.7513],[-95.1958,80.8083],[-95.5147,80.8381],[-95.5093,80.8632],[-95.2698,81.0008],[-94.9805,81.0497],[-94.5194,81.0312],[-94.2163,81.0572],[-93.826,81.1057],[-93.4437,81.0833],[-93.3451,81.0854],[-93.2867,81.1003],[-93.2356,81.1289],[-93.2354,81.1551],[-93.2859,81.1792],[-93.4065,81.2091],[-93.8944,81.2133],[-94.1104,81.225],[-94.1944,81.2409],[-94.2187,81.2649],[-94.2315,81.2897],[-94.233,81.3151],[-94.2201,81.3308],[-94.1793,81.3393],[-94.0597,81.3493],[-93.6049,81.3506],[-93.3328,81.3644],[-93.0347,81.3463],[-92.4126,81.2783],[-92.2118,81.2436],[-91.9979,81.1855],[-91.8855,81.1329]]],[[[-94.295,76.9125],[-94.108,76.9038],[-93.948,76.9171],[-93.8109,76.9142],[-93.6084,76.8738],[-93.4208,76.8122],[-93.2766,76.7843],[-93.23,76.7703],[-93.2119,76.7547],[-93.1893,76.708],[-93.19,76.6864],[-93.2006,76.6691],[-93.2637,76.6265],[-93.3167,76.5737],[-93.4263,76.5271],[-93.4846,76.492],[-93.5346,76.4477],[-93.4219,76.4741],[-92.9954,76.6204],[-92.7163,76.603],[-92.297,76.616],[-91.7895,76.6758],[-91.5484,76.6851],[-91.305,76.6808],[-91.1243,76.6619],[-90.7384,76.5813],[-90.6048,76.543],[-90.5546,76.5158],[-90.5426,76.4958],[-90.6216,76.4647],[-90.8641,76.4836],[-91.263,76.5002],[-91.336,76.5106],[-91.3981,76.5098],[-91.4433,76.4985],[-91.4151,76.4559],[-91.3339,76.4465],[-90.8548,76.4373],[-89.2845,76.3016],[-89.2191,76.2582],[-89.2365,76.239],[-89.2921,76.2177],[-89.4066,76.1892],[-90.3121,76.158],[-90.8273,76.1856],[-91.2604,76.23],[-91.4073,76.2201],[-91.2794,76.1599],[-91.0198,76.1416],[-90.8024,76.106],[-90.7121,76.0762],[-90.2514,76.0535],[-90.176,76.0303],[-90.0328,75.9709],[-89.9125,75.9663],[-89.7934,75.9249],[-89.6953,75.8536],[-89.65,75.8441],[-89.5112,75.8569],[-89.2776,75.7951],[-89.2049,75.762],[-89.2045,75.7373],[-89.2566,75.6985],[-89.3612,75.6458],[-89.6254,75.5837],[-89.646,75.565],[-89.3373,75.5724],[-89.2804,75.5641],[-88.9167,75.454],[-88.8688,75.452],[-88.8389,75.4635],[-88.8041,75.5025],[-88.8196,75.5386],[-88.8641,75.5886],[-88.8521,75.6249],[-88.7839,75.6475],[-88.7149,75.6586],[-88.645,75.6584],[-88.569,75.6451],[-88.2013,75.512],[-87.7297,75.5756],[-87.6437,75.5471],[-87.5724,75.4937],[-87.5391,75.4849],[-87.3646,75.5913],[-87.2569,75.6177],[-86.8145,75.4914],[-86.5447,75.4634],[-86.4365,75.4363],[-86.2363,75.4063],[-85.9515,75.395],[-85.9045,75.4419],[-86.0687,75.5022],[-85.973,75.5287],[-85.5812,75.5798],[-85.3723,75.5726],[-84.9868,75.6449],[-84.7502,75.6547],[-84.6049,75.6535],[-84.1276,75.7626],[-84.0143,75.7799],[-83.932,75.8189],[-83.7446,75.8128],[-83.2371,75.7508],[-83.0934,75.7564],[-82.5535,75.8183],[-82.3539,75.8333],[-82.1537,75.8311],[-81.6474,75.7949],[-81.2686,75.756],[-81.1508,75.7355],[-81.1927,75.6844],[-81.1735,75.6692],[-81.1244,75.6582],[-81.0008,75.6431],[-80.5277,75.6421],[-80.322,75.6291],[-80.1583,75.5812],[-80.1192,75.5621],[-80.1257,75.5421],[-80.2866,75.4904],[-80.2604,75.4794],[-80.0996,75.4674],[-79.7377,75.4615],[-79.6602,75.4495],[-79.5857,75.3849],[-79.5078,75.2954],[-79.5091,75.2598],[-79.6344,75.1993],[-79.9771,75.1186],[-80.3576,75.0516],[-80.382,75.0342],[-80.2606,75.0021],[-80.1353,74.9881],[-80.0364,74.9909],[-79.733,75.0214],[-79.6641,75.0208],[-79.5248,74.9897],[-79.4604,74.9588],[-79.4014,74.9176],[-79.508,74.8801],[-79.9445,74.8336],[-80.2024,74.8948],[-80.2892,74.9083],[-80.3478,74.903],[-80.3146,74.8762],[-80.1897,74.8277],[-80.1489,74.7957],[-80.1922,74.7802],[-80.2127,74.7495],[-80.2103,74.7036],[-80.2206,74.657],[-80.2627,74.5845],[-80.2777,74.5816],[-81.2262,74.5666],[-81.3405,74.5535],[-81.6072,74.5023],[-81.8088,74.4766],[-81.9402,74.4727],[-82.0685,74.4821],[-82.4147,74.5352],[-82.6454,74.5252],[-82.7358,74.5303],[-82.9311,74.5656],[-82.9784,74.5834],[-83.0576,74.6298],[-83.117,74.6931],[-83.1123,74.7321],[-83.0873,74.7884],[-83.1026,74.8166],[-83.1583,74.8167],[-83.2203,74.8284],[-83.407,74.8848],[-83.5221,74.9015],[-83.5436,74.8923],[-83.5098,74.8482],[-83.4873,74.8341],[-83.3642,74.8019],[-83.3413,74.7646],[-83.3937,74.6702],[-83.4122,74.655],[-83.5319,74.5857],[-83.6219,74.5659],[-83.8681,74.5644],[-84.2452,74.5152],[-84.4255,74.5081],[-84.6671,74.5196],[-84.8183,74.542],[-84.9163,74.5677],[-85.0115,74.6042],[-85.0614,74.6069],[-85.0868,74.5277],[-85.1334,74.5174],[-85.2143,74.5187],[-85.3393,74.5433],[-85.4423,74.6006],[-85.4744,74.6003],[-85.4887,74.567],[-85.5117,74.5451],[-85.5435,74.5348],[-85.808,74.499],[-85.9556,74.4988],[-86.1099,74.5397],[-86.2109,74.5356],[-86.3406,74.5135],[-86.6554,74.5554],[-86.7308,74.557],[-86.6661,74.4891],[-86.7702,74.4786],[-86.9947,74.4803],[-87.3638,74.5022],[-87.5926,74.4704],[-88.0059,74.4894],[-88.423,74.4941],[-88.5007,74.5097],[-88.5557,74.5415],[-88.5579,74.5697],[-88.5376,74.6088],[-88.4766,74.6669],[-88.3747,74.7441],[-88.3396,74.7849],[-88.4314,74.8037],[-88.4882,74.8289],[-88.535,74.8317],[-88.682,74.802],[-88.7778,74.7152],[-88.8511,74.69],[-88.8834,74.7111],[-88.9078,74.7638],[-88.9401,74.7895],[-88.9804,74.7881],[-89.0196,74.774],[-89.0579,74.7473],[-89.1153,74.7376],[-89.1919,74.7449],[-89.2191,74.7318],[-89.1968,74.6982],[-89.1891,74.6668],[-89.1958,74.6375],[-89.2619,74.6092],[-89.45,74.5679],[-89.5587,74.5547],[-89.8444,74.5486],[-90.0153,74.5609],[-90.3616,74.6104],[-90.5533,74.6127],[-90.7841,74.6959],[-90.9668,74.7151],[-90.9575,74.7452],[-90.8776,74.8011],[-90.8802,74.8178],[-91.1299,74.7363],[-91.1637,74.7103],[-91.1346,74.6499],[-91.1677,74.6455],[-91.3395,74.6672],[-91.5083,74.6507],[-91.5491,74.6556],[-91.6658,74.6992],[-91.871,74.7435],[-91.9616,74.7932],[-92.1025,74.9484],[-92.1742,75.0511],[-92.1652,75.072],[-92.0605,75.101],[-92.0763,75.1235],[-92.2068,75.1813],[-92.3475,75.2298],[-92.3893,75.2633],[-92.4083,75.2973],[-92.4271,75.3464],[-92.428,75.3827],[-92.4111,75.4062],[-92.3307,75.4794],[-92.1104,75.6106],[-92.0807,75.6345],[-92.0688,75.6579],[-92.0992,75.7273],[-92.1418,75.7968],[-92.1851,75.8465],[-92.3066,75.9151],[-92.4737,75.9865],[-92.7089,76.1145],[-92.8833,76.214],[-93.0917,76.354],[-93.1923,76.366],[-93.3086,76.3596],[-93.56,76.3114],[-93.6444,76.2885],[-93.6652,76.2731],[-93.8523,76.2697],[-94.3826,76.2823],[-94.5854,76.2972],[-94.7367,76.2933],[-94.9966,76.2577],[-95.2739,76.2644],[-95.4474,76.363],[-95.8417,76.4162],[-95.9593,76.446],[-96.0397,76.4867],[-96.0131,76.5133],[-95.7889,76.5372],[-95.6957,76.5634],[-95.651,76.5847],[-95.8732,76.5664],[-95.9713,76.5696],[-96.6397,76.7029],[-96.8457,76.7264],[-96.8807,76.7383],[-96.898,76.754],[-96.8976,76.7735],[-96.878,76.8028],[-96.6794,76.7658],[-96.5903,76.763],[-96.4512,76.7741],[-96.4016,76.7972],[-96.4332,76.8107],[-96.661,76.8552],[-96.7711,76.8889],[-96.8135,76.9135],[-96.7698,76.9482],[-96.7583,76.9718],[-96.6851,76.985],[-96.5501,76.9879],[-96.3773,77.0046],[-96.0612,77.05],[-95.8495,77.0662],[-95.6382,77.0638],[-95.1264,77.0173],[-94.6161,76.9583],[-94.295,76.9125]]],[[[-96.2045,78.5313],[-95.9685,78.5051],[-95.5611,78.5166],[-95.4129,78.4976],[-95.0312,78.4303],[-94.9154,78.3905],[-94.8877,78.3605],[-94.8872,78.3452],[-95.0139,78.3126],[-95.2679,78.2626],[-95.3292,78.225],[-95.1027,78.1781],[-94.9878,78.1363],[-94.936,78.1064],[-94.9343,78.0756],[-95.087,77.9926],[-95.1991,77.9682],[-95.3705,77.9708],[-95.4516,77.9632],[-95.6708,77.9245],[-96.0116,77.8874],[-96.4769,77.8722],[-96.603,77.8493],[-96.834,77.8119],[-96.9896,77.806],[-97.0405,77.8274],[-97.0638,77.8591],[-97.052,77.881],[-97.0191,77.9081],[-97.0933,77.9335],[-97.4267,77.9823],[-97.6209,78.0502],[-97.6484,78.0716],[-97.6582,78.0906],[-97.2266,78.1032],[-97.0409,78.1169],[-96.9583,78.139],[-96.9447,78.1519],[-97.0273,78.1574],[-97.323,78.2032],[-97.819,78.2306],[-97.8427,78.2624],[-98.0495,78.3259],[-98.0693,78.3863],[-98.1143,78.403],[-98.2549,78.4292],[-98.2757,78.4379],[-98.3173,78.4769],[-98.3237,78.4981],[-98.3156,78.5175],[-98.0604,78.5584],[-98.096,78.5867],[-98.2899,78.6924],[-98.3408,78.7512],[-98.3326,78.7735],[-98.2121,78.8045],[-98.0429,78.8052],[-97.5959,78.7958],[-97.3823,78.7829],[-97.1693,78.7577],[-96.9358,78.7203],[-96.5871,78.6871],[-96.4753,78.6652],[-96.2653,78.5954],[-96.2426,78.5732],[-96.2565,78.5511],[-96.2045,78.5313]]],[[[-93.1709,74.161],[-92.778,74.1137],[-92.5868,74.0827],[-92.4928,74.0621],[-92.3139,73.9924],[-92.2227,73.9724],[-91.8742,74.0128],[-91.6304,74.0278],[-91.088,74.0093],[-90.6274,73.9517],[-90.458,73.9084],[-90.3546,73.8687],[-90.3814,73.8248],[-90.4662,73.7539],[-90.5656,73.6864],[-90.7646,73.5806],[-90.9337,73.5277],[-90.9755,73.5023],[-91.002,73.4671],[-91.0676,73.4155],[-91.2493,73.304],[-91.2978,73.2849],[-91.5537,73.2361],[-91.466,73.2142],[-91.4259,73.1949],[-91.4596,73.1454],[-91.621,73.0259],[-91.7883,72.9154],[-91.9053,72.8493],[-92.1179,72.7538],[-92.2349,72.7268],[-92.3919,72.7185],[-93.3406,72.8019],[-93.5787,72.8005],[-94.2113,72.7569],[-94.1517,72.7356],[-93.92,72.7034],[-93.7706,72.6682],[-93.5723,72.5586],[-93.5465,72.5313],[-93.5339,72.4995],[-93.5416,72.437],[-93.5552,72.4211],[-93.8706,72.2526],[-93.9726,72.13],[-94.0375,72.0288],[-94.1437,72.0008],[-94.4972,72.0436],[-94.6112,72.0423],[-95.0079,72.0128],[-95.193,72.0274],[-95.1668,72.18],[-95.1927,72.3448],[-95.251,72.502],[-95.5476,72.7815],[-95.5803,72.8312],[-95.6021,72.8845],[-95.6132,72.9416],[-95.6122,72.9991],[-95.5916,73.1153],[-95.5893,73.1742],[-95.6041,73.3277],[-95.6442,73.5575],[-95.648,73.6385],[-95.6453,73.6708],[-95.6329,73.6955],[-95.5694,73.7282],[-95.4474,73.7517],[-95.386,73.7551],[-94.9961,73.6857],[-94.8168,73.6625],[-94.6976,73.6636],[-94.691,73.6714],[-94.7972,73.6861],[-94.8969,73.716],[-95.0595,73.8051],[-95.1341,73.8812],[-95.149,73.9064],[-95.1526,73.9328],[-95.1448,73.9603],[-95.1212,73.9851],[-95.0398,74.0239],[-94.9735,74.0414],[-94.729,74.086],[-94.4826,74.1131],[-93.9388,74.1316],[-93.7846,74.1184],[-93.5492,74.1671],[-93.4103,74.1788],[-93.1709,74.161]]],[[[-97.4395,69.6427],[-97.4086,69.6308],[-97.3507,69.6409],[-97.3058,69.6735],[-97.2785,69.6796],[-97.2361,69.6735],[-97.0963,69.615],[-96.9891,69.5536],[-96.8752,69.51],[-96.6945,69.4711],[-96.3,69.3444],[-96.1837,69.2587],[-96.061,69.1254],[-95.9514,69.0237],[-95.8549,68.9536],[-95.7514,68.8977],[-95.5855,68.8351],[-95.4375,68.8806],[-95.3742,68.8921],[-95.3195,68.8732],[-95.2678,68.8261],[-95.2952,68.805],[-95.3595,68.7784],[-95.4656,68.7473],[-95.6142,68.745],[-95.6856,68.7358],[-95.8021,68.6865],[-95.8946,68.6272],[-96.024,68.6073],[-96.2676,68.5079],[-96.4016,68.4707],[-96.5988,68.4608],[-97.0084,68.5387],[-97.2637,68.5277],[-97.472,68.5437],[-97.7048,68.6259],[-97.8854,68.6725],[-98.2351,68.7394],[-98.258,68.7493],[-98.273,68.7719],[-98.2802,68.8072],[-98.296,68.8308],[-98.3206,68.8427],[-98.3756,68.8417],[-98.4318,68.8184],[-98.5396,68.7982],[-98.7038,68.8028],[-98.7752,68.8167],[-98.8296,68.8386],[-98.8591,68.8644],[-98.8637,68.8938],[-98.8789,68.9165],[-98.9045,68.9324],[-98.964,68.9329],[-99.0574,68.9177],[-99.0938,68.8989],[-99.0734,68.8766],[-99.0906,68.8633],[-99.254,68.8632],[-99.318,68.8763],[-99.4409,68.9177],[-99.4947,68.9596],[-99.5641,69.0341],[-99.5574,69.0543],[-99.5133,69.0996],[-99.4557,69.1312],[-99.0854,69.1498],[-98.9122,69.1676],[-98.7236,69.2191],[-98.5035,69.3083],[-98.456,69.3347],[-98.4504,69.3541],[-98.4666,69.375],[-98.5354,69.4263],[-98.5585,69.4614],[-98.5367,69.478],[-98.4484,69.4795],[-98.4949,69.4994],[-98.5344,69.5274],[-98.5482,69.545],[-98.546,69.5729],[-98.4758,69.5791],[-98.3894,69.565],[-98.2223,69.4845],[-98.1558,69.4688],[-98.0414,69.4566],[-98.163,69.5122],[-98.2888,69.629],[-98.3045,69.6693],[-98.3012,69.6917],[-98.2682,69.7544],[-98.2387,69.78],[-98.2005,69.797],[-98.0808,69.8331],[-97.889,69.8583],[-97.7907,69.8616],[-97.6912,69.8413],[-97.6043,69.8022],[-97.4114,69.7385],[-97.3826,69.7124],[-97.3857,69.7002],[-97.4602,69.6827],[-97.4694,69.6668],[-97.4395,69.6427]]],[[[-61.1052,45.9447],[-61.0713,45.9371],[-60.9366,45.9855],[-60.8652,45.9835],[-60.8684,45.9486],[-60.9843,45.9107],[-61.0375,45.8822],[-60.9706,45.8558],[-60.9715,45.838],[-61.052,45.795],[-61.0921,45.7484],[-61.059,45.7034],[-60.9304,45.7477],[-60.8776,45.7481],[-60.8061,45.7381],[-60.7379,45.7514],[-60.6991,45.7733],[-60.4724,45.9465],[-60.4606,45.9687],[-60.7049,45.9329],[-60.7333,45.9566],[-60.5732,46.0614],[-60.5857,46.1166],[-60.5049,46.2039],[-60.4309,46.2556],[-60.3765,46.2846],[-60.2979,46.3112],[-60.2438,46.2701],[-60.2265,46.1956],[-60.0925,46.206],[-59.9614,46.191],[-59.865,46.1595],[-59.85,46.1414],[-59.8488,46.1129],[-59.8809,46.0616],[-59.934,46.0194],[-59.828,45.9651],[-59.8422,45.9416],[-60.0158,45.8805],[-60.1145,45.8189],[-60.2051,45.743],[-60.3861,45.6546],[-60.6729,45.5908],[-60.7637,45.5908],[-60.8716,45.6107],[-60.9786,45.6062],[-61.0837,45.5824],[-61.1864,45.585],[-61.2363,45.5725],[-61.2837,45.5739],[-61.3234,45.5985],[-61.4083,45.6691],[-61.4498,45.7162],[-61.4953,45.9415],[-61.4806,46.0598],[-61.4086,46.1704],[-61.3022,46.2438],[-61.2405,46.3025],[-60.9825,46.6505],[-60.932,46.7294],[-60.8702,46.7968],[-60.7597,46.8634],[-60.6166,46.9758],[-60.571,46.9988],[-60.4891,47.0097],[-60.4082,47.0035],[-60.4313,46.9629],[-60.4254,46.9232],[-60.3317,46.7678],[-60.3329,46.737],[-60.3841,46.6133],[-60.4824,46.4135],[-60.5077,46.3034],[-60.4945,46.2703],[-60.5344,46.2146],[-60.5769,46.1722],[-60.7448,46.0927],[-60.8306,46.0741],[-60.9122,46.0446],[-61.1052,45.9447]]],[[[-67.1249,45.1694],[-67.171,45.182],[-67.2132,45.1925],[-67.2496,45.2008],[-67.2707,45.1867],[-67.2907,45.1679],[-67.3153,45.1538],[-67.3669,45.1738],[-67.3998,45.2102],[-67.4526,45.2477],[-67.4726,45.2759],[-67.462,45.3087],[-67.4385,45.3404],[-67.4279,45.3779],[-67.4538,45.4212],[-67.4772,45.4459],[-67.4937,45.4741],[-67.4878,45.501],[-67.4549,45.514],[-67.4244,45.5304],[-67.4139,45.5656],[-67.4327,45.6031],[-67.4866,45.6184],[-67.5312,45.6125],[-67.5958,45.6208],[-67.6579,45.6442],[-67.699,45.6712],[-67.7307,45.6865],[-67.7553,45.6865],[-67.7847,45.7017],[-67.8022,45.7275],[-67.7999,45.7698],[-67.7917,45.7956],[-67.7753,45.8179],[-67.7741,45.8425],[-67.7812,45.8602],[-67.7823,45.8742],[-67.7776,45.8918],[-67.767,45.927],[-67.7847,45.9528],[-67.7865,46.0421],[-67.7899,46.2093],[-67.7925,46.3374],[-67.7958,46.4984],[-67.7977,46.6156],[-67.8003,46.7799],[-67.8028,46.9357],[-67.8068,47.0828],[-67.9349,47.1676],[-68.0968,47.2749],[-68.2355,47.3459],[-68.3109,47.3545],[-68.358,47.3445],[-68.3769,47.3162],[-68.4804,47.2858],[-68.6686,47.2535],[-68.8287,47.2033],[-68.8874,47.2028],[-68.9372,47.2112],[-69.0031,47.2364],[-69.0486,47.2736],[-69.0643,47.3381],[-69.0502,47.4266],[-69.1463,47.4448],[-69.2429,47.463],[-69.3021,47.402],[-69.3589,47.3506],[-69.4715,47.2387],[-69.6298,47.0813],[-69.7175,46.9949],[-69.8717,46.8429],[-70.0077,46.7089],[-70.0382,46.5714],[-70.0672,46.4411],[-70.1797,46.3418],[-70.2483,46.2509],[-70.2789,46.15],[-70.3045,46.0574],[-70.3064,45.9798],[-70.2872,45.9392],[-70.2962,45.9061],[-70.3334,45.8681],[-70.4079,45.8019],[-70.4211,45.7382],[-70.4666,45.7068],[-70.5964,45.644],[-70.7022,45.5514],[-70.7074,45.4989],[-70.6921,45.4554],[-70.6898,45.4283],[-70.7109,45.4095],[-70.7533,45.4107],[-70.7992,45.4048],[-70.8378,45.3662],[-70.8368,45.3107],[-70.865,45.2707],[-70.898,45.2625],[-70.9262,45.2907],[-70.9602,45.3331],[-70.9999,45.3373],[-71.0603,45.3091],[-71.1347,45.2628],[-71.2016,45.2604],[-71.3273,45.2901],[-71.419,45.2003],[-71.5175,45.0076],[-71.9336,45.0071],[-72.3498,45.0066],[-72.7659,45.0061],[-73.182,45.0056],[-73.5981,45.0052],[-74.0143,45.0047],[-74.4304,45.0042],[-74.6632,45.0039],[-74.7089,45.0039],[-74.5663,45.0416],[-74.269,45.1883],[-74.0498,45.2414],[-73.7646,45.3955],[-73.5581,45.4251],[-73.5188,45.459],[-73.4842,45.5868],[-73.4653,45.6323],[-73.3688,45.7578],[-73.253,45.8637],[-73.1596,46.0101],[-72.9899,46.1036],[-72.7334,46.1818],[-72.4962,46.3527],[-72.3662,46.4048],[-72.2401,46.4421],[-72.1872,46.5115],[-72.1093,46.5512],[-71.9009,46.6319],[-71.6713,46.6538],[-71.4392,46.7208],[-71.2612,46.7563],[-71.152,46.8191],[-70.9933,46.8522],[-70.5195,47.0325],[-70.3881,47.1169],[-70.2178,47.2898],[-70.0696,47.3778],[-70.0171,47.4714],[-69.8022,47.6234],[-69.5811,47.8237],[-69.471,47.9673],[-69.3063,48.047],[-68.9871,48.275],[-68.8157,48.366],[-68.746,48.3764],[-68.552,48.4573],[-68.4315,48.5417],[-68.2382,48.6264],[-67.889,48.7309],[-67.5609,48.856],[-67.1175,48.9642],[-66.5981,49.1264],[-66.1782,49.2131],[-65.8828,49.2257],[-65.5234,49.2662],[-65.3961,49.2621],[-64.8363,49.1917],[-64.5677,49.1048],[-64.2618,48.9219],[-64.2162,48.8736],[-64.2088,48.8062],[-64.3708,48.839],[-64.5137,48.8411],[-64.4146,48.8036],[-64.2461,48.6911],[-64.2538,48.5504],[-64.3488,48.4232],[-64.6332,48.3605],[-64.7058,48.3106],[-64.7645,48.2281],[-64.8221,48.1965],[-64.9599,48.1599],[-65.0361,48.1063],[-65.2594,48.0212],[-65.36,48.0111],[-65.4759,48.0315],[-65.7547,48.1117],[-65.9267,48.1889],[-66.0125,48.1467],[-66.0831,48.1027],[-66.2486,48.1173],[-66.3243,48.0979],[-66.449,48.1196],[-66.7044,48.0225],[-66.6315,48.0111],[-66.4288,48.0669],[-66.3596,48.0606],[-66.2102,47.9886],[-65.8494,47.911],[-65.7557,47.8598],[-65.6665,47.6961],[-65.6072,47.67],[-65.4835,47.687],[-65.3439,47.7679],[-65.2282,47.8113],[-65.0017,47.8468],[-65.0464,47.793],[-64.874,47.7972],[-64.7032,47.7249],[-64.7663,47.6735],[-64.8521,47.5699],[-64.9122,47.3687],[-65.0861,47.2338],[-65.3189,47.1012],[-65.2602,47.0692],[-65.1921,47.0496],[-65.0424,47.0888],[-64.9424,47.0862],[-64.8314,47.0608],[-64.8659,46.9578],[-64.9058,46.8879],[-64.8825,46.8229],[-64.8167,46.6987],[-64.7259,46.6714],[-64.6895,46.5123],[-64.6414,46.4256],[-64.6479,46.356],[-64.5568,46.3114],[-64.5415,46.2403],[-64.2118,46.2202],[-64.145,46.1929],[-63.9159,46.1658],[-63.8727,46.1462],[-63.8319,46.1072],[-64.0564,46.0213],[-63.8747,45.9592],[-63.7029,45.858],[-63.5677,45.8779],[-63.5092,45.8747],[-63.358,45.8113],[-63.3159,45.7799],[-63.2928,45.752],[-63.2169,45.758],[-63.1079,45.7824],[-62.9108,45.7764],[-62.7007,45.7406],[-62.7184,45.686],[-62.7501,45.6482],[-62.5856,45.6607],[-62.4831,45.6218],[-62.4473,45.6405],[-62.4219,45.6646],[-62.2177,45.7309],[-61.9555,45.8682],[-61.9236,45.8512],[-61.9116,45.7991],[-61.8772,45.7142],[-61.7765,45.6556],[-61.6569,45.6422],[-61.4923,45.687],[-61.4276,45.6483],[-61.3505,45.5737],[-61.2771,45.476],[-61.282,45.4411],[-61.3761,45.4106],[-61.461,45.3667],[-61.1067,45.3486],[-61.0708,45.3302],[-61.0315,45.2917],[-61.0677,45.2528],[-61.1011,45.2334],[-61.1653,45.2561],[-61.2838,45.2355],[-61.3873,45.1851],[-61.4979,45.157],[-61.5688,45.1538],[-61.6474,45.1305],[-61.7192,45.0945],[-61.7939,45.0844],[-62.0268,44.9945],[-62.265,44.9365],[-62.514,44.8437],[-62.7681,44.7851],[-63.0318,44.7148],[-63.0892,44.7085],[-63.1557,44.7113],[-63.3063,44.6426],[-63.3808,44.6519],[-63.4568,44.6399],[-63.5443,44.6551],[-63.604,44.6832],[-63.5583,44.6106],[-63.5448,44.5438],[-63.5677,44.5145],[-63.6098,44.48],[-63.7611,44.4864],[-63.8207,44.5106],[-63.8913,44.5463],[-63.9237,44.6039],[-63.9997,44.6449],[-64.0449,44.5879],[-64.0446,44.5454],[-64.1009,44.4875],[-64.167,44.5867],[-64.2861,44.5503],[-64.3385,44.4449],[-64.3123,44.4147],[-64.2757,44.3341],[-64.3346,44.292],[-64.3782,44.3036],[-64.4688,44.1852],[-64.5785,44.142],[-64.6916,44.0213],[-64.8256,43.9293],[-64.8624,43.8679],[-65.0868,43.7272],[-65.1721,43.7314],[-65.2349,43.7268],[-65.3296,43.6681],[-65.3443,43.5496],[-65.3861,43.5653],[-65.4285,43.5614],[-65.4504,43.5242],[-65.4817,43.5181],[-65.5645,43.5533],[-65.6619,43.534],[-65.7381,43.5607],[-65.8353,43.7344],[-65.8869,43.7952],[-65.9784,43.8148],[-66.0021,43.7781],[-66.0376,43.7422],[-66.1257,43.8138],[-66.1925,44.0797],[-66.1931,44.1438],[-66.0996,44.3675],[-65.868,44.5688],[-65.9419,44.5755],[-66.1464,44.4359],[-66.1253,44.4697],[-66.0906,44.5049],[-66.0217,44.5617],[-65.917,44.6151],[-65.7777,44.6462],[-65.6818,44.6509],[-65.6158,44.6804],[-65.52,44.7327],[-65.5022,44.7604],[-65.5872,44.7285],[-65.7282,44.6971],[-65.692,44.7383],[-65.6567,44.7603],[-64.9029,45.1208],[-64.7513,45.1802],[-64.4488,45.2561],[-64.4069,45.3057],[-64.4481,45.3375],[-64.3308,45.3093],[-64.3404,45.2682],[-64.3588,45.2382],[-64.3657,45.1873],[-64.3542,45.1382],[-64.235,45.1143],[-64.1355,45.023],[-64.1827,45.147],[-64.0932,45.2171],[-63.7483,45.3109],[-63.4603,45.3211],[-63.368,45.3648],[-63.6145,45.3941],[-63.9064,45.3782],[-64.0872,45.4109],[-64.3364,45.3896],[-64.6002,45.4101],[-64.6811,45.383],[-64.7467,45.3244],[-64.8319,45.3502],[-64.8731,45.3546],[-64.9129,45.3748],[-64.8274,45.4755],[-64.5601,45.6255],[-64.3971,45.7559],[-64.3511,45.7832],[-64.3146,45.8357],[-64.4041,45.8269],[-64.4822,45.8063],[-64.5363,45.8666],[-64.6327,45.9466],[-64.642,45.9133],[-64.5937,45.8137],[-64.7785,45.6384],[-64.8979,45.626],[-65.0573,45.5442],[-65.2823,45.4731],[-65.545,45.3373],[-65.8845,45.2229],[-65.9556,45.2225],[-66.1098,45.3166],[-66.0666,45.3595],[-66.0266,45.4176],[-66.0649,45.4008],[-66.0897,45.3756],[-66.1827,45.3352],[-66.1073,45.2569],[-66.1437,45.2276],[-66.2516,45.189],[-66.352,45.1332],[-66.4398,45.0959],[-66.5109,45.1434],[-66.7072,45.0834],[-66.8725,45.0673],[-66.9082,45.0977],[-66.9187,45.1456],[-66.9766,45.1572],[-67.0841,45.1439],[-67.1249,45.1694]]],[[[-55.4587,51.5365],[-55.5324,51.437],[-55.5834,51.3886],[-55.6308,51.3729],[-55.7307,51.3587],[-55.9412,51.343],[-56.0311,51.3284],[-56.0439,51.2619],[-56.0307,51.2269],[-55.9999,51.1993],[-55.9608,51.1914],[-55.8735,51.2079],[-55.8411,51.2051],[-55.8151,51.1912],[-55.7955,51.1662],[-55.7854,51.1314],[-55.7847,51.0871],[-55.8,51.0333],[-55.8714,50.9074],[-55.962,50.8377],[-56.0781,50.781],[-56.1065,50.7593],[-56.1212,50.7338],[-56.1356,50.651],[-56.1958,50.5848],[-56.3824,50.417],[-56.4543,50.38],[-56.4548,50.3505],[-56.4839,50.2709],[-56.5394,50.2067],[-56.694,50.0597],[-56.7323,50.0077],[-56.7496,49.9666],[-56.7472,49.9085],[-56.7541,49.8829],[-56.7895,49.8337],[-56.8389,49.7877],[-56.8486,49.7653],[-56.8292,49.7246],[-56.8092,49.7104],[-56.8069,49.6733],[-56.8222,49.6135],[-56.7568,49.6516],[-56.6106,49.7877],[-56.5009,49.8696],[-56.4276,49.8974],[-56.3764,49.9337],[-56.3218,50.0138],[-56.2471,50.0901],[-56.1794,50.115],[-56.1484,50.1003],[-56.1222,50.0628],[-56.1274,50.0151],[-56.1642,49.9573],[-56.1613,49.9401],[-56.075,49.9826],[-55.927,50.0178],[-55.8733,50.0131],[-55.7647,49.9604],[-55.6745,49.9666],[-55.53,49.9972],[-55.5029,49.9832],[-55.527,49.9368],[-55.5837,49.8924],[-55.7176,49.829],[-56.04,49.7047],[-56.1402,49.6191],[-56.1212,49.6217],[-56.0516,49.6584],[-55.9785,49.6781],[-55.9019,49.6809],[-55.8698,49.6702],[-55.8823,49.6459],[-55.892,49.5803],[-56.0873,49.452],[-56.0412,49.4568],[-55.8152,49.5153],[-55.6781,49.4346],[-55.4897,49.4625],[-55.3759,49.4897],[-55.3792,49.4729],[-55.3545,49.4377],[-55.3554,49.3809],[-55.3438,49.3729],[-55.2899,49.3919],[-55.2802,49.4127],[-55.283,49.5138],[-55.2664,49.5239],[-55.2295,49.5082],[-55.207,49.482],[-55.2003,49.4085],[-55.225,49.3347],[-55.2593,49.267],[-55.3425,49.1681],[-55.3319,49.1256],[-55.3532,49.0794],[-55.3348,49.0779],[-55.2523,49.1209],[-55.2474,49.1386],[-55.2538,49.1796],[-55.2445,49.1998],[-55.1761,49.2444],[-55.0632,49.2974],[-55.0262,49.3054],[-55.0104,49.293],[-55.0159,49.2604],[-54.9826,49.2681],[-54.9105,49.3163],[-54.8437,49.3454],[-54.7819,49.3555],[-54.7176,49.3886],[-54.6509,49.4445],[-54.5791,49.4908],[-54.5022,49.5273],[-54.4692,49.5298],[-54.4806,49.4693],[-54.4654,49.4005],[-54.4635,49.3417],[-54.4482,49.3294],[-54.3891,49.3921],[-54.3562,49.415],[-54.3167,49.4241],[-54.2708,49.4193],[-53.9577,49.4418],[-53.8625,49.4263],[-53.755,49.3853],[-53.6194,49.3216],[-53.5696,49.2642],[-53.5601,49.1917],[-53.5734,49.1412],[-53.6711,49.0775],[-53.7581,49.0354],[-53.8093,48.9934],[-53.8249,48.9514],[-53.8452,48.9254],[-53.9032,48.8892],[-54.1613,48.7877],[-54.0995,48.7848],[-53.9507,48.8068],[-53.8529,48.8113],[-53.8478,48.7967],[-53.8868,48.7678],[-53.9615,48.7389],[-53.9696,48.7249],[-53.966,48.7067],[-53.8861,48.6847],[-53.7841,48.6954],[-53.698,48.6798],[-53.7063,48.6555],[-53.7746,48.5763],[-53.7946,48.5264],[-53.8855,48.4846],[-54.0678,48.4188],[-54.1145,48.3936],[-54.1042,48.3884],[-53.937,48.4366],[-53.8527,48.4488],[-53.7993,48.4492],[-53.7389,48.4958],[-53.6444,48.5112],[-53.5521,48.4818],[-53.4113,48.5622],[-53.3611,48.5726],[-53.2754,48.5633],[-53.2203,48.5779],[-53.1273,48.6326],[-53.0573,48.659],[-53.0427,48.6566],[-53.0276,48.6347],[-53.0208,48.5716],[-53.0373,48.5159],[-53.0602,48.4803],[-53.1357,48.4019],[-53.1821,48.3744],[-53.2251,48.364],[-53.3012,48.3682],[-53.3343,48.356],[-53.4055,48.2943],[-53.5312,48.2319],[-53.6098,48.2077],[-53.5602,48.1738],[-53.5418,48.1084],[-53.5694,48.0881],[-53.7043,48.0679],[-53.7102,48.0568],[-53.7582,48.0424],[-53.8696,48.0197],[-53.7936,48.0097],[-53.653,48.0257],[-53.6382,48.0146],[-53.6576,47.9687],[-53.695,47.9212],[-53.8617,47.7993],[-53.8637,47.787],[-53.8377,47.7272],[-53.8054,47.682],[-53.7651,47.6501],[-53.6724,47.6482],[-53.6038,47.6623],[-53.5038,47.7438],[-53.2827,47.9979],[-53.0854,48.0685],[-52.921,48.1471],[-52.8833,48.1312],[-52.866,48.113],[-52.872,48.0939],[-52.955,48.0293],[-52.9982,47.9759],[-53.1108,47.8119],[-53.1539,47.7346],[-53.1755,47.653],[-53.1698,47.5121],[-53.1577,47.4878],[-53.1225,47.4551],[-53.0568,47.4831],[-52.945,47.5528],[-52.8732,47.6194],[-52.8169,47.7279],[-52.7824,47.7694],[-52.7449,47.7689],[-52.7114,47.7453],[-52.7033,47.693],[-52.6722,47.6218],[-52.6537,47.5494],[-52.6685,47.4698],[-52.6836,47.4263],[-52.9124,47.1032],[-52.8881,47.0459],[-52.8821,47.0111],[-52.8892,46.9741],[-52.9617,46.8194],[-53.0319,46.7228],[-53.0698,46.6812],[-53.1148,46.6558],[-53.167,46.6465],[-53.2137,46.6605],[-53.2549,46.6977],[-53.2913,46.717],[-53.323,46.7184],[-53.3817,46.7114],[-53.5361,46.6325],[-53.5678,46.6283],[-53.5898,46.6389],[-53.6164,46.6803],[-53.5952,46.8885],[-53.5813,46.9573],[-53.6122,47.0104],[-53.5796,47.0994],[-53.5785,47.1333],[-53.5974,47.146],[-53.6364,47.1377],[-53.6954,47.0929],[-53.7743,47.0118],[-53.86,46.9395],[-54.0096,46.8396],[-54.076,46.82],[-54.1024,46.8249],[-54.1328,46.8386],[-54.1737,46.8804],[-54.1733,46.9172],[-54.1552,46.9675],[-54.0927,47.0862],[-53.9705,47.262],[-53.8691,47.387],[-53.8495,47.4403],[-53.8779,47.4636],[-53.9008,47.5093],[-53.9397,47.6447],[-53.989,47.7562],[-54.0473,47.8056],[-54.1918,47.8598],[-54.2184,47.8467],[-54.2339,47.7717],[-54.4047,47.5559],[-54.4345,47.4623],[-54.4559,47.4276],[-54.4881,47.4039],[-54.5625,47.3752],[-54.5424,47.4251],[-54.4632,47.5362],[-54.4739,47.5471],[-54.5745,47.4578],[-54.6512,47.4082],[-54.7447,47.3955],[-54.8015,47.3986],[-54.8566,47.385],[-55.0904,47.1739],[-55.0992,47.1036],[-55.1396,47.0459],[-55.2549,46.9417],[-55.3157,46.9057],[-55.4013,46.8993],[-55.4793,46.9173],[-55.5307,46.914],[-55.6523,46.8814],[-55.7885,46.8672],[-55.8447,46.8738],[-55.8806,46.8872],[-55.9499,46.9277],[-55.9582,46.9564],[-55.9545,46.9732],[-55.9192,47.0169],[-55.8384,47.0716],[-55.7718,47.0921],[-55.6101,47.1196],[-55.4915,47.1606],[-55.4012,47.2215],[-55.3609,47.2586],[-55.1908,47.449],[-54.9756,47.5162],[-54.8695,47.5709],[-54.7954,47.6403],[-54.7846,47.6647],[-54.891,47.6295],[-54.9459,47.6208],[-55.035,47.6339],[-55.0746,47.6576],[-55.1966,47.65],[-55.3663,47.6611],[-55.3908,47.6429],[-55.4127,47.5504],[-55.4347,47.5013],[-55.4606,47.4848],[-55.4986,47.475],[-55.5761,47.4652],[-55.7747,47.4983],[-55.8114,47.5164],[-55.8621,47.5301],[-56.0813,47.5],[-56.1272,47.5028],[-56.0837,47.5245],[-55.8671,47.5923],[-55.8444,47.7878],[-55.8579,47.8192],[-55.9185,47.7919],[-56.0201,47.7637],[-56.0896,47.7719],[-56.1214,47.7892],[-56.1506,47.7745],[-56.2213,47.6714],[-56.263,47.6584],[-56.3258,47.6545],[-56.4596,47.6169],[-56.7223,47.5923],[-56.7741,47.565],[-56.9525,47.5745],[-57.4734,47.6311],[-57.6598,47.6254],[-57.8841,47.66],[-57.9255,47.6749],[-58.2393,47.6688],[-58.3332,47.6769],[-58.327,47.7199],[-58.3369,47.7309],[-58.428,47.6834],[-58.5089,47.6526],[-58.6131,47.6262],[-58.9412,47.5805],[-59.1169,47.5707],[-59.2193,47.6025],[-59.2598,47.6342],[-59.3207,47.7369],[-59.3624,47.8657],[-59.3621,47.889],[-59.3409,47.9336],[-59.2721,47.9956],[-58.9608,48.1594],[-58.7106,48.325],[-58.605,48.4113],[-58.5026,48.442],[-58.3355,48.5137],[-58.3302,48.5221],[-58.4922,48.513],[-58.6062,48.5329],[-58.7226,48.5407],[-58.9438,48.5218],[-59.1668,48.5218],[-59.1677,48.5585],[-59.0634,48.6277],[-58.8418,48.7464],[-58.8192,48.7468],[-58.8871,48.6916],[-58.9064,48.6502],[-58.8772,48.6227],[-58.8434,48.6053],[-58.7165,48.598],[-58.6874,48.6221],[-58.6416,48.7494],[-58.5456,48.8969],[-58.4937,49.0032],[-58.4037,49.0843],[-58.3587,49.0965],[-58.3188,49.0813],[-58.1861,49.0619],[-58.0497,48.9875],[-58.0056,48.9813],[-57.9905,48.9879],[-58.0406,49.0098],[-58.0818,49.0447],[-58.0989,49.0774],[-58.0491,49.18],[-57.9907,49.2095],[-57.9801,49.2296],[-58.0969,49.2301],[-58.1909,49.2587],[-58.2189,49.3051],[-58.2134,49.3867],[-58.1827,49.4354],[-58.1074,49.4997],[-58.0158,49.5425],[-57.9612,49.5315],[-57.8561,49.4738],[-57.7913,49.49],[-57.7988,49.5085],[-57.8975,49.6004],[-57.9291,49.6684],[-57.9262,49.7008],[-57.7125,50.0249],[-57.608,50.1988],[-57.4655,50.4637],[-57.4326,50.5058],[-57.3604,50.5839],[-57.3306,50.6052],[-57.2374,50.6054],[-57.1796,50.6148],[-57.2642,50.6494],[-57.2944,50.6734],[-57.298,50.6987],[-57.2749,50.7253],[-57.2421,50.7449],[-57.1316,50.7874],[-57.0533,50.8573],[-57.0057,50.9396],[-57.0127,50.9677],[-57.0373,50.9957],[-57.0359,51.0108],[-56.9764,51.028],[-56.8251,51.1257],[-56.8055,51.1445],[-56.7502,51.2749],[-56.6824,51.3328],[-56.619,51.3625],[-56.518,51.3993],[-56.2074,51.4886],[-56.0256,51.5684],[-55.9021,51.5639],[-55.8658,51.5083],[-55.6904,51.4713],[-55.6596,51.511],[-55.7006,51.5594],[-55.6664,51.5789],[-55.5216,51.5964],[-55.4964,51.5898],[-55.4532,51.5623],[-55.4587,51.5365]]],[[[-86.5894,71.0108],[-86.5497,70.9888],[-86.3213,71.0168],[-86.1271,71.049],[-85.8246,71.1257],[-85.6438,71.1524],[-85.0949,71.152],[-85.0016,71.1375],[-85.0428,71.0916],[-85.0658,71.0786],[-85.0477,71.0587],[-84.9885,71.0317],[-84.8703,71.0018],[-84.8237,71.0286],[-84.7896,71.0933],[-84.7086,71.3587],[-84.6743,71.4388],[-84.6581,71.5146],[-84.66,71.5861],[-84.6994,71.6314],[-84.8401,71.6586],[-85.0322,71.6541],[-85.1309,71.6612],[-85.2505,71.6753],[-85.3391,71.6973],[-85.3967,71.7271],[-85.5115,71.8166],[-85.5962,71.8664],[-85.8133,71.9564],[-85.9116,71.9865],[-85.8621,72.022],[-85.6648,72.0628],[-85.5458,72.1016],[-85.4059,72.2148],[-85.3219,72.2332],[-85.0187,72.2182],[-84.6085,72.1295],[-84.3517,72.0526],[-84.2837,72.0445],[-84.2823,72.0584],[-84.3475,72.0944],[-84.643,72.1896],[-84.7775,72.2588],[-84.842,72.3082],[-84.811,72.3295],[-84.6447,72.3514],[-84.623,72.3766],[-84.8494,72.4062],[-84.9642,72.4056],[-85.0568,72.3844],[-85.1564,72.3829],[-85.3411,72.4215],[-85.3913,72.444],[-85.4978,72.5106],[-85.5537,72.5686],[-85.6156,72.6046],[-85.6379,72.6332],[-85.6499,72.7222],[-85.6445,72.7745],[-85.6194,72.8192],[-85.5746,72.8564],[-85.4548,72.9251],[-85.3876,72.945],[-85.2621,72.954],[-84.9896,72.9199],[-84.2566,72.7967],[-84.2743,72.8364],[-85.094,73.0026],[-85.3839,73.0454],[-85.4547,73.1055],[-85.0184,73.3355],[-84.6161,73.3896],[-84.4161,73.4565],[-84.089,73.4594],[-83.7819,73.4169],[-83.7765,73.4285],[-83.915,73.5084],[-83.9041,73.5283],[-83.7298,73.5759],[-83.4104,73.6317],[-83.0205,73.676],[-82.9432,73.6991],[-82.8433,73.7154],[-82.6596,73.7296],[-82.2028,73.7365],[-81.9461,73.7298],[-81.6054,73.696],[-81.4062,73.6345],[-81.3441,73.5978],[-81.2383,73.4795],[-81.1518,73.314],[-81.0251,73.2452],[-80.8217,73.2072],[-80.6812,73.1658],[-80.6035,73.1212],[-80.5828,73.0649],[-80.6191,72.9972],[-80.5919,72.9277],[-80.5009,72.8566],[-80.4308,72.8163],[-80.2772,72.7702],[-80.2747,72.7456],[-80.3227,72.7175],[-80.4243,72.6789],[-80.6751,72.5586],[-80.9987,72.4262],[-81.2293,72.3117],[-81.2406,72.2779],[-80.7608,72.4572],[-80.6115,72.4508],[-80.6047,72.4258],[-80.7024,72.3383],[-80.8215,72.2603],[-80.9412,72.2102],[-80.9193,72.1913],[-80.6914,72.1035],[-80.7333,72.089],[-80.8433,72.0962],[-80.8884,72.0883],[-80.9211,72.0723],[-80.9414,72.0482],[-80.9427,72.0144],[-80.925,71.9707],[-80.9268,71.9381],[-80.9479,71.9166],[-80.9251,71.9077],[-80.8584,71.9114],[-80.8022,71.9292],[-80.7054,71.9881],[-80.3861,72.1488],[-80.1819,72.2088],[-80.1161,72.2141],[-79.9283,72.175],[-79.8844,72.1772],[-80.0909,72.3009],[-80.1089,72.3322],[-80.067,72.3783],[-80.0418,72.3942],[-79.9267,72.4282],[-79.8313,72.4463],[-79.7779,72.4387],[-79.6933,72.3759],[-79.6539,72.3322],[-79.5837,72.3146],[-79.4274,72.3373],[-79.3233,72.3908],[-79.1944,72.3557],[-79.0002,72.272],[-79.018,72.1882],[-79.0178,72.1043],[-79.0078,72.0429],[-78.7759,71.9304],[-78.6145,71.881],[-78.5851,71.8806],[-78.5889,71.8975],[-78.6226,71.935],[-78.7111,71.9724],[-78.7908,72.0303],[-78.8627,72.1008],[-78.8201,72.2654],[-78.6993,72.3514],[-78.5825,72.3293],[-78.4288,72.2798],[-78.3075,72.2751],[-78.1164,72.2803],[-77.726,72.18],[-77.5165,72.1778],[-77.5357,72.2188],[-77.6945,72.2384],[-77.9262,72.2938],[-78.2872,72.3598],[-78.4531,72.4352],[-78.4843,72.4706],[-78.4795,72.5087],[-78.4588,72.5423],[-78.4224,72.5715],[-78.3502,72.6002],[-78.001,72.6876],[-77.7532,72.7248],[-77.5668,72.7369],[-77.2554,72.7359],[-76.8935,72.7207],[-76.6979,72.6951],[-76.4732,72.6333],[-76.1888,72.5722],[-76.0873,72.5613],[-75.9688,72.5627],[-75.8332,72.5765],[-75.7043,72.5715],[-75.2942,72.4809],[-75.1858,72.4342],[-75.1201,72.3777],[-75.0715,72.3229],[-75.0398,72.2696],[-75.0527,72.2264],[-75.3941,72.0398],[-75.5428,72.008],[-75.641,71.9372],[-75.7874,71.8031],[-75.9113,71.7313],[-75.9228,71.7172],[-75.8968,71.7137],[-75.8221,71.7459],[-75.6934,71.8386],[-75.5999,71.9185],[-75.4284,71.9844],[-75.1477,72.063],[-74.9032,72.1005],[-74.6949,72.0969],[-74.5197,72.0856],[-74.3774,72.0666],[-74.293,72.0506],[-74.2664,72.0377],[-74.2093,71.9787],[-74.2126,71.9387],[-74.2482,71.8937],[-74.3157,71.8427],[-74.6215,71.7863],[-74.7891,71.742],[-74.893,71.7255],[-75.2048,71.7091],[-75.1911,71.6916],[-74.9595,71.6675],[-74.7008,71.6756],[-74.7074,71.6469],[-74.829,71.5709],[-74.8683,71.5047],[-74.8345,71.4506],[-74.8407,71.4066],[-74.9313,71.3141],[-75.0354,71.2305],[-74.9962,71.2181],[-74.7589,71.3381],[-74.6953,71.4694],[-74.5996,71.5849],[-74.4881,71.6484],[-74.4041,71.6725],[-74.1391,71.6822],[-73.9921,71.7496],[-73.8666,71.771],[-73.8141,71.7714],[-73.7072,71.7463],[-73.7136,71.7199],[-73.8686,71.5994],[-74.1973,71.4042],[-74.0633,71.4265],[-73.9725,71.4729],[-73.8509,71.5191],[-73.7128,71.5876],[-73.6217,71.5255],[-73.4816,71.4792],[-73.3978,71.3734],[-73.2624,71.3225],[-73.1806,71.2829],[-73.1922,71.3499],[-73.3104,71.4843],[-73.2782,71.538],[-73.1868,71.5649],[-72.902,71.6778],[-72.703,71.6401],[-72.5806,71.6068],[-72.5193,71.6156],[-72.3646,71.611],[-72.1165,71.5928],[-71.8752,71.5612],[-71.6407,71.5163],[-71.4599,71.4637],[-71.333,71.4035],[-71.2561,71.3618],[-71.2294,71.3388],[-71.1865,71.2787],[-71.2194,71.2388],[-71.3966,71.1469],[-71.495,71.1051],[-71.5931,71.0864],[-71.8562,71.1048],[-71.9379,71.0943],[-72.0239,71.0653],[-72.2977,70.9388],[-72.4491,70.8841],[-72.598,70.8492],[-72.6327,70.8308],[-72.3125,70.8325],[-72.2239,70.8702],[-72.15,70.9407],[-72.0092,71.0134],[-71.7425,71.0469],[-71.3709,70.9751],[-71.1862,70.978],[-71.0454,71.05],[-70.888,71.099],[-70.8261,71.1087],[-70.7925,71.1033],[-70.6727,71.0522],[-70.6365,71.0066],[-70.6391,70.9024],[-70.6552,70.8709],[-70.7617,70.7922],[-71.0218,70.6741],[-71.1918,70.6298],[-71.3805,70.606],[-71.5859,70.5659],[-71.6584,70.5335],[-71.7294,70.4877],[-71.8001,70.457],[-71.8902,70.4315],[-71.7724,70.3942],[-71.7272,70.3952],[-71.6837,70.4176],[-71.565,70.5057],[-71.4767,70.544],[-71.4267,70.5521],[-71.3751,70.5484],[-71.3249,70.5312],[-71.2759,70.5003],[-71.2796,70.4252],[-71.4294,70.1278],[-71.4051,70.1287],[-71.3131,70.2093],[-71.0453,70.519],[-70.9798,70.5811],[-70.8505,70.6436],[-70.5609,70.7383],[-70.3373,70.7878],[-70.0847,70.8295],[-69.9498,70.845],[-69.7957,70.8346],[-69.6955,70.7859],[-69.5601,70.7771],[-69.3954,70.7893],[-69.2891,70.7834],[-69.1687,70.7642],[-69.0657,70.7281],[-68.8907,70.6871],[-68.4958,70.6103],[-68.4467,70.5941],[-68.4008,70.565],[-68.3583,70.5229],[-68.3635,70.4813],[-68.4167,70.44],[-68.4826,70.4148],[-68.5613,70.4057],[-68.6428,70.3832],[-68.7937,70.3244],[-68.8429,70.3145],[-69.0794,70.2892],[-69.2987,70.2768],[-69.4357,70.2531],[-69.699,70.1893],[-70.0614,70.0708],[-70.0577,70.0426],[-69.9131,70.0291],[-69.7959,70.0469],[-69.6346,70.1288],[-69.483,70.1601],[-69.2462,70.1851],[-68.9186,70.207],[-68.7782,70.2036],[-68.7529,70.1992],[-68.7346,70.1798],[-68.7233,70.1457],[-68.777,70.101],[-68.8391,70.0799],[-69.0083,69.979],[-68.897,69.9527],[-68.744,69.9414],[-68.6567,69.9685],[-68.5778,70.0305],[-68.4894,70.0648],[-68.3913,70.0716],[-68.3051,70.0874],[-68.2307,70.1122],[-68.2104,70.1284],[-68.3186,70.1606],[-68.3272,70.1802],[-68.2831,70.2283],[-68.2035,70.2815],[-68.1207,70.3146],[-68.0591,70.3172],[-67.8553,70.2818],[-67.716,70.2198],[-67.3637,70.0344],[-67.3184,69.9984],[-67.1959,69.8607],[-67.1727,69.7995],[-67.1928,69.7568],[-67.2216,69.7307],[-67.2593,69.7213],[-67.3367,69.721],[-67.8062,69.7774],[-68.0204,69.7701],[-68.114,69.7543],[-68.1895,69.7306],[-68.2481,69.7008],[-68.2898,69.6647],[-68.3721,69.6444],[-68.6699,69.6437],[-68.8371,69.6235],[-69.1245,69.5745],[-69.2277,69.5474],[-69.2508,69.5119],[-69.0749,69.5181],[-68.7853,69.5642],[-68.513,69.5773],[-68.0582,69.4759],[-67.9083,69.4601],[-67.8249,69.4747],[-67.7245,69.4792],[-67.3609,69.4725],[-67.237,69.4601],[-67.0527,69.4212],[-66.7708,69.3367],[-66.7167,69.3119],[-66.6853,69.2857],[-66.6763,69.2584],[-66.6793,69.1911],[-66.7074,69.1682],[-66.8029,69.1527],[-67.208,69.1707],[-67.3316,69.1847],[-67.4838,69.167],[-67.6072,69.1732],[-67.765,69.2002],[-67.9385,69.2481],[-68.1982,69.2027],[-68.4063,69.2322],[-68.6189,69.206],[-69.0406,69.098],[-68.9935,69.0793],[-68.4155,69.1721],[-68.304,69.1664],[-68.1213,69.1326],[-67.8326,69.066],[-67.7517,69.0387],[-67.751,68.9338],[-67.7951,68.8633],[-67.8832,68.784],[-68.0156,68.7947],[-68.3242,68.844],[-68.4504,68.8508],[-68.5428,68.8428],[-68.6667,68.8113],[-68.7253,68.8102],[-69.2188,68.8728],[-69.3298,68.8758],[-69.3427,68.8694],[-69.3191,68.857],[-68.8714,68.76],[-68.5406,68.7494],[-68.3332,68.7326],[-68.2104,68.703],[-68.1525,68.6811],[-68.1483,68.6161],[-68.0379,68.5507],[-67.9385,68.5242],[-67.875,68.5229],[-67.766,68.547],[-67.656,68.5507],[-67.5669,68.534],[-67.4555,68.4979],[-67.3207,68.4878],[-67.2025,68.4659],[-67.1112,68.4615],[-66.8542,68.4716],[-66.7427,68.4578],[-66.7139,68.4457],[-66.7624,68.4247],[-66.9973,68.3742],[-67.033,68.3261],[-66.9004,68.2635],[-66.831,68.2156],[-66.8343,68.1799],[-66.9051,68.0985],[-66.9231,68.0657],[-66.8998,68.0631],[-66.729,68.129],[-66.7023,68.1206],[-66.6846,68.0292],[-66.6627,68.0344],[-66.6055,68.11],[-66.631,68.2106],[-66.5308,68.2503],[-66.2124,68.2804],[-66.2663,68.1227],[-66.2747,68.0408],[-66.4139,67.9043],[-66.53,67.8603],[-66.5265,67.8512],[-66.4439,67.8338],[-66.3924,67.8319],[-66.343,67.8533],[-66.2252,67.9587],[-65.9858,68.0686],[-65.9424,68.0709],[-65.944,68.0312],[-65.9749,67.9574],[-65.8644,67.9229],[-65.7589,67.9571],[-65.7017,67.9867],[-65.5693,67.9823],[-65.5091,67.9683],[-65.4911,67.9357],[-65.552,67.7994],[-65.5409,67.7656],[-65.4013,67.6749],[-65.3871,67.6803],[-65.4135,67.7241],[-65.4422,67.8323],[-65.4153,67.8792],[-65.3003,67.9395],[-65.0644,68.0262],[-64.9769,68.0434],[-64.9223,68.0316],[-64.8354,67.99],[-64.8625,67.9651],[-64.9564,67.9391],[-65.026,67.892],[-65.0714,67.8238],[-65.0211,67.7875],[-64.8299,67.7843],[-64.6378,67.8402],[-64.5275,67.8127],[-64.3964,67.7399],[-64.1562,67.623],[-64.0194,67.6549],[-63.8502,67.5661],[-64.0775,67.4956],[-64.008,67.3473],[-64.3033,67.3535],[-64.4693,67.3418],[-64.5805,67.3552],[-64.7,67.3505],[-64.5893,67.3155],[-64.3759,67.3011],[-64.3564,67.2562],[-64.189,67.2573],[-64.0632,67.2659],[-63.8362,67.2641],[-63.8241,67.3157],[-63.6765,67.3451],[-63.5916,67.3775],[-63.5211,67.3584],[-63.3158,67.3363],[-63.0401,67.235],[-63.1616,67.1744],[-63.1947,67.117],[-63.2355,67.0685],[-63.2584,67.0247],[-63.3068,66.9945],[-63.7016,66.8224],[-63.6362,66.8208],[-63.4692,66.8624],[-63.1437,66.9243],[-62.9623,66.9493],[-62.8334,66.9327],[-62.7682,66.932],[-62.7104,66.9541],[-62.6029,66.9286],[-62.3797,66.9054],[-62.1236,67.0467],[-61.9686,67.019],[-61.8241,66.9317],[-61.5147,66.7785],[-61.3534,66.6892],[-61.2997,66.6487],[-61.3072,66.6088],[-61.4531,66.5666],[-61.5278,66.5581],[-61.7241,66.6378],[-61.9045,66.6781],[-62.0143,66.6738],[-62.1233,66.6431],[-62.0893,66.6259],[-61.6526,66.5031],[-61.5764,66.4125],[-61.5708,66.3729],[-61.8627,66.3128],[-61.9563,66.3093],[-62.1584,66.338],[-62.2769,66.3915],[-62.3745,66.4108],[-62.5098,66.4172],[-62.5531,66.4068],[-62.4057,66.3159],[-62.4198,66.2886],[-62.496,66.2709],[-62.5336,66.227],[-62.2421,66.1479],[-62.0239,66.0675],[-61.9916,66.0353],[-62.1387,66.0114],[-62.2443,66.0059],[-62.4678,66.0175],[-62.5903,66.0344],[-62.6241,66.0163],[-62.4974,65.974],[-62.4484,65.9455],[-62.4103,65.9058],[-62.3882,65.8683],[-62.382,65.8333],[-62.4856,65.8045],[-62.6103,65.7236],[-62.6589,65.6399],[-62.7717,65.632],[-62.8173,65.6477],[-62.9689,65.6224],[-63.1689,65.6573],[-63.2407,65.6956],[-63.4587,65.853],[-63.4644,65.8354],[-63.4098,65.7558],[-63.4209,65.7086],[-63.652,65.6743],[-63.6511,65.661],[-63.5092,65.636],[-63.3375,65.6167],[-63.3643,65.5432],[-63.3634,65.2297],[-63.4018,65.1185],[-63.4858,65.0212],[-63.6066,64.9281],[-63.7372,64.9891],[-63.7894,65.0514],[-63.8332,65.0833],[-63.8956,65.1093],[-63.9763,65.1215],[-64.0614,65.1219],[-64.1519,65.0662],[-64.2504,65.1143],[-64.3457,65.1724],[-64.3098,65.3246],[-64.2697,65.4008],[-64.2857,65.4002],[-64.3399,65.3642],[-64.4698,65.2527],[-64.5551,65.1166],[-64.6653,65.1689],[-64.7648,65.2341],[-64.8469,65.2996],[-64.9796,65.3751],[-65.1085,65.4638],[-65.1757,65.5682],[-65.207,65.5896],[-65.282,65.6767],[-65.3115,65.7015],[-65.3374,65.7098],[-65.4016,65.764],[-65.3781,65.8221],[-65.277,65.8907],[-65.1849,65.9399],[-65.0322,65.9885],[-64.8537,66.0159],[-64.7725,66.0786],[-64.673,66.1927],[-64.564,66.2722],[-64.4454,66.3171],[-64.5044,66.3255],[-64.6552,66.287],[-64.7611,66.2309],[-64.8873,66.1374],[-65.0045,66.0777],[-65.3054,66.0084],[-65.4156,65.9946],[-65.5437,65.9872],[-65.8257,65.9969],[-65.8911,66.0202],[-65.8572,66.0864],[-65.6563,66.2047],[-65.6884,66.2131],[-65.759,66.1712],[-65.856,66.1422],[-65.94,66.1274],[-66.0637,66.1327],[-66.2086,66.2064],[-66.2774,66.2291],[-66.4192,66.2545],[-66.477,66.2797],[-66.7123,66.4604],[-66.7598,66.5085],[-66.7874,66.5557],[-66.8629,66.5953],[-66.9863,66.6275],[-67.0148,66.6222],[-66.9704,66.5819],[-66.969,66.5472],[-67.0769,66.5255],[-67.1896,66.533],[-67.3073,66.5697],[-67.3177,66.5204],[-67.1917,66.4328],[-67.1897,66.3217],[-67.2254,66.3103],[-67.3112,66.3038],[-67.3688,66.3175],[-67.5598,66.4004],[-67.7408,66.4582],[-67.8685,66.4901],[-67.8834,66.4674],[-67.8006,66.3673],[-67.7045,66.2686],[-67.5472,66.1872],[-67.2967,66.0903],[-67.1832,66.0344],[-67.2727,65.9556],[-67.3504,65.9297],[-67.3988,65.9217],[-67.5508,65.9216],[-67.828,65.9652],[-67.9582,66.0138],[-68.1473,66.1298],[-68.4599,66.2493],[-68.5278,66.2486],[-68.7489,66.2],[-68.7142,66.1922],[-68.5717,66.1887],[-68.4671,66.1732],[-68.2172,66.0789],[-68.1983,66.039],[-68.2607,65.9946],[-68.2568,65.9386],[-68.1867,65.871],[-68.115,65.8278],[-67.9681,65.7973],[-67.8942,65.7933],[-67.8665,65.7737],[-67.9543,65.6231],[-67.9618,65.5819],[-67.9368,65.5649],[-67.9061,65.5635],[-67.7171,65.6253],[-67.6381,65.6404],[-67.5696,65.6436],[-67.4901,65.6262],[-67.3997,65.5884],[-67.3464,65.5494],[-67.3303,65.5092],[-67.3034,65.4829],[-67.118,65.4404],[-67.135,65.4205],[-67.3261,65.3566],[-67.3365,65.3466],[-67.2983,65.3419],[-67.1776,65.3038],[-67.0665,65.2441],[-66.9986,65.173],[-66.9849,65.138],[-66.9856,65.1048],[-66.9704,65.0849],[-66.9115,65.0813],[-66.8875,65.094],[-66.8606,65.0916],[-66.8309,65.0742],[-66.7996,65.0197],[-66.7328,64.8601],[-66.6974,64.8152],[-66.6771,64.8137],[-66.6667,64.9738],[-66.6355,65.0003],[-66.5178,64.972],[-66.3452,64.9096],[-66.2237,64.8541],[-66.2097,64.8281],[-66.3015,64.7777],[-66.2821,64.7553],[-66.2146,64.7224],[-66.1525,64.7349],[-66.1075,64.7912],[-66.0302,64.8466],[-65.9385,64.8857],[-65.7681,64.8536],[-65.6268,64.7708],[-65.6053,64.7423],[-65.5132,64.7065],[-65.4319,64.7264],[-65.2748,64.6315],[-65.3493,64.5885],[-65.5128,64.526],[-65.5293,64.5048],[-65.49,64.5096],[-65.1786,64.5097],[-65.0945,64.4846],[-65.0746,64.4367],[-65.213,64.3033],[-65.3399,64.3151],[-65.5075,64.3183],[-65.5937,64.3111],[-65.5803,64.2938],[-65.3478,64.2323],[-65.282,64.1816],[-65.1928,64.1298],[-65.1496,64.0872],[-65.1506,64.0675],[-65.1873,64.038],[-65.1699,64.0282],[-65.0106,64.0088],[-64.9118,64.0262],[-64.7878,64.0328],[-64.6785,64.028],[-64.6697,64.0096],[-64.6862,63.9609],[-64.7981,63.916],[-64.7682,63.9054],[-64.6367,63.9184],[-64.5763,63.8974],[-64.4985,63.7903],[-64.4109,63.7063],[-64.4822,63.6871],[-64.5616,63.6797],[-64.5503,63.5726],[-64.4986,63.4628],[-64.4981,63.3576],[-64.5144,63.264],[-64.5869,63.2432],[-64.6646,63.2454],[-64.6956,63.2688],[-64.8863,63.5487],[-64.9333,63.5993],[-64.9897,63.6434],[-65.1918,63.7643],[-65.1839,63.7448],[-65.1338,63.6891],[-65.0894,63.606],[-65.0313,63.4401],[-65.0048,63.3334],[-65.0167,63.2928],[-65.0581,63.2829],[-65.0689,63.2635],[-65.0493,63.2346],[-64.8948,63.1256],[-64.8202,63.06],[-64.7674,62.9918],[-64.7181,62.9458],[-64.6724,62.922],[-64.6836,62.9024],[-64.7519,62.8872],[-64.8687,62.8799],[-64.9232,62.8892],[-65.133,62.9523],[-65.1628,62.9326],[-65.0466,62.7015],[-65.0502,62.6461],[-65.1085,62.6265],[-65.1803,62.6495],[-65.2658,62.7151],[-65.3965,62.7882],[-65.5724,62.8689],[-65.7404,62.932],[-65.7799,62.9303],[-65.8057,62.9116],[-65.8337,62.9085],[-65.8641,62.9211],[-65.9203,62.9685],[-65.9789,63.0007],[-66.224,63.1072],[-66.2492,63.1083],[-66.2261,63.0763],[-66.2011,63.0063],[-66.2287,62.991],[-66.2928,62.9967],[-66.4145,63.0272],[-66.4964,63.0973],[-66.6005,63.2189],[-66.655,63.2647],[-66.6598,63.2349],[-66.6309,63.119],[-66.6364,63.0801],[-66.6975,63.0695],[-66.7232,63.0802],[-66.7485,63.1111],[-66.7732,63.1623],[-66.8314,63.2011],[-66.9233,63.2277],[-66.9747,63.2556],[-67.0001,63.3051],[-67.0179,63.3165],[-67.1798,63.305],[-67.2609,63.3407],[-67.495,63.4814],[-67.7092,63.6339],[-67.8442,63.7146],[-67.8933,63.7337],[-67.8214,63.635],[-67.7425,63.4893],[-67.7226,63.4228],[-67.7588,63.4197],[-67.8379,63.4492],[-68.2436,63.6371],[-68.4938,63.7255],[-68.6329,63.7411],[-68.8589,63.7519],[-68.9111,63.7032],[-68.7893,63.5951],[-68.6706,63.5137],[-68.5551,63.4589],[-68.3739,63.3522],[-68.2081,63.2147],[-68.1413,63.1723],[-67.9153,63.1137],[-67.7975,63.0981],[-67.676,63.0936],[-67.6649,63.0727],[-67.7238,63.0337],[-67.737,63.0096],[-67.4682,62.9482],[-67.3667,62.9142],[-67.2685,62.8576],[-67.2127,62.8435],[-66.9795,62.7008],[-66.9215,62.6781],[-66.714,62.6318],[-66.6449,62.6021],[-66.5305,62.51],[-66.4587,62.4631],[-66.3573,62.3519],[-66.2812,62.3027],[-66.095,62.2464],[-66.0156,62.2303],[-65.9802,62.2089],[-66.0043,62.1583],[-66.027,62.1372],[-66.1332,62.1024],[-66.1164,62.0539],[-66.0564,61.9675],[-66.0589,61.9139],[-66.1239,61.8931],[-66.2567,61.8683],[-66.3237,61.8703],[-66.4245,61.8907],[-66.5513,61.9256],[-66.8031,62.0126],[-67.1811,62.0729],[-67.322,62.105],[-67.369,62.1341],[-67.4401,62.1513],[-68.3786,62.2352],[-68.5359,62.2556],[-68.6336,62.2813],[-68.7244,62.319],[-69.0823,62.4052],[-69.1256,62.424],[-69.366,62.5719],[-69.5452,62.7446],[-69.6047,62.7677],[-69.7995,62.7905],[-69.9621,62.7762],[-70.0709,62.7572],[-70.2361,62.7634],[-70.344,62.7915],[-70.5713,62.8692],[-70.8014,62.9105],[-71.0021,62.9783],[-71.1058,63.0022],[-71.0962,63.0197],[-70.946,63.1207],[-70.9927,63.1193],[-71.2537,63.0425],[-71.3473,63.0661],[-71.5013,63.1264],[-71.6171,63.1872],[-71.8555,63.3553],[-71.9922,63.4162],[-71.973,63.4299],[-71.8192,63.4354],[-71.6965,63.4302],[-71.6143,63.4441],[-71.4559,63.5123],[-71.3874,63.555],[-71.3809,63.5803],[-71.5135,63.5866],[-71.5419,63.5988],[-71.5656,63.6268],[-71.6268,63.6626],[-71.7253,63.7062],[-71.8375,63.725],[-72.2229,63.7089],[-72.2901,63.728],[-72.2888,63.757],[-72.2135,63.8387],[-72.1725,63.8717],[-72.1594,63.8899],[-72.1743,63.8934],[-72.2265,63.8914],[-72.45,63.8181],[-72.4984,63.8235],[-72.5861,63.9008],[-72.6393,63.9891],[-72.6781,64.02],[-72.7296,64.0305],[-72.9132,64.1172],[-73.1743,64.2819],[-73.2703,64.3335],[-73.3771,64.3796],[-73.4545,64.3993],[-73.4437,64.4235],[-73.2782,64.5603],[-73.2713,64.5825],[-73.4131,64.5742],[-73.627,64.6025],[-73.7284,64.5683],[-73.7928,64.5662],[-73.8679,64.5854],[-73.9104,64.5781],[-73.9504,64.4658],[-73.9811,64.4377],[-74.0256,64.4227],[-74.0648,64.4247],[-74.0987,64.4437],[-74.0979,64.4699],[-74.1305,64.6078],[-74.2051,64.6281],[-74.4159,64.6335],[-74.4612,64.6447],[-74.5125,64.6702],[-74.5563,64.7173],[-74.5926,64.7862],[-74.6343,64.8239],[-74.6814,64.8307],[-74.7192,64.8251],[-74.7478,64.8073],[-74.8134,64.7962],[-74.9163,64.792],[-74.9194,64.7655],[-74.823,64.7169],[-74.7298,64.6474],[-74.64,64.5571],[-74.6947,64.4966],[-74.8939,64.4657],[-75.0674,64.4567],[-75.215,64.4694],[-75.3284,64.4904],[-75.4878,64.5408],[-75.715,64.5244],[-75.7667,64.3919],[-75.8152,64.3847],[-76.0318,64.3881],[-76.1181,64.3763],[-76.4068,64.3032],[-76.4947,64.293],[-76.5615,64.3016],[-76.6265,64.2839],[-76.7238,64.242],[-76.8562,64.2376],[-77.0235,64.2708],[-77.1657,64.2851],[-77.2825,64.2804],[-77.4029,64.2999],[-77.5268,64.3438],[-77.6278,64.3635],[-77.7605,64.3602],[-77.7912,64.3671],[-77.9849,64.4611],[-78.0452,64.4993],[-78.1746,64.6177],[-78.1976,64.6646],[-78.2009,64.7147],[-78.1897,64.7518],[-78.1446,64.8077],[-78.0956,64.9393],[-78.0553,64.9829],[-77.9946,65.0226],[-77.8762,65.0729],[-77.4475,65.1616],[-77.3609,65.1965],[-77.3639,65.2198],[-77.4615,65.3282],[-77.4604,65.3559],[-77.4277,65.3721],[-77.358,65.4354],[-77.3267,65.4531],[-77.2512,65.4629],[-77.0941,65.4309],[-76.9586,65.418],[-76.7789,65.4139],[-76.4817,65.3697],[-76.067,65.2854],[-75.8283,65.2271],[-75.6481,65.1408],[-75.5199,65.056],[-75.5016,65.0131],[-75.5609,64.947],[-75.5909,64.9277],[-75.5891,64.905],[-75.5558,64.8792],[-75.4521,64.8416],[-75.4271,64.8559],[-75.4352,64.9008],[-75.4137,64.9385],[-75.3628,64.969],[-75.3571,65.0087],[-75.3967,65.0576],[-75.4458,65.0997],[-75.5047,65.1352],[-75.7729,65.257],[-75.7987,65.2975],[-75.7086,65.3157],[-75.3166,65.2748],[-75.1663,65.2839],[-75.1093,65.3314],[-75.0478,65.364],[-74.9817,65.3814],[-74.8499,65.3891],[-74.6655,65.3669],[-74.5749,65.3637],[-74.4948,65.3717],[-74.3907,65.3976],[-74.2369,65.4839],[-74.1385,65.5035],[-73.9896,65.517],[-73.8779,65.5188],[-73.6754,65.4843],[-73.5508,65.4853],[-73.5607,65.5429],[-73.6434,65.6532],[-73.7461,65.7667],[-73.8261,65.8052],[-74.0331,65.8771],[-74.2762,66.0127],[-74.4011,66.097],[-74.4339,66.139],[-74.4164,66.1671],[-74.3749,66.2082],[-73.9337,66.3581],[-73.5842,66.5069],[-73.431,66.5832],[-73.3574,66.6363],[-73.2808,66.675],[-73.2011,66.6992],[-73.0333,66.7282],[-72.9854,66.7654],[-72.9749,66.8285],[-72.9468,66.8833],[-72.7888,67.0306],[-72.6677,67.0705],[-72.4852,67.0981],[-72.3649,67.1334],[-72.22,67.2543],[-72.2341,67.2844],[-72.3011,67.3073],[-72.3529,67.3419],[-72.5765,67.6586],[-72.7253,67.8116],[-72.904,67.9448],[-73.0634,68.107],[-73.3282,68.2667],[-73.3314,68.309],[-73.2845,68.357],[-73.3069,68.3678],[-73.5802,68.2978],[-73.6445,68.2945],[-73.7495,68.325],[-73.8205,68.3629],[-73.8793,68.4294],[-73.8733,68.4642],[-73.8344,68.4971],[-73.7825,68.578],[-73.7806,68.6193],[-73.7984,68.6586],[-73.8221,68.686],[-73.8516,68.7014],[-73.9352,68.711],[-74.073,68.7149],[-74.118,68.7009],[-73.9661,68.5788],[-73.9893,68.5486],[-74.1828,68.5354],[-74.2701,68.5412],[-74.35,68.5561],[-74.4224,68.5799],[-74.6479,68.7075],[-74.6958,68.7556],[-74.6805,68.7903],[-74.7,68.8084],[-74.746,68.7967],[-74.8084,68.7959],[-74.893,68.8082],[-74.9104,68.8231],[-74.7524,68.8921],[-74.7433,68.9134],[-74.8161,68.9361],[-74.9251,68.9407],[-74.954,68.9611],[-74.9173,68.9829],[-74.7693,69.0207],[-74.7167,69.0455],[-74.8055,69.0643],[-74.8549,69.0658],[-74.9544,69.0246],[-75.1042,68.9406],[-75.2133,68.9094],[-75.3627,68.9483],[-75.457,68.9613],[-75.5227,68.9527],[-75.623,68.8877],[-75.8422,68.8402],[-76.2347,68.728],[-76.4034,68.6923],[-76.5851,68.6987],[-76.6194,68.7214],[-76.6163,68.7599],[-76.6037,68.7916],[-76.5817,68.8163],[-76.5746,68.8467],[-76.5877,68.9745],[-76.5572,69.0095],[-76.4952,69.0304],[-76.3809,69.0524],[-76.0892,69.0262],[-75.9537,69.0308],[-75.8586,69.0603],[-75.7634,69.1029],[-75.668,69.1588],[-75.6478,69.2125],[-75.7491,69.2996],[-75.7872,69.3187],[-76.0465,69.3864],[-76.1898,69.411],[-76.3162,69.4216],[-76.408,69.4411],[-76.4649,69.4694],[-76.5204,69.5166],[-76.525,69.5487],[-76.5161,69.5909],[-76.4633,69.62],[-76.2311,69.6535],[-76.2341,69.6621],[-76.4238,69.6868],[-76.5133,69.6839],[-76.59,69.6562],[-76.6865,69.5913],[-76.7423,69.5729],[-76.9156,69.6112],[-77.0196,69.6168],[-77.0899,69.6351],[-77.1288,69.6527],[-77.1051,69.6708],[-77.0187,69.6891],[-76.8686,69.7452],[-76.8586,69.7754],[-76.9623,69.8249],[-77.016,69.8361],[-77.2325,69.8546],[-77.4943,69.8362],[-77.5917,69.8456],[-77.6353,69.9004],[-77.663,69.9657],[-77.6748,70.0415],[-77.7219,70.1708],[-77.774,70.2385],[-77.8425,70.2471],[-78.1568,70.2191],[-78.2314,70.2188],[-78.2828,70.2292],[-78.4907,70.3156],[-78.5748,70.3462],[-78.6214,70.3534],[-78.7727,70.4453],[-78.8309,70.4632],[-78.8999,70.5085],[-78.9798,70.5813],[-79.0664,70.6036],[-79.1598,70.5752],[-79.2532,70.5347],[-79.3466,70.4819],[-79.3973,70.4373],[-79.4052,70.4007],[-79.3474,70.3723],[-79.0175,70.3252],[-78.9338,70.2937],[-78.8628,70.2419],[-78.8098,70.1786],[-78.7749,70.1036],[-78.7778,70.0477],[-78.8188,70.0104],[-78.8896,69.9775],[-79.0929,69.9253],[-79.3033,69.8948],[-79.5154,69.8876],[-79.6159,69.8947],[-80.1621,69.996],[-80.2604,69.9968],[-80.3868,70.0104],[-80.6703,70.0521],[-80.8258,70.0566],[-81.0983,70.0912],[-81.5596,70.1112],[-81.652,70.0946],[-81.5292,70.048],[-81.4217,70.0246],[-81.3295,70.0244],[-81.1968,69.9828],[-81.0237,69.9],[-80.9248,69.8506],[-80.8429,69.7917],[-80.8403,69.7714],[-80.9217,69.7309],[-81.5647,69.9427],[-81.9577,69.8688],[-82.1387,69.8412],[-82.2938,69.8369],[-82.4877,69.866],[-82.9254,69.9682],[-83.0912,70.0039],[-83.15,70.0091],[-83.5308,69.9648],[-83.8591,69.9627],[-84.5219,70.0052],[-84.7651,70.0336],[-84.8292,70.0633],[-84.9091,70.0782],[-85.0526,70.0782],[-85.4324,70.1114],[-85.78,70.0367],[-86.1982,70.1051],[-86.322,70.1454],[-86.3614,70.173],[-86.4831,70.2886],[-86.4998,70.3504],[-86.4654,70.4062],[-86.431,70.4445],[-86.3969,70.4653],[-86.6243,70.4013],[-86.7041,70.3907],[-86.8093,70.3883],[-87.1225,70.412],[-87.172,70.3999],[-87.1558,70.3774],[-87.074,70.3448],[-87.0633,70.3251],[-87.2379,70.3097],[-87.5024,70.3257],[-87.6178,70.3187],[-87.6702,70.3098],[-87.7895,70.2583],[-87.8381,70.2466],[-87.9007,70.2519],[-88.1783,70.3686],[-88.4021,70.4425],[-88.663,70.4708],[-88.7827,70.4945],[-88.8484,70.5229],[-89.2083,70.7597],[-89.2575,70.8107],[-89.3715,70.9961],[-89.4098,71.0357],[-89.4559,71.0617],[-89.3655,71.0672],[-89.0251,71.0446],[-88.6957,71.0456],[-88.5166,71.0306],[-88.3091,70.9843],[-88.0386,70.9513],[-87.8449,70.9444],[-87.5344,70.9566],[-87.1816,70.9875],[-87.1401,71.0116],[-87.3686,71.0528],[-87.5723,71.1076],[-87.7603,71.1785],[-87.8725,71.2085],[-88.0606,71.2272],[-88.5895,71.2403],[-89.0793,71.2879],[-89.4177,71.3522],[-89.6933,71.4235],[-89.8054,71.4623],[-89.8458,71.4923],[-89.8885,71.5857],[-89.9337,71.7427],[-89.9773,71.848],[-90.0195,71.9018],[-90.0252,71.9488],[-89.9315,72.049],[-89.6638,72.158],[-89.6573,72.175],[-89.7105,72.1801],[-89.8229,72.2078],[-89.8587,72.2483],[-89.8731,72.3126],[-89.874,72.3672],[-89.8615,72.4119],[-89.8168,72.4677],[-89.7015,72.5681],[-89.5364,72.6898],[-89.3577,72.8042],[-89.3271,72.8416],[-89.3114,72.943],[-89.2877,73.0169],[-89.2632,73.069],[-89.2253,73.1081],[-89.1147,73.1822],[-88.9768,73.2525],[-88.7609,73.3124],[-88.7425,73.3346],[-88.7396,73.3653],[-88.7271,73.3882],[-88.7052,73.4033],[-88.17,73.5953],[-87.9264,73.6733],[-87.7198,73.7229],[-87.4724,73.7594],[-86.7687,73.834],[-86.4064,73.8548],[-85.9508,73.8501],[-85.1105,73.8082],[-85.0093,73.7786],[-84.9836,73.7637],[-84.9468,73.7216],[-84.9745,73.6948],[-85.2043,73.6036],[-85.4936,73.5277],[-85.6819,73.4615],[-86.0005,73.3125],[-86.0865,73.2603],[-86.4814,72.9603],[-86.5747,72.9105],[-86.6293,72.8708],[-86.6678,72.7625],[-86.6563,72.724],[-86.5946,72.6611],[-86.3803,72.5247],[-86.3226,72.4608],[-86.324,72.4021],[-86.348,72.2623],[-86.351,72.1913],[-86.3414,72.1232],[-86.2972,72.0258],[-86.2185,71.8991],[-86.0361,71.7709],[-85.7501,71.6414],[-85.5372,71.5554],[-85.3272,71.4921],[-85.0787,71.3985],[-85.0234,71.3532],[-85.1376,71.3034],[-85.4054,71.2268],[-85.7573,71.1939],[-85.9454,71.1626],[-86.1794,71.0959],[-86.4732,71.0426],[-86.5894,71.0108]]],[[[-61.8011,49.0939],[-62.2195,49.0791],[-62.5526,49.1409],[-62.7996,49.1707],[-63.0415,49.225],[-63.5659,49.3993],[-63.6259,49.4599],[-63.6762,49.5343],[-63.7766,49.602],[-63.8849,49.6577],[-64.44,49.8277],[-64.4852,49.887],[-64.3729,49.9259],[-64.2438,49.9444],[-64.1314,49.9417],[-63.7602,49.8752],[-63.292,49.8168],[-63.0888,49.7727],[-62.8585,49.7055],[-62.6334,49.6239],[-62.133,49.4071],[-62.0431,49.3898],[-61.8171,49.2835],[-61.7358,49.2038],[-61.6961,49.139],[-61.7455,49.1058],[-61.8011,49.0939]]],[[[-63.8113,46.4687],[-63.7842,46.4546],[-63.737,46.4805],[-63.6814,46.5619],[-63.5344,46.5406],[-63.4565,46.5039],[-63.4131,46.512],[-63.3687,46.5083],[-63.2861,46.4602],[-63.1294,46.4222],[-62.964,46.4277],[-62.712,46.4503],[-62.6819,46.4594],[-62.4231,46.4783],[-62.1636,46.4872],[-62.0743,46.4657],[-62.0409,46.4457],[-62.0237,46.4216],[-62.1718,46.3554],[-62.32,46.2783],[-62.5261,46.2029],[-62.552,46.1659],[-62.5392,46.0979],[-62.5433,46.0287],[-62.5026,46.0229],[-62.4781,45.9997],[-62.5313,45.9773],[-62.7432,45.9669],[-62.8049,45.9732],[-62.8784,46.0014],[-62.9035,46.0683],[-62.9946,46.0584],[-63.0221,46.0666],[-62.8945,46.1236],[-62.9526,46.1952],[-63.015,46.1899],[-63.0563,46.2239],[-63.0529,46.2698],[-62.9951,46.2921],[-62.9785,46.3164],[-63.0569,46.2954],[-63.117,46.2528],[-63.1947,46.2367],[-63.2708,46.2],[-63.1528,46.1883],[-63.2135,46.1599],[-63.2766,46.1533],[-63.5689,46.2092],[-63.641,46.2305],[-63.7318,46.2891],[-63.8005,46.3673],[-63.7632,46.3704],[-63.7505,46.3844],[-63.7586,46.3976],[-63.8605,46.4082],[-64.0197,46.4048],[-64.1108,46.4254],[-64.1065,46.5621],[-64.136,46.5997],[-64.2356,46.6314],[-64.388,46.6409],[-64.4031,46.6916],[-64.3546,46.7692],[-64.28,46.8357],[-64.2232,46.9013],[-64.1569,46.9549],[-63.9936,47.0616],[-63.9973,46.9817],[-63.9815,46.913],[-64.0879,46.7754],[-63.903,46.6391],[-63.8793,46.609],[-63.8637,46.5724],[-63.8756,46.5387],[-63.9056,46.5088],[-63.8336,46.4939],[-63.8113,46.4687]]],[[[-82.0005,62.9542],[-81.9605,62.9262],[-81.9486,62.884],[-81.9644,62.8276],[-81.9902,62.7763],[-82.0258,62.7301],[-82.1137,62.6522],[-82.388,62.5191],[-82.491,62.4466],[-82.5683,62.4032],[-83.0158,62.2099],[-83.0714,62.2004],[-83.1297,62.2041],[-83.2524,62.233],[-83.3768,62.2381],[-83.6989,62.1603],[-83.7144,62.1736],[-83.7286,62.2572],[-83.7609,62.3035],[-83.9031,62.4025],[-83.9124,62.4255],[-83.9105,62.4541],[-83.8993,62.4765],[-83.7391,62.5688],[-83.3764,62.9049],[-83.2895,62.9216],[-83.1109,62.8841],[-83.0263,62.8721],[-82.9658,62.8739],[-82.7064,62.9445],[-82.4597,62.9362],[-82.2348,62.9774],[-82.1292,62.9777],[-82.0476,62.9706],[-82.0005,62.9542]]],[[[-79.5453,62.4117],[-79.4662,62.3845],[-79.336,62.2937],[-79.2865,62.2477],[-79.272,62.186],[-79.3064,62.1035],[-79.3239,62.0261],[-79.3723,61.9678],[-79.4622,61.8941],[-79.5418,61.808],[-79.6113,61.7096],[-79.6688,61.6444],[-79.7143,61.6125],[-79.7633,61.5959],[-79.8161,61.5946],[-79.8963,61.6301],[-80.0041,61.7025],[-80.092,61.7468],[-80.2049,61.7772],[-80.2652,61.8182],[-80.2762,61.8586],[-80.2798,61.9895],[-80.2751,62.0546],[-80.2601,62.109],[-80.2347,62.1527],[-80.1786,62.2128],[-80.0216,62.343],[-79.9268,62.3929],[-79.8681,62.4043],[-79.7125,62.395],[-79.6496,62.3983],[-79.5977,62.4132],[-79.5453,62.4117]]],[[[-75.6759,68.3225],[-75.1538,68.234],[-75.1031,68.2019],[-75.0781,68.1731],[-75.0635,68.1412],[-75.0624,68.0754],[-75.0729,68.049],[-75.1239,67.9853],[-75.1273,67.9652],[-75.0864,67.7514],[-75.0905,67.6348],[-75.1273,67.5373],[-75.202,67.4592],[-75.3145,67.4004],[-75.4001,67.3667],[-75.7801,67.2835],[-76.049,67.262],[-76.3328,67.2581],[-76.6939,67.2358],[-76.8588,67.2405],[-76.9442,67.2503],[-77.0049,67.2669],[-77.0759,67.3196],[-77.1571,67.4083],[-77.2242,67.5082],[-77.3044,67.6851],[-77.3059,67.7061],[-77.2286,67.8501],[-77.1259,67.9471],[-76.9447,68.091],[-76.7402,68.2313],[-76.6882,68.2544],[-76.5958,68.279],[-76.3645,68.3187],[-76.1728,68.3088],[-76.0883,68.3138],[-75.9828,68.3323],[-75.8665,68.3368],[-75.6759,68.3225]]],[[[-79.5373,73.6545],[-79.3668,73.6414],[-78.2865,73.6658],[-78.0629,73.6477],[-77.3821,73.5367],[-77.2065,73.4996],[-77.1198,73.4505],[-77.0415,73.373],[-77.0053,73.3561],[-76.7587,73.31],[-76.6573,73.2542],[-76.6216,73.2253],[-76.5698,73.1593],[-76.4584,73.1218],[-76.3312,73.1005],[-76.2896,73.081],[-76.3096,72.9979],[-76.2553,72.9592],[-76.1351,72.9124],[-76.09,72.8812],[-76.1834,72.8431],[-76.4005,72.8207],[-77.0136,72.844],[-77.8359,72.8968],[-78.3142,72.8818],[-78.5541,72.8577],[-79.1342,72.7716],[-79.3193,72.7577],[-79.5005,72.756],[-79.8207,72.8263],[-79.9369,72.8636],[-79.9753,72.8925],[-80.0516,72.977],[-80.1145,73.0782],[-80.1464,73.1613],[-80.1833,73.2247],[-80.2927,73.2456],[-80.6179,73.2708],[-80.7269,73.3055],[-80.7764,73.3342],[-80.8242,73.3807],[-80.8229,73.429],[-80.798,73.4715],[-80.777,73.482],[-80.7358,73.4831],[-80.827,73.5347],[-80.8585,73.5914],[-80.8607,73.6706],[-80.8489,73.7212],[-80.8229,73.7435],[-80.7627,73.7578],[-80.6214,73.7673],[-80.4123,73.7654],[-80.1203,73.7071],[-79.8894,73.7015],[-79.5373,73.6545]]],[[[-80.7317,52.7473],[-80.8023,52.734],[-81.0099,52.7606],[-81.0966,52.7799],[-81.3522,52.852],[-81.8391,52.9579],[-82.005,53.0105],[-82.0393,53.0499],[-81.9511,53.1322],[-81.9014,53.1656],[-81.8473,53.1863],[-81.3354,53.2243],[-81.1356,53.2058],[-80.9004,53.0372],[-80.7653,52.9232],[-80.7104,52.8316],[-80.7095,52.7874],[-80.7317,52.7473]]],[[[-78.8265,56.1453],[-78.8773,56.1314],[-78.9138,56.1328],[-78.907,56.1664],[-78.8569,56.2321],[-78.8284,56.2898],[-78.8216,56.3396],[-78.7994,56.3833],[-78.7619,56.4207],[-78.7245,56.4392],[-78.6688,56.4386],[-78.6572,56.3174],[-78.6728,56.2605],[-78.7102,56.2129],[-78.7614,56.1745],[-78.8265,56.1453]]],[[[-78.9356,56.2661],[-79.018,56.165],[-79.0839,56.0679],[-79.1755,55.8851],[-79.2278,55.8785],[-79.2736,55.9225],[-79.1423,56.1364],[-79.1361,56.1603],[-79.1423,56.1807],[-79.1821,56.2122],[-79.2218,56.176],[-79.4074,55.9349],[-79.4553,55.8962],[-79.4951,55.8748],[-79.5268,55.8707],[-79.6057,55.8757],[-79.7647,55.8068],[-79.4975,56.0932],[-79.4947,56.115],[-79.5447,56.1284],[-79.5646,56.1209],[-79.7811,55.9406],[-79.9046,55.871],[-79.9875,55.8921],[-80.0083,55.911],[-80.0008,55.9321],[-79.79,56.1142],[-79.5963,56.2445],[-79.5153,56.3265],[-79.4824,56.4038],[-79.4679,56.4604],[-79.4689,56.5226],[-79.4589,56.5397],[-79.4477,56.5366],[-79.4353,56.513],[-79.432,56.4475],[-79.4763,56.3128],[-79.5118,56.2466],[-79.5542,56.192],[-79.5363,56.1801],[-79.4583,56.2111],[-79.3926,56.2765],[-79.3394,56.3763],[-79.3053,56.4631],[-79.2724,56.6004],[-79.2611,56.5957],[-79.2458,56.5683],[-79.2104,56.5489],[-79.1552,56.5376],[-79.1235,56.52],[-79.1002,56.4739],[-79.0777,56.4536],[-78.995,56.4364],[-78.9632,56.4217],[-78.9403,56.3714],[-78.9424,56.3449],[-78.9312,56.3279],[-78.9066,56.3204],[-78.9356,56.2661]]],[[[-79.9776,56.207],[-80.0286,56.1994],[-80.0889,56.2139],[-80.0575,56.2874],[-80.0051,56.3179],[-79.8745,56.3484],[-79.8521,56.3672],[-79.8104,56.3765],[-79.7492,56.3765],[-79.681,56.404],[-79.6059,56.4588],[-79.5797,56.4664],[-79.6326,56.3865],[-79.6879,56.3268],[-79.9776,56.207]]],[[[-89.8333,77.2676],[-90.0947,77.2104],[-90.2283,77.2125],[-90.9932,77.3295],[-91.1473,77.3873],[-91.1766,77.4263],[-91.1851,77.4815],[-91.1827,77.5572],[-91.1495,77.6081],[-91.1091,77.6257],[-91.019,77.6439],[-90.8426,77.655],[-90.6749,77.6486],[-90.4228,77.6284],[-90.1719,77.5947],[-89.839,77.4914],[-89.7195,77.4421],[-89.6942,77.3781],[-89.6946,77.339],[-89.712,77.3104],[-89.7467,77.2926],[-89.8333,77.2676]]],[[[-104.5582,77.1417],[-104.7114,77.124],[-105.0156,77.1646],[-105.2151,77.1821],[-105.3799,77.2542],[-105.5563,77.3526],[-105.6951,77.4614],[-105.7472,77.5254],[-105.8481,77.5634],[-105.8832,77.6265],[-106.0661,77.7254],[-106.0356,77.7398],[-105.863,77.7544],[-105.5879,77.736],[-105.4561,77.7009],[-105.2896,77.6421],[-105.0739,77.5483],[-105.0072,77.5067],[-104.9943,77.4497],[-104.9553,77.4187],[-104.7702,77.4132],[-104.5422,77.3377],[-104.5008,77.3085],[-104.4537,77.2491],[-104.457,77.2208],[-104.4934,77.1624],[-104.5582,77.1417]]],[[[-98.7916,79.9811],[-98.7689,79.8509],[-98.7898,79.7854],[-98.8406,79.7371],[-98.8852,79.7257],[-98.9452,79.7241],[-99.2185,79.7619],[-99.3018,79.7841],[-99.3063,79.8029],[-99.333,79.8396],[-99.5156,79.8872],[-99.8575,79.8795],[-99.9999,79.884],[-100.0568,79.8982],[-100.0924,79.9187],[-100.126,80.0013],[-100.1204,80.0304],[-100.0785,80.0811],[-100.0533,80.0934],[-99.8028,80.1401],[-99.7312,80.1441],[-99.4249,80.1264],[-99.1532,80.1242],[-99.0166,80.1111],[-98.8947,80.0818],[-98.8232,80.0374],[-98.7916,79.9811]]],[[[-105.2889,72.9199],[-105.3394,72.9149],[-105.4341,72.938],[-105.573,72.9893],[-105.8001,73.0933],[-106.071,73.1964],[-106.1126,73.2581],[-106.18,73.3041],[-106.5257,73.4134],[-106.7504,73.4577],[-106.9215,73.4798],[-106.9497,73.5104],[-106.831,73.5991],[-106.6948,73.6699],[-106.614,73.6956],[-106.3621,73.7186],[-105.5123,73.7658],[-105.318,73.7671],[-105.1145,73.7444],[-104.8347,73.6473],[-104.7183,73.6363],[-104.6488,73.6144],[-104.5875,73.5781],[-104.5551,73.5411],[-104.5523,73.4656],[-104.5829,73.3539],[-104.6217,73.3111],[-104.791,73.1676],[-104.9687,73.0887],[-105.0026,73.0375],[-105.0746,72.997],[-105.2006,72.9473],[-105.2889,72.9199]]],[[[-102.2273,76.0149],[-102.0179,75.9535],[-102.008,75.9394],[-102.0475,75.9277],[-102.3181,75.8952],[-102.4234,75.8692],[-102.5114,75.8084],[-102.5796,75.7802],[-102.9436,75.7634],[-103.3147,75.7642],[-103.2447,75.8229],[-103.0415,75.9188],[-103.2016,75.9585],[-103.7698,75.8924],[-103.9853,75.9331],[-103.8008,76.037],[-103.9845,76.0465],[-104.2425,76.047],[-104.4061,76.1085],[-104.3506,76.1823],[-104.0121,76.223],[-103.5714,76.2582],[-103.0982,76.3115],[-102.728,76.307],[-102.5841,76.2816],[-102.5361,76.1964],[-102.49,76.0951],[-102.4257,76.0864],[-102.2273,76.0149]]],[[[-104.0229,76.5831],[-103.9735,76.5776],[-103.8211,76.5975],[-103.7228,76.6011],[-103.6131,76.5634],[-103.5846,76.5389],[-103.1901,76.4774],[-103.0513,76.4499],[-103.0335,76.4315],[-103.083,76.4052],[-103.1995,76.3709],[-103.3114,76.3476],[-103.4722,76.3291],[-104.2707,76.3263],[-104.3575,76.3346],[-104.4077,76.3651],[-104.5064,76.479],[-104.5766,76.5402],[-104.603,76.5827],[-104.5857,76.6065],[-104.5004,76.6304],[-104.2051,76.6661],[-104.0745,76.6661],[-103.9925,76.657],[-103.9591,76.6388],[-103.9692,76.6142],[-104.0229,76.5831]]],[[[-118.3281,75.5797],[-118.6139,75.5154],[-118.8171,75.5221],[-119.0867,75.5693],[-119.3061,75.5854],[-119.3833,75.601],[-119.3946,75.6173],[-119.3202,75.6625],[-119.2268,75.6986],[-119.0035,75.7696],[-118.6261,75.9062],[-118.379,75.958],[-118.1367,75.9945],[-117.8894,76.0761],[-117.7525,76.1125],[-117.6337,76.1151],[-117.5126,76.0994],[-117.4991,76.0772],[-117.6264,75.966],[-117.716,75.9211],[-117.8908,75.8055],[-118.2265,75.6112],[-118.3281,75.5797]]],[[[-113.8325,77.7546],[-114.1059,77.7207],[-114.2872,77.7215],[-114.6084,77.7693],[-114.9804,77.9154],[-115.0293,77.9675],[-114.8904,77.9769],[-114.7895,77.9929],[-114.7265,78.0155],[-114.6069,78.0403],[-114.3304,78.0775],[-114.2969,78.0632],[-114.3029,78.0327],[-114.2798,78.0043],[-114.181,77.9982],[-114.0872,77.9779],[-113.8978,77.9156],[-113.768,77.9036],[-113.7214,77.8899],[-113.6967,77.8689],[-113.6179,77.8324],[-113.6194,77.8135],[-113.7258,77.7758],[-113.8325,77.7546]]],[[[-130.9271,54.4791],[-130.9503,54.4778],[-130.959,54.4987],[-130.9535,54.5418],[-130.9218,54.6149],[-130.9068,54.6318],[-130.7771,54.6189],[-130.758,54.6138],[-130.7534,54.5997],[-130.7634,54.5767],[-130.8051,54.5438],[-130.9271,54.4791]]],[[[-131.0293,51.9616],[-131.0473,51.9597],[-131.0805,51.9804],[-131.1034,52.0139],[-131.1173,52.101],[-131.1071,52.1366],[-131.0981,52.1506],[-131.0106,52.0953],[-131.0293,51.9616]]],[[[-130.2363,53.9585],[-130.2672,53.9226],[-130.3375,53.8663],[-130.3842,53.8439],[-130.4072,53.8555],[-130.4703,53.8618],[-130.5375,53.9179],[-130.5898,53.9403],[-130.6246,53.9414],[-130.6418,53.9211],[-130.6463,53.894],[-130.6379,53.86],[-130.6437,53.8445],[-130.6636,53.8476],[-130.6834,53.8635],[-130.7032,53.8922],[-130.7073,53.9215],[-130.6957,53.9513],[-130.6469,53.9913],[-130.4946,54.0742],[-130.448,54.089],[-130.3973,54.0857],[-130.3159,54.0469],[-130.2985,54.0356],[-130.2363,53.9585]]],[[[-129.8486,53.1679],[-129.8686,53.1645],[-129.9344,53.1767],[-130.1514,53.3457],[-130.3057,53.4074],[-130.4107,53.4908],[-130.5176,53.5442],[-130.452,53.6312],[-130.3948,53.6204],[-130.195,53.5497],[-130.0354,53.4811],[-129.9447,53.4364],[-129.7548,53.2448],[-129.7689,53.2173],[-129.8486,53.1679]]],[[[-130.5753,54.7697],[-130.4933,54.8342],[-130.3125,54.9459],[-130.2141,55.0259],[-130.2039,54.947],[-130.3494,54.8146],[-130.5355,54.7487],[-130.5753,54.7697]]],[[[-128.5524,52.9397],[-128.5065,52.6207],[-128.5099,52.5186],[-128.5768,52.4518],[-128.624,52.3399],[-128.679,52.2896],[-128.7309,52.3565],[-128.7355,52.4677],[-128.7494,52.5561],[-128.7665,52.5984],[-128.7463,52.7634],[-128.7696,52.7512],[-128.8312,52.6788],[-128.8998,52.6738],[-129.0229,52.756],[-129.0847,52.8225],[-129.0949,52.8918],[-129.1759,52.9649],[-129.1843,52.9907],[-129.1777,53.0179],[-129.1111,53.0907],[-129.0841,53.1397],[-129.0604,53.2406],[-129.0333,53.2799],[-128.9702,53.2744],[-128.8577,53.2286],[-128.7404,53.1789],[-128.6327,53.1125],[-128.5524,52.9397]]],[[[-126.0921,49.354],[-126.064,49.2636],[-126.1868,49.2781],[-126.2296,49.2957],[-126.2314,49.3391],[-126.2085,49.3798],[-126.1153,49.365],[-126.0921,49.354]]],[[[-124.1537,49.5312],[-124.1398,49.5104],[-124.3623,49.5882],[-124.4572,49.6342],[-124.4939,49.6675],[-124.5178,49.6863],[-124.631,49.7357],[-124.6499,49.7584],[-124.6233,49.7751],[-124.5472,49.7649],[-124.4215,49.7278],[-124.3091,49.6673],[-124.1537,49.5312]]],[[[-126.6412,49.6058],[-126.6804,49.6014],[-126.7434,49.6135],[-126.8142,49.6421],[-126.9386,49.7185],[-126.9513,49.7357],[-126.94,49.7505],[-126.9049,49.7628],[-126.8969,49.7829],[-126.9258,49.8377],[-126.8261,49.8724],[-126.7381,49.8437],[-126.6981,49.8085],[-126.6499,49.7458],[-126.6282,49.6751],[-126.6258,49.6268],[-126.6412,49.6058]]],[[[-125.1841,50.0971],[-125.1951,50.0443],[-125.2596,50.13],[-125.3584,50.3115],[-125.3453,50.354],[-125.3012,50.4141],[-125.2609,50.4178],[-125.196,50.3897],[-125.1395,50.3397],[-125.1265,50.3203],[-125.0914,50.2678],[-125.074,50.2207],[-125.113,50.1635],[-125.1841,50.0971]]],[[[-128.9369,52.51],[-128.9687,52.4643],[-129.1023,52.5744],[-129.151,52.6053],[-129.2505,52.7222],[-129.2678,52.7724],[-129.2635,52.8008],[-129.2459,52.8112],[-129.215,52.8039],[-129.1862,52.7913],[-128.994,52.6617],[-128.9403,52.6007],[-128.9369,52.51]]],[[[-127.9247,51.4739],[-127.9413,51.4572],[-127.9813,51.4572],[-128.0445,51.474],[-128.0918,51.5111],[-128.1488,51.6267],[-128.1424,51.6466],[-128.1228,51.6668],[-128.0317,51.7084],[-127.9987,51.7038],[-127.9868,51.6736],[-127.9325,51.6055],[-127.9164,51.5854],[-127.9163,51.5062],[-127.9247,51.4739]]],[[[-128.3688,52.4009],[-128.4454,52.3875],[-128.4199,52.4411],[-128.4125,52.4729],[-128.4263,52.5027],[-128.4359,52.5604],[-128.4398,52.6964],[-128.3649,52.7819],[-128.2473,52.7844],[-128.2484,52.7412],[-128.2981,52.5482],[-128.3238,52.459],[-128.3436,52.4261],[-128.3688,52.4009]]],[[[-129.3137,52.9922],[-129.3287,52.9842],[-129.37,52.9976],[-129.4097,53.0237],[-129.4778,53.0978],[-129.5001,53.1289],[-129.5147,53.1794],[-129.5011,53.1883],[-129.4714,53.183],[-129.4507,53.1747],[-129.3435,53.0528],[-129.3137,52.9922]]],[[[-129.1677,53.1179],[-129.1732,53.1107],[-129.2769,53.1109],[-129.3057,53.1211],[-129.3239,53.1421],[-129.3313,53.174],[-129.3144,53.2123],[-129.2531,53.2855],[-129.2512,53.3167],[-129.2382,53.3301],[-129.1952,53.2932],[-129.177,53.2591],[-129.1677,53.1179]]],[[[-123.4354,48.7544],[-123.4772,48.7288],[-123.4996,48.7322],[-123.5175,48.7501],[-123.5823,48.9258],[-123.5547,48.9221],[-123.4679,48.8674],[-123.4875,48.8457],[-123.4228,48.7934],[-123.4068,48.7561],[-123.4354,48.7544]]],[[[-59.7876,43.9396],[-59.9223,43.9039],[-60.0377,43.9066],[-60.1143,43.9391],[-60.1175,43.9534],[-59.936,43.9396],[-59.8664,43.9472],[-59.7271,44.0028],[-59.7876,43.9396]]],[[[-60.9616,45.4899],[-61.0029,45.4817],[-61.0125,45.496],[-61.0762,45.5373],[-61.0817,45.5578],[-61.026,45.5773],[-60.9125,45.5673],[-60.953,45.5155],[-60.9616,45.4899]]],[[[-61.9141,47.2845],[-61.8787,47.2655],[-61.8155,47.2676],[-61.7726,47.2598],[-61.8337,47.2226],[-61.9508,47.219],[-62.0083,47.2343],[-61.9247,47.4251],[-61.8273,47.4691],[-61.6278,47.5938],[-61.548,47.6318],[-61.4741,47.6468],[-61.3955,47.6376],[-61.4755,47.564],[-61.5822,47.56],[-61.6841,47.4987],[-61.7509,47.4308],[-61.8312,47.392],[-61.8866,47.3446],[-61.9141,47.2845]]],[[[-64.5086,47.8867],[-64.5339,47.8138],[-64.6213,47.7519],[-64.6646,47.7476],[-64.6846,47.7536],[-64.6605,47.7936],[-64.6633,47.863],[-64.5911,47.8725],[-64.5648,47.8663],[-64.5086,47.8867]]],[[[-64.4761,47.9589],[-64.5913,47.9072],[-64.5407,47.985],[-64.5196,48.0051],[-64.5002,48.0138],[-64.4813,48.0069],[-64.4761,47.9589]]],[[[-66.2738,44.2923],[-66.3241,44.2573],[-66.3119,44.2916],[-66.2505,44.379],[-66.2104,44.392],[-66.2738,44.2923]]],[[[-66.7625,44.6818],[-66.8971,44.6289],[-66.8447,44.7639],[-66.8021,44.8054],[-66.7454,44.7914],[-66.7534,44.7098],[-66.7625,44.6818]]],[[[-73.5665,45.4691],[-73.6436,45.4491],[-73.7753,45.4676],[-73.9202,45.4419],[-73.9605,45.4414],[-73.8529,45.5157],[-73.6875,45.5614],[-73.5225,45.7012],[-73.4761,45.7047],[-73.5389,45.5464],[-73.5517,45.4898],[-73.5665,45.4691]]],[[[-73.6953,45.5855],[-73.8159,45.5649],[-73.8577,45.5736],[-73.7247,45.6718],[-73.5724,45.6945],[-73.6953,45.5855]]],[[[-71.0257,46.8729],[-71.1167,46.8648],[-71.095,46.8996],[-70.9708,46.9614],[-70.8796,46.9961],[-70.8258,46.9954],[-70.9135,46.9195],[-71.0257,46.8729]]],[[[-55.5361,50.7197],[-55.5697,50.7087],[-55.6008,50.709],[-55.6293,50.7208],[-55.6339,50.7402],[-55.6045,50.7807],[-55.5272,50.8012],[-55.4693,50.7964],[-55.4728,50.7759],[-55.5038,50.7421],[-55.5361,50.7197]]],[[[-54.5544,49.5889],[-54.7087,49.5307],[-54.7438,49.5078],[-54.7865,49.4961],[-54.8185,49.5145],[-54.8636,49.5761],[-54.8554,49.5966],[-54.8131,49.5994],[-54.7888,49.5912],[-54.7826,49.5721],[-54.7641,49.5624],[-54.7331,49.5622],[-54.6187,49.6221],[-54.5592,49.6315],[-54.5377,49.62],[-54.5544,49.5889]]],[[[-55.3612,51.8896],[-55.4089,51.8888],[-55.4196,51.9],[-55.3998,51.9385],[-55.3465,51.9829],[-55.2741,51.9952],[-55.2936,51.93],[-55.3612,51.8896]]],[[[-54.0937,49.7444],[-54.0199,49.6795],[-53.9807,49.662],[-54.2384,49.5917],[-54.2692,49.587],[-54.2861,49.5954],[-54.2888,49.6608],[-54.2776,49.7115],[-54.259,49.719],[-54.1994,49.6885],[-54.1377,49.7512],[-54.0937,49.7444]]],[[[-54.2271,47.4414],[-54.2761,47.4065],[-54.326,47.4081],[-54.3201,47.4385],[-54.2587,47.4977],[-54.2274,47.54],[-54.2263,47.5655],[-54.2149,47.5851],[-54.1684,47.6071],[-54.1282,47.6468],[-54.1476,47.5731],[-54.2271,47.4414]]],[[[-64.8238,62.5587],[-64.6318,62.548],[-64.5153,62.5518],[-64.465,62.5359],[-64.4181,62.4874],[-64.4783,62.4179],[-64.5465,62.3914],[-64.6574,62.3836],[-64.8373,62.4062],[-64.9012,62.421],[-64.9565,62.4584],[-64.9308,62.485],[-64.8419,62.4941],[-64.8271,62.505],[-64.8499,62.5254],[-64.8488,62.5433],[-64.8238,62.5587]]],[[[-68.2338,60.2409],[-68.3241,60.2329],[-68.3652,60.2541],[-68.3679,60.3147],[-68.3383,60.3606],[-68.2348,60.4556],[-68.1419,60.562],[-68.0876,60.5878],[-67.978,60.5704],[-67.9142,60.5398],[-67.8476,60.4888],[-67.8188,60.4495],[-67.8442,60.3916],[-67.9223,60.3399],[-68.0123,60.3046],[-68.2338,60.2409]]],[[[-70.3371,62.5487],[-70.4063,62.5448],[-70.5415,62.5523],[-70.6866,62.5732],[-70.7661,62.5969],[-70.8375,62.6481],[-70.8513,62.7043],[-70.9861,62.7878],[-71.1369,62.8159],[-71.2201,62.8739],[-71.1349,62.878],[-71.0137,62.8653],[-70.8346,62.8401],[-70.6743,62.807],[-70.4426,62.7338],[-70.3668,62.6658],[-70.2915,62.616],[-70.2688,62.5781],[-70.2886,62.5616],[-70.3371,62.5487]]],[[[-64.8326,61.3661],[-64.8568,61.3544],[-64.8798,61.3571],[-64.9542,61.4104],[-65.0544,61.432],[-65.0915,61.453],[-65.3939,61.5628],[-65.4268,61.611],[-65.4321,61.6495],[-65.3316,61.6683],[-65.1298,61.6857],[-64.9544,61.6851],[-64.7896,61.6622],[-64.7563,61.6376],[-64.6696,61.593],[-64.691,61.5394],[-64.6964,61.4715],[-64.7323,61.4384],[-64.7876,61.4133],[-64.8326,61.3661]]],[[[-65.0306,61.8791],[-65.0081,61.8703],[-64.9811,61.8806],[-64.9605,61.8717],[-64.9467,61.8434],[-64.9235,61.8237],[-64.8651,61.7981],[-64.8455,61.7799],[-64.8471,61.7615],[-64.8966,61.7333],[-64.9277,61.7325],[-65.1659,61.7977],[-65.2303,61.864],[-65.2354,61.8977],[-65.2105,61.9284],[-65.1739,61.9432],[-65.1256,61.9422],[-65.0684,61.926],[-65.0306,61.8791]]],[[[-69.1601,59.0402],[-69.2208,58.9676],[-69.3017,58.9766],[-69.3308,58.9616],[-69.3528,58.9607],[-69.3163,59.029],[-69.3115,59.0748],[-69.33,59.1212],[-69.3032,59.1449],[-69.1952,59.1461],[-69.1938,59.0928],[-69.1807,59.0727],[-69.1552,59.0636],[-69.1601,59.0402]]],[[[-64.407,60.3671],[-64.4419,60.2979],[-64.5582,60.3232],[-64.7379,60.3756],[-64.809,60.4104],[-64.8338,60.4484],[-64.8364,60.501],[-64.7826,60.5096],[-64.6463,60.5146],[-64.5325,60.4414],[-64.4998,60.4302],[-64.407,60.3671]]],[[[-60.9945,56.0393],[-60.9827,56.0151],[-61.137,56.0326],[-61.1913,56.0479],[-61.1959,56.0639],[-61.1882,56.089],[-61.1576,56.1184],[-61.0869,56.1408],[-61.0485,56.1292],[-60.9664,56.0988],[-60.9554,56.0804],[-60.9945,56.0393]]],[[[-61.7436,57.5546],[-61.6595,57.525],[-61.6375,57.4161],[-61.7953,57.4225],[-61.9755,57.4954],[-62.0112,57.5485],[-62.0072,57.5576],[-61.9833,57.5667],[-61.9375,57.5541],[-61.8931,57.5731],[-61.8483,57.5793],[-61.7436,57.5546]]],[[[-67.9147,69.541],[-67.9403,69.5349],[-68.2023,69.5804],[-68.2214,69.6167],[-68.0933,69.657],[-67.9891,69.6788],[-67.9088,69.6818],[-67.8291,69.675],[-67.7546,69.6314],[-67.8449,69.5917],[-67.9147,69.541]]],[[[-62.6815,67.0563],[-62.8054,67.0288],[-62.8716,67.0626],[-62.8251,67.0721],[-62.757,67.1125],[-62.6644,67.1482],[-62.6253,67.177],[-62.4697,67.19],[-62.4168,67.1885],[-62.3963,67.1783],[-62.4846,67.1342],[-62.6815,67.0563]]],[[[-79.0631,75.9259],[-79.0518,75.867],[-79.1244,75.8697],[-79.3557,75.8312],[-79.5445,75.8256],[-79.6388,75.8429],[-79.6987,75.8833],[-79.5513,75.9583],[-79.3818,76.0108],[-79.1783,76.0924],[-79.0093,76.1459],[-78.9259,76.1347],[-78.8452,76.1063],[-78.9464,76.0254],[-79.0566,75.9852],[-79.0631,75.9259]]],[[[-79.867,56.7746],[-79.8945,56.7571],[-79.9437,56.7768],[-79.9457,56.8269],[-79.8981,56.8653],[-79.8605,56.8635],[-79.8267,56.8431],[-79.835,56.816],[-79.867,56.7746]]],[[[-79.7165,57.5155],[-79.7322,57.5075],[-79.7752,57.5145],[-79.792,57.4486],[-79.8084,57.4424],[-79.8382,57.483],[-79.8159,57.5177],[-79.8191,57.5416],[-79.8108,57.5593],[-79.7679,57.5987],[-79.7426,57.608],[-79.7267,57.6046],[-79.7135,57.555],[-79.7165,57.5155]]],[[[-79.5182,56.6567],[-79.5535,56.6438],[-79.5774,56.6449],[-79.5507,56.7335],[-79.5817,56.7648],[-79.5835,56.781],[-79.5701,56.7957],[-79.5529,56.7987],[-79.5112,56.7714],[-79.4911,56.7427],[-79.4822,56.7144],[-79.4846,56.6865],[-79.4965,56.6673],[-79.5182,56.6567]]],[[[-79.9382,53.3041],[-79.9393,53.2743],[-80.0041,53.2801],[-80.0394,53.2972],[-80.0679,53.3241],[-80.074,53.3443],[-80.0497,53.3645],[-79.9746,53.3522],[-79.9382,53.3041]]],[[[-79.3843,51.952],[-79.4256,51.9449],[-79.5206,51.9529],[-79.5969,51.978],[-79.6437,52.0101],[-79.3349,52.0981],[-79.2713,52.0868],[-79.2702,52.0711],[-79.3166,52.0239],[-79.329,51.9923],[-79.3515,51.9683],[-79.3843,51.952]]],[[[-123.3724,48.8861],[-123.3848,48.8752],[-123.541,48.9459],[-123.6456,49.0386],[-123.6893,49.0951],[-123.4823,48.9547],[-123.3779,48.9083],[-123.3724,48.8861]]],[[[-124.9777,50.0296],[-125.0016,50.0208],[-125.026,50.1341],[-124.9957,50.1752],[-124.987,50.1959],[-124.9908,50.2171],[-124.9378,50.1659],[-124.9164,50.1315],[-124.9075,50.084],[-124.9084,50.0713],[-124.9777,50.0296]]],[[[-73.6217,67.7838],[-74.1091,67.7825],[-74.3741,67.7896],[-74.4807,67.8049],[-74.5734,67.8287],[-74.6786,67.9056],[-74.746,67.9848],[-74.7493,68.0185],[-74.7314,68.0488],[-74.7065,68.0671],[-74.3794,68.0935],[-74.1114,68.0606],[-73.8807,68.0219],[-73.584,68.0153],[-73.4938,68.0006],[-73.4592,67.9899],[-73.4353,67.97],[-73.4016,67.8787],[-73.3982,67.8299],[-73.4072,67.7931],[-73.6217,67.7838]]],[[[-77.8767,63.4706],[-77.7921,63.4278],[-77.7037,63.4309],[-77.6548,63.396],[-77.5385,63.2871],[-77.5273,63.2689],[-77.5327,63.2336],[-77.5939,63.1884],[-77.6577,63.1646],[-77.7915,63.1296],[-77.9424,63.1144],[-78.0244,63.1389],[-78.256,63.2398],[-78.4688,63.3579],[-78.5368,63.4237],[-78.5073,63.4511],[-78.4173,63.47],[-78.2349,63.4896],[-77.9339,63.479],[-77.8767,63.4706]]],[[[-94.5266,75.7493],[-94.6244,75.7489],[-94.7515,75.7697],[-94.7874,75.7914],[-94.8147,75.8212],[-94.8336,75.859],[-94.8601,75.8892],[-94.8941,75.9119],[-94.9012,75.9308],[-94.8813,75.9459],[-94.8398,75.9544],[-94.7448,75.9572],[-94.5379,75.9964],[-94.4987,75.9922],[-94.4713,75.9714],[-94.4434,75.9171],[-94.4138,75.8849],[-94.3322,75.826],[-94.2963,75.7881],[-94.304,75.7763],[-94.3295,75.7659],[-94.5266,75.7493]]],[[[-80.2853,59.6241],[-80.3172,59.621],[-80.3247,59.6332],[-80.299,59.6742],[-80.2566,59.6791],[-80.21,59.7246],[-80.1672,59.7089],[-80.1831,59.6835],[-80.2405,59.6449],[-80.2853,59.6241]]],[[[-80.0642,59.7708],[-80.1671,59.7639],[-80.1222,59.8232],[-80.0836,59.8519],[-80.0412,59.8702],[-79.9559,59.877],[-79.8986,59.8531],[-79.9496,59.8099],[-80.0642,59.7708]]],[[[-96.7823,72.9366],[-96.9438,72.9267],[-97.0928,72.9969],[-97.0977,73.0624],[-97.0877,73.0985],[-97.0692,73.1302],[-97.015,73.1573],[-96.8624,73.1888],[-96.7932,73.1655],[-96.7678,73.1373],[-96.7444,73.1263],[-96.646,73.1019],[-96.5985,73.0738],[-96.6035,73.0416],[-96.6354,72.9924],[-96.6706,72.9609],[-96.7092,72.947],[-96.7823,72.9366]]],[[[-97.3555,74.5263],[-97.6561,74.4657],[-97.7216,74.4892],[-97.75,74.5105],[-97.5163,74.6025],[-97.4165,74.6266],[-97.3182,74.598],[-97.2913,74.5764],[-97.3039,74.5597],[-97.3555,74.5263]]],[[[-98.2704,73.8685],[-98.5582,73.8474],[-98.6911,73.8565],[-98.7614,73.8289],[-98.8166,73.8171],[-98.9739,73.8121],[-99.298,73.862],[-99.3852,73.8793],[-99.417,73.8954],[-99.4038,73.9109],[-99.3456,73.9257],[-99.0969,73.9483],[-99.0047,73.9649],[-98.9667,73.9882],[-98.9045,74.0069],[-98.8182,74.021],[-98.585,74.0345],[-98.061,74.1047],[-97.8004,74.1146],[-97.6982,74.1087],[-97.6674,74.0901],[-97.6591,74.0716],[-97.6733,74.053],[-97.7547,74.0055],[-97.8611,73.9685],[-98.147,73.8888],[-98.2704,73.8685]]],[[[-90.1998,69.4191],[-90.1774,69.3571],[-90.2673,69.2729],[-90.2955,69.2578],[-90.3303,69.2522],[-90.3641,69.2626],[-90.4647,69.3287],[-90.492,69.3699],[-90.4551,69.3905],[-90.3772,69.4162],[-90.3221,69.4287],[-90.2528,69.4179],[-90.2286,69.436],[-90.1998,69.4191]]],[[[-90.4926,69.2211],[-90.5744,69.2094],[-90.6258,69.2509],[-90.6674,69.2595],[-90.6859,69.2872],[-90.7716,69.2926],[-90.7657,69.336],[-90.7424,69.3573],[-90.6628,69.3742],[-90.5997,69.3678],[-90.5398,69.3246],[-90.5106,69.2904],[-90.4854,69.2466],[-90.4926,69.2211]]],[[[-74.0004,62.6184],[-74.0536,62.6097],[-74.2535,62.622],[-74.4995,62.6688],[-74.6265,62.7127],[-74.62,62.7263],[-74.5642,62.7333],[-74.5009,62.7265],[-74.3948,62.6958],[-74.1089,62.6803],[-74.0168,62.6627],[-73.9882,62.6361],[-74.0004,62.6184]]],[[[-74.8809,68.3487],[-74.9593,68.3422],[-75.0725,68.4042],[-75.3102,68.4745],[-75.4002,68.5255],[-75.4034,68.5501],[-75.3962,68.5888],[-75.3702,68.6361],[-75.2874,68.6877],[-75.1998,68.6961],[-75.0747,68.6847],[-74.9836,68.6476],[-74.8848,68.5446],[-74.8189,68.4944],[-74.7982,68.458],[-74.831,68.4407],[-74.8279,68.4238],[-74.8129,68.4133],[-74.8186,68.3941],[-74.845,68.366],[-74.8809,68.3487]]],[[[-78.5316,60.7286],[-78.6689,60.7169],[-78.6691,60.7313],[-78.612,60.7723],[-78.3996,60.8081],[-78.2417,60.8187],[-78.2789,60.7839],[-78.3725,60.7564],[-78.5316,60.7286]]],[[[-78.9827,68.1928],[-79.0641,68.1818],[-79.174,68.235],[-79.1748,68.2645],[-79.1535,68.3353],[-78.9526,68.353],[-78.8687,68.3103],[-78.8285,68.2682],[-78.9827,68.1928]]],[[[-76.6776,63.3939],[-76.7832,63.384],[-76.9219,63.4063],[-77.0572,63.4498],[-77.3647,63.5883],[-77.1337,63.682],[-76.7636,63.5736],[-76.6524,63.5036],[-76.6776,63.3939]]],[[[-79.4307,69.7878],[-79.3903,69.7304],[-79.365,69.7124],[-79.4024,69.6852],[-79.5528,69.6309],[-79.8817,69.6087],[-80.0475,69.6343],[-79.9711,69.5563],[-79.9545,69.5235],[-79.9778,69.5097],[-80.0469,69.5139],[-80.1615,69.5359],[-80.2273,69.5624],[-80.2445,69.5932],[-80.2687,69.6],[-80.2997,69.5829],[-80.3296,69.5868],[-80.3979,69.6326],[-80.448,69.6497],[-80.7782,69.677],[-80.7948,69.6893],[-80.7775,69.7104],[-80.7266,69.7404],[-80.6525,69.7506],[-80.4659,69.7371],[-80.4507,69.7448],[-80.4383,69.7827],[-80.4242,69.7976],[-80.2949,69.7938],[-80.2137,69.802],[-80.1688,69.7824],[-80.1246,69.7373],[-80.0618,69.7455],[-79.9708,69.739],[-79.8696,69.7555],[-79.7148,69.7957],[-79.594,69.8105],[-79.4307,69.7878]]],[[[-78.0291,69.7149],[-77.9778,69.6649],[-77.9691,69.639],[-78.04,69.6084],[-78.3072,69.5518],[-78.4701,69.5025],[-78.5524,69.4916],[-78.6621,69.5026],[-78.7953,69.4797],[-78.8482,69.4828],[-78.7893,69.5231],[-78.5786,69.6388],[-78.4019,69.6506],[-78.3442,69.6748],[-78.2955,69.6671],[-78.2673,69.6872],[-78.2625,69.7168],[-78.2007,69.7395],[-78.1452,69.7392],[-78.0291,69.7149]]],[[[-77.6421,63.9919],[-77.7141,63.9457],[-77.9288,63.962],[-77.9579,63.976],[-77.966,63.9929],[-77.9313,64.0148],[-77.7108,64.0356],[-77.6173,64.0372],[-77.5694,64.0304],[-77.5636,64.0221],[-77.6421,63.9919]]],[[[-83.1235,66.2828],[-83.0239,66.2707],[-82.9481,66.2719],[-82.9313,66.2573],[-83.0108,66.2084],[-83.0599,66.1993],[-83.1479,66.2342],[-83.2139,66.2771],[-83.2326,66.303],[-83.2378,66.3315],[-83.2223,66.3365],[-83.1235,66.2828]]],[[[-79.2106,68.8455],[-79.2797,68.8387],[-79.3614,68.8577],[-79.3905,68.8902],[-79.4058,68.923],[-79.3912,68.9399],[-79.3547,68.9559],[-79.3052,68.9923],[-79.2427,69.0493],[-79.145,69.0875],[-78.9305,69.1229],[-78.9,69.1354],[-78.8041,69.2351],[-78.7718,69.2522],[-78.662,69.2624],[-78.6502,69.2752],[-78.6891,69.2998],[-78.6891,69.3251],[-78.6502,69.3512],[-78.5967,69.3706],[-78.4579,69.3895],[-78.3326,69.386],[-78.3005,69.3787],[-78.2725,69.3612],[-78.2341,69.3146],[-78.229,69.304],[-78.287,69.2627],[-78.439,69.1992],[-78.5329,69.146],[-78.5518,69.1287],[-78.5603,69.1063],[-78.5957,69.0791],[-78.7054,69.0137],[-78.7792,68.9505],[-78.8527,68.9157],[-79.0536,68.8829],[-79.2106,68.8455]]],[[[-76.9954,69.1437],[-77.1216,69.1321],[-77.215,69.1381],[-77.2756,69.1617],[-77.3219,69.1936],[-77.3794,69.274],[-77.3581,69.3115],[-77.3515,69.3787],[-77.3409,69.4039],[-77.3187,69.4163],[-77.1875,69.4401],[-77.1092,69.4374],[-76.9941,69.4118],[-76.7457,69.404],[-76.6841,69.3804],[-76.6688,69.3662],[-76.67,69.3486],[-76.6875,69.3277],[-76.8103,69.2667],[-76.8693,69.2249],[-76.9112,69.1747],[-76.9954,69.1437]]],[[[-86.913,70.1132],[-86.7988,70.1053],[-86.6912,70.115],[-86.6127,70.1057],[-86.5634,70.0772],[-86.5309,70.0477],[-86.5152,70.017],[-86.5577,69.9953],[-86.7343,69.9763],[-86.8549,69.9857],[-86.984,70.0111],[-87.0438,69.9999],[-87.1908,70.0186],[-87.2639,70.0439],[-87.3232,70.0801],[-87.3231,70.1022],[-87.1681,70.1272],[-87.1073,70.1467],[-86.913,70.1132]]],[[[-83.726,65.7967],[-83.5975,65.7575],[-83.4694,65.7352],[-83.2632,65.7233],[-83.2337,65.715],[-83.2339,65.6966],[-83.2637,65.6678],[-83.3324,65.6311],[-83.3814,65.63],[-83.4954,65.656],[-83.5371,65.6692],[-83.5832,65.6986],[-83.6065,65.7014],[-83.6364,65.6915],[-83.6444,65.6785],[-83.6307,65.6624],[-83.6495,65.6578],[-83.7875,65.6689],[-83.8092,65.6783],[-83.7982,65.71],[-83.7019,65.7562],[-83.7865,65.7704],[-83.8136,65.7875],[-83.939,65.7584],[-84.0085,65.7515],[-84.1183,65.7718],[-84.1299,65.8774],[-84.1432,65.916],[-84.1932,65.9421],[-84.2229,65.9698],[-84.2709,65.9906],[-84.3701,66.0118],[-84.4506,66.0644],[-84.4674,66.0883],[-84.4563,66.1063],[-84.4072,66.131],[-84.1223,66.0778],[-83.9504,66.0275],[-83.787,65.9658],[-83.7014,65.9201],[-83.6937,65.8904],[-83.7149,65.8607],[-83.7651,65.8312],[-83.726,65.7967]]],[[[-86.5956,67.7359],[-86.6382,67.7349],[-86.706,67.7501],[-86.8611,67.8105],[-86.8925,67.8366],[-86.9083,67.867],[-86.9084,67.902],[-86.8946,67.9381],[-86.8471,68.0103],[-86.9377,68.0676],[-86.9598,68.1002],[-86.9492,68.1187],[-86.8987,68.1629],[-86.8849,68.1905],[-86.834,68.2297],[-86.7021,68.3056],[-86.5699,68.2877],[-86.452,68.2255],[-86.4211,68.1834],[-86.4303,68.1387],[-86.42,68.0739],[-86.3903,67.9889],[-86.3824,67.9273],[-86.3964,67.889],[-86.4469,67.817],[-86.4896,67.7836],[-86.546,67.7522],[-86.5956,67.7359]]],[[[-84.6748,65.575],[-84.727,65.5637],[-84.7829,65.5701],[-84.8303,65.599],[-84.8689,65.6505],[-84.9312,65.6892],[-85.072,65.7374],[-85.0963,65.7562],[-85.1363,65.8208],[-85.144,65.8854],[-85.1742,65.9437],[-85.1757,65.9724],[-85.1496,66.0154],[-85.0314,66.0255],[-84.9386,66.0085],[-84.9198,65.997],[-84.8895,65.9721],[-84.8695,65.9415],[-84.7574,65.8589],[-84.6917,65.7932],[-84.6026,65.6574],[-84.6022,65.6315],[-84.6263,65.6041],[-84.6748,65.575]]],[[[-93.0439,61.8441],[-93.0848,61.8417],[-93.1766,61.8927],[-93.1967,61.9186],[-93.0758,61.935],[-92.993,61.8897],[-93,61.8675],[-93.0439,61.8441]]],[[[-101.2261,76.5793],[-101.4852,76.575],[-101.605,76.587],[-101.6131,76.6046],[-101.5095,76.6277],[-101.165,76.6654],[-100.9622,76.7342],[-100.8865,76.7427],[-100.6216,76.7525],[-100.4672,76.7503],[-100.2691,76.7341],[-100.7466,76.6492],[-101.2261,76.5793]]],[[[-103.0034,78.1464],[-103.1182,78.1264],[-103.2522,78.1381],[-103.271,78.1506],[-103.2736,78.1658],[-103.2601,78.1835],[-103.1104,78.2459],[-102.9733,78.2672],[-102.8918,78.2712],[-102.8255,78.25],[-102.7883,78.2182],[-103.0034,78.1464]]],[[[-101.6936,77.6966],[-101.8311,77.6874],[-102.0798,77.6922],[-102.3778,77.7281],[-102.4582,77.7702],[-102.475,77.8367],[-102.4715,77.8735],[-102.4477,77.8806],[-102.2632,77.8894],[-101.9179,77.8996],[-101.6394,77.8921],[-101.322,77.8542],[-101.1932,77.8298],[-101.1276,77.8126],[-101.0462,77.7778],[-101.0196,77.7625],[-101.0021,77.7351],[-101.3977,77.7291],[-101.5846,77.7183],[-101.6936,77.6966]]],[[[-89.7265,76.5074],[-89.7733,76.4938],[-89.9241,76.5009],[-89.9741,76.4875],[-90.0543,76.4951],[-90.1646,76.5236],[-90.2935,76.5795],[-90.441,76.6628],[-90.5563,76.7346],[-90.5625,76.7543],[-90.5248,76.7878],[-90.4095,76.8102],[-90.1363,76.837],[-89.9488,76.8362],[-89.7746,76.782],[-89.7253,76.7634],[-89.6954,76.7412],[-89.6944,76.7198],[-89.7086,76.7012],[-89.7875,76.6596],[-89.8221,76.6306],[-89.8219,76.6022],[-89.8048,76.5611],[-89.7729,76.5339],[-89.7264,76.5208],[-89.7265,76.5074]]],[[[-96.0786,75.5101],[-96.1564,75.4772],[-96.2366,75.4748],[-96.3445,75.506],[-96.4616,75.4942],[-96.622,75.4313],[-96.679,75.3942],[-96.7229,75.3808],[-96.8571,75.3691],[-96.9151,75.3797],[-96.9696,75.4126],[-97.0207,75.4681],[-96.9828,75.5098],[-96.8562,75.5379],[-96.5229,75.5836],[-96.4277,75.6063],[-96.4172,75.6307],[-96.3973,75.6468],[-96.3678,75.6546],[-96.1454,75.6135],[-96.0398,75.5858],[-95.9599,75.5543],[-95.9686,75.5418],[-96.0786,75.5101]]],[[[-95.3066,74.5054],[-95.3524,74.5004],[-95.4415,74.5061],[-95.7772,74.5507],[-95.8344,74.569],[-95.8507,74.5825],[-95.7744,74.5987],[-95.7456,74.616],[-95.6604,74.6369],[-95.5102,74.6368],[-95.3525,74.5857],[-95.2784,74.5396],[-95.2745,74.5192],[-95.3066,74.5054]]],[[[-121.0762,75.7453],[-121.1543,75.7406],[-121.2409,75.7519],[-121.2211,75.7775],[-121.0263,75.8475],[-121.0154,75.8675],[-121.0181,75.8838],[-121.0423,75.903],[-120.993,75.9274],[-120.914,75.9375],[-120.8878,75.928],[-120.8787,75.9067],[-120.8969,75.8445],[-120.9212,75.8145],[-120.9549,75.7888],[-121.0066,75.7657],[-121.0762,75.7453]]],[[[-113.5607,76.7433],[-113.7125,76.7105],[-114.7515,76.7589],[-114.8083,76.7741],[-114.8353,76.7947],[-114.6471,76.851],[-114.4199,76.8753],[-113.8916,76.8949],[-113.7075,76.8729],[-113.5854,76.8473],[-113.5165,76.825],[-113.4876,76.7833],[-113.5607,76.7433]]],[[[-104.1199,75.0363],[-104.3087,75.031],[-104.6343,75.0613],[-104.8281,75.1197],[-104.8874,75.1478],[-104.8816,75.1605],[-104.8481,75.173],[-104.8013,75.211],[-104.6904,75.3207],[-104.6488,75.3498],[-104.4742,75.413],[-104.3462,75.4299],[-104.0747,75.4245],[-103.917,75.3918],[-103.8512,75.3708],[-103.8041,75.3455],[-103.7579,75.2891],[-103.7465,75.2524],[-103.6672,75.2107],[-103.6435,75.1866],[-103.6421,75.1629],[-103.6643,75.1391],[-103.7097,75.115],[-103.8139,75.0797],[-104.1199,75.0363]]],[[[-100.2172,68.8067],[-100.2488,68.775],[-100.2879,68.7661],[-100.3657,68.7288],[-100.3973,68.7238],[-100.4426,68.7476],[-100.4807,68.7862],[-100.4969,68.7922],[-100.521,68.7907],[-100.5734,68.7661],[-100.5965,68.7664],[-100.616,68.7829],[-100.6254,68.8159],[-100.6247,68.8653],[-100.5999,68.9414],[-100.5983,68.9691],[-100.6116,68.9902],[-100.6006,69.0094],[-100.5655,69.0268],[-100.5203,69.0351],[-100.414,69.0281],[-100.3299,68.9976],[-100.289,68.9577],[-100.2069,68.9262],[-100.1785,68.9039],[-100.2172,68.8067]]],[[[-99.9947,69.0135],[-100.018,68.954],[-100.1413,68.9699],[-100.1957,68.9915],[-100.242,69.0404],[-100.2474,69.0528],[-100.2371,69.0715],[-100.187,69.114],[-100.1531,69.1295],[-100.0728,69.1115],[-100.0354,69.0866],[-100.0056,69.0471],[-99.9947,69.0135]]],[[[-100.3084,70.4958],[-100.3212,70.4877],[-100.5373,70.525],[-100.6207,70.5469],[-100.6478,70.5631],[-100.6669,70.5962],[-100.6783,70.6462],[-100.6353,70.6703],[-100.5379,70.6686],[-100.4339,70.6494],[-100.2761,70.5946],[-100.3211,70.5784],[-100.3232,70.5424],[-100.3055,70.5084],[-100.3084,70.4958]]],[[[-95.5137,69.5736],[-95.3809,69.5066],[-95.3821,69.4741],[-95.3994,69.4198],[-95.4375,69.3785],[-95.4962,69.3501],[-95.5785,69.3358],[-95.6844,69.3357],[-95.7301,69.3476],[-95.6959,69.3896],[-95.6702,69.402],[-95.6658,69.439],[-95.6828,69.5003],[-95.7041,69.538],[-95.7636,69.5596],[-95.8062,69.5605],[-95.8178,69.5406],[-95.7983,69.4998],[-95.8118,69.447],[-95.8582,69.3822],[-95.8935,69.3518],[-95.9561,69.3671],[-95.9859,69.3919],[-95.9779,69.4327],[-95.9948,69.4697],[-95.9789,69.5088],[-95.9362,69.567],[-95.8758,69.606],[-95.7978,69.6257],[-95.7066,69.6243],[-95.6025,69.6018],[-95.5137,69.5736]]],[[[-101.1717,69.3971],[-101.2535,69.3885],[-101.2685,69.3906],[-101.2615,69.4178],[-101.2676,69.4315],[-101.2895,69.4413],[-101.2178,69.4629],[-101.2073,69.4798],[-101.2301,69.4928],[-101.3285,69.5174],[-101.3565,69.5397],[-101.3513,69.5592],[-101.3129,69.5761],[-101.2449,69.5735],[-101.0983,69.5408],[-101.0312,69.4955],[-101.0006,69.4619],[-101.0492,69.4569],[-101.0869,69.4434],[-101.127,69.4147],[-101.1717,69.3971]]],[[[-101.8459,68.5863],[-101.8872,68.585],[-101.9446,68.6028],[-102.2664,68.6637],[-102.3082,68.682],[-102.2705,68.7076],[-102.1533,68.7405],[-102.0744,68.774],[-102.0134,68.8254],[-101.8284,68.799],[-101.7593,68.7746],[-101.733,68.7534],[-101.7216,68.7241],[-101.732,68.6521],[-101.7943,68.6369],[-101.8459,68.5863]]],[[[-104.5407,68.4059],[-104.596,68.4022],[-104.6995,68.4183],[-104.8511,68.454],[-104.9652,68.4917],[-105.0417,68.5315],[-105.0514,68.559],[-104.994,68.5742],[-104.9073,68.5818],[-104.7004,68.5767],[-104.602,68.5615],[-104.4721,68.5035],[-104.4445,68.4707],[-104.4405,68.4495],[-104.4571,68.4312],[-104.5407,68.4059]]],[[[-107.8999,67.4018],[-107.9502,67.3182],[-107.9695,67.326],[-108.004,67.3659],[-108.0733,67.3851],[-108.1522,67.4294],[-108.1511,67.5248],[-108.1209,67.5682],[-108.1275,67.6286],[-108.049,67.6649],[-107.9909,67.6221],[-107.9749,67.5494],[-107.9894,67.5136],[-107.9318,67.4765],[-107.9052,67.467],[-107.891,67.4372],[-107.8999,67.4018]]],[[[-109.1664,67.9824],[-109.0539,67.9719],[-108.9705,67.9797],[-108.9096,67.9394],[-108.886,67.8985],[-108.8938,67.8845],[-108.9202,67.8788],[-109.0962,67.924],[-109.1615,67.9517],[-109.1836,67.975],[-109.1664,67.9824]]],[[[-108.0927,67.0052],[-107.9665,66.9973],[-107.8055,66.9986],[-107.8333,66.9213],[-107.8952,66.8719],[-107.9439,66.8578],[-107.9651,66.8849],[-108.0597,66.9469],[-108.0927,67.0052]]],[[[-109.3231,67.9909],[-109.3608,67.9876],[-109.4979,68.047],[-109.4691,68.098],[-109.3417,68.0459],[-109.3235,68.0133],[-109.3231,67.9909]]],[[[-139.0431,69.5769],[-139.1257,69.5393],[-139.257,69.5786],[-139.2914,69.5979],[-139.1396,69.6496],[-139.0727,69.6477],[-138.9315,69.6169],[-138.8789,69.5897],[-139.0431,69.5769]]]]}},{"type":"Feature","properties":{"isoName":"USA","fullName":"United States of America","alternativeNames":["United States","America","USA","US"],"centreCoords":[39.5,-98],"capitalCity":"Washington, D.C."},"geometry":{"type":"MultiPolygon","coordinates":[[[[-132.7469,56.5257],[-132.7576,56.511],[-132.8847,56.5125],[-132.9308,56.5245],[-132.948,56.5672],[-132.9362,56.6068],[-132.9065,56.6374],[-132.8707,56.6964],[-132.8425,56.7948],[-132.6559,56.6847],[-132.5987,56.6357],[-132.568,56.5758],[-132.6342,56.5535],[-132.7145,56.5425],[-132.7469,56.5257]]],[[[-132.7799,56.2473],[-132.831,56.2441],[-132.8915,56.2594],[-133.035,56.3409],[-133.0376,56.3648],[-133.0171,56.392],[-132.9355,56.4418],[-132.9021,56.4538],[-132.7061,56.4485],[-132.6434,56.4352],[-132.6291,56.4119],[-132.6323,56.3883],[-132.6528,56.3644],[-132.6576,56.3393],[-132.6466,56.3132],[-132.6694,56.2873],[-132.7799,56.2473]]],[[[-134.3127,58.2289],[-134.3199,58.2041],[-134.4563,58.2065],[-134.594,58.2431],[-134.6616,58.2909],[-134.648,58.3124],[-134.52,58.3325],[-134.3989,58.2872],[-134.3127,58.2289]]],[[[-145.1185,60.3371],[-145.1505,60.3126],[-145.2376,60.3213],[-145.2843,60.3368],[-145.1281,60.4011],[-145.1024,60.3882],[-145.1185,60.3371]]],[[[-144.5656,59.8184],[-144.6136,59.8126],[-144.5416,59.8782],[-144.4449,59.9507],[-144.354,59.9962],[-144.2357,60.0152],[-144.249,59.9821],[-144.4032,59.9211],[-144.5656,59.8184]]],[[[-148.0218,60.0653],[-148.0742,60.0347],[-148.2719,60.0533],[-148.2307,60.1135],[-148.0796,60.1517],[-147.9142,60.0923],[-148.0218,60.0653]]],[[[-152.0208,60.3617],[-152.069,60.3581],[-152.0045,60.4074],[-151.9597,60.5038],[-151.8994,60.4904],[-151.8873,60.4727],[-151.9869,60.374],[-152.0208,60.3617]]],[[[-160.3293,55.3377],[-160.3433,55.2588],[-160.4808,55.309],[-160.5175,55.3338],[-160.4929,55.3523],[-160.3623,55.357],[-160.3293,55.3377]]],[[[-159.362,54.9724],[-159.3945,54.9673],[-159.4213,54.9781],[-159.4585,55.035],[-159.4619,55.0588],[-159.3904,55.0409],[-159.3632,54.9995],[-159.362,54.9724]]],[[[-159.5151,55.1519],[-159.5204,55.0722],[-159.535,55.0596],[-159.5615,55.0809],[-159.6177,55.0573],[-159.6485,55.0746],[-159.6354,55.1023],[-159.6396,55.124],[-159.5979,55.1257],[-159.588,55.1653],[-159.5953,55.182],[-159.5748,55.2177],[-159.5451,55.226],[-159.5151,55.1519]]],[[[-166.2098,53.7233],[-166.2238,53.7204],[-166.2494,53.7452],[-166.2507,53.7678],[-166.2344,53.7842],[-166.1877,53.8225],[-166.1545,53.8361],[-166.1137,53.8431],[-166.1027,53.8328],[-166.1386,53.7874],[-166.1837,53.7569],[-166.2098,53.7233]]],[[[-176.009,51.8124],[-176.0934,51.7905],[-176.2044,51.8348],[-176.1937,51.8863],[-176.0716,51.8433],[-176.009,51.8124]]],[[[-166.1099,66.2274],[-166.1486,66.2218],[-166.1465,66.2372],[-166.0325,66.2777],[-165.8222,66.3281],[-165.8299,66.3171],[-165.9423,66.2782],[-166.1099,66.2274]]],[[[-171.463,63.64],[-171.4479,63.6157],[-171.3434,63.6196],[-171.1969,63.6091],[-171.0349,63.5855],[-170.8746,63.594],[-170.6725,63.6688],[-170.5519,63.6885],[-170.4304,63.6988],[-170.2994,63.6806],[-170.1713,63.6409],[-170.1218,63.6175],[-170.0824,63.5767],[-170.0563,63.5272],[-170.0174,63.4917],[-169.7774,63.448],[-169.6241,63.4306],[-169.5872,63.4066],[-169.5545,63.3735],[-169.4276,63.3483],[-169.2951,63.3575],[-169.2211,63.3486],[-168.996,63.3473],[-168.716,63.3106],[-168.7613,63.2138],[-168.8524,63.1712],[-169.109,63.1849],[-169.3647,63.1711],[-169.4709,63.1213],[-169.5593,63.0582],[-169.5713,62.9968],[-169.6229,62.9686],[-169.6764,62.9561],[-169.7198,62.9901],[-169.7778,63.0938],[-169.8186,63.1224],[-169.8634,63.1404],[-169.9885,63.1731],[-170.1154,63.1938],[-170.1896,63.1963],[-170.2431,63.2323],[-170.2727,63.2843],[-170.3235,63.3111],[-170.4242,63.3493],[-170.5271,63.3793],[-170.8484,63.4444],[-170.9541,63.4529],[-171.0612,63.4459],[-171.176,63.4162],[-171.2873,63.3722],[-171.4012,63.3393],[-171.5191,63.332],[-171.6318,63.3512],[-171.7378,63.3942],[-171.791,63.4247],[-171.8194,63.4772],[-171.8179,63.5298],[-171.8035,63.5805],[-171.7464,63.7031],[-171.6465,63.727],[-171.463,63.64]]],[[[-166.1354,60.3835],[-166.0437,60.3339],[-165.9949,60.3312],[-165.8409,60.3462],[-165.7845,60.3356],[-165.7297,60.3142],[-165.6958,60.2815],[-165.6894,60.2241],[-165.7144,60.1729],[-165.7069,60.1006],[-165.7124,60.0693],[-165.6306,60.0284],[-165.605,59.9728],[-165.5918,59.9131],[-165.7693,59.8932],[-165.9467,59.89],[-166.0999,59.8496],[-166.1312,59.8198],[-166.1067,59.7754],[-166.1487,59.7641],[-166.1875,59.7738],[-166.2616,59.8149],[-166.343,59.8344],[-166.6276,59.8646],[-166.9851,59.9839],[-167.1389,60.0085],[-167.2951,60.0957],[-167.4364,60.2066],[-167.3443,60.2245],[-167.2517,60.2335],[-166.8363,60.217],[-166.7844,60.2964],[-166.731,60.3163],[-166.599,60.3388],[-166.4757,60.3828],[-166.4204,60.3817],[-166.3639,60.3647],[-166.247,60.3912],[-166.185,60.3968],[-166.1354,60.3835]]],[[[-152.898,57.8239],[-152.8908,57.769],[-152.8501,57.7757],[-152.6962,57.8323],[-152.616,57.8489],[-152.5116,57.8515],[-152.4288,57.8257],[-152.4119,57.8059],[-152.4191,57.7823],[-152.4854,57.7344],[-152.4826,57.7033],[-152.4115,57.6461],[-152.2365,57.6149],[-152.2153,57.5977],[-152.2162,57.577],[-152.3367,57.4822],[-152.3809,57.4601],[-152.4122,57.4548],[-152.631,57.4718],[-152.8312,57.5029],[-152.9122,57.5082],[-152.9408,57.4981],[-152.9975,57.4689],[-152.9568,57.4604],[-152.7813,57.4534],[-152.7195,57.4108],[-152.6925,57.3796],[-152.6791,57.3451],[-152.7141,57.331],[-152.7891,57.3207],[-152.8791,57.3208],[-152.9903,57.282],[-153.0516,57.2376],[-153.2744,57.2264],[-153.4437,57.1672],[-153.5036,57.138],[-153.5244,57.1031],[-153.5883,57.0777],[-153.7326,57.0523],[-153.6465,57.0296],[-153.6331,57.0104],[-153.6314,56.9837],[-153.6433,56.9607],[-153.7572,56.8584],[-153.9727,56.7742],[-154.0273,56.778],[-154.0508,56.7885],[-154.07,56.8045],[-154.0709,56.8207],[-153.7932,56.9895],[-153.8042,56.9978],[-153.8797,57.0035],[-153.9994,57.05],[-154.0838,57.0201],[-154.103,57.0212],[-154.0805,57.061],[-154.0254,57.1085],[-154.0351,57.1218],[-154.0653,57.1337],[-154.1349,57.1408],[-154.2438,57.143],[-154.3244,57.1318],[-154.3768,57.107],[-154.3811,57.0965],[-154.2695,57.0995],[-154.2392,57.0869],[-154.2091,57.0633],[-154.1908,57.0361],[-154.1843,57.0053],[-154.2077,56.9638],[-154.2609,56.9118],[-154.339,56.9209],[-154.4988,57.0366],[-154.5693,57.2059],[-154.706,57.3354],[-154.7122,57.3663],[-154.6732,57.4461],[-154.5353,57.5594],[-154.3871,57.5905],[-154.2814,57.6381],[-154.1793,57.6524],[-154.1162,57.6512],[-154.0298,57.6307],[-153.995,57.5873],[-154.0159,57.5669],[-154.0079,57.5562],[-153.9474,57.5301],[-153.8819,57.439],[-153.8054,57.3582],[-153.7546,57.3253],[-153.6877,57.3051],[-153.7569,57.3668],[-153.7978,57.4433],[-153.8184,57.5956],[-153.8381,57.6358],[-153.7995,57.6467],[-153.6901,57.6407],[-153.6932,57.6634],[-153.8085,57.7147],[-153.8794,57.7572],[-153.9061,57.7908],[-153.9044,57.8199],[-153.8416,57.8628],[-153.8058,57.8751],[-153.769,57.8804],[-153.6956,57.8712],[-153.6626,57.8578],[-153.5686,57.7611],[-153.5245,57.731],[-153.4879,57.731],[-153.4541,57.747],[-153.4227,57.7792],[-153.3904,57.7984],[-153.3571,57.8047],[-153.2524,57.7905],[-153.2175,57.7958],[-153.2003,57.82],[-153.201,57.8633],[-153.1752,57.8789],[-153.1688,57.9106],[-153.2259,57.9576],[-153.1604,57.972],[-152.9433,57.936],[-152.8504,57.8968],[-152.898,57.8239]]],[[[-130.0251,55.8882],[-130.0747,55.836],[-130.112,55.7798],[-130.1371,55.7194],[-130.1465,55.6545],[-130.1404,55.585],[-130.1204,55.5244],[-130.0595,55.4123],[-130.0393,55.3436],[-130.0366,55.2979],[-130.1718,55.137],[-130.2185,55.0603],[-130.2141,55.0259],[-130.3125,54.9459],[-130.4933,54.8342],[-130.5753,54.7697],[-130.6158,54.7909],[-130.8496,54.8076],[-130.9346,54.9504],[-130.9797,55.0612],[-131.0479,55.1577],[-131.0459,55.1796],[-130.9839,55.2439],[-130.7504,55.297],[-130.7482,55.318],[-130.8351,55.3321],[-130.856,55.3551],[-130.8798,55.4595],[-130.8734,55.5511],[-130.8796,55.6118],[-130.9186,55.736],[-130.977,55.812],[-131.1277,55.9602],[-131.1404,55.9975],[-131.074,56.0444],[-131.0328,56.0881],[-131.2876,56.0121],[-131.6353,55.9322],[-131.7842,55.8766],[-131.8155,55.8542],[-131.8262,55.8354],[-131.7991,55.7828],[-131.8033,55.766],[-131.8336,55.7349],[-131.8694,55.6472],[-131.945,55.5541],[-131.9834,55.535],[-132.119,55.5698],[-132.1554,55.5996],[-132.2234,55.721],[-132.2075,55.7534],[-132.158,55.7807],[-132.0907,55.8396],[-132.0057,55.9301],[-131.8438,56.1601],[-131.738,56.1612],[-131.5514,56.2068],[-131.8442,56.2296],[-131.8879,56.2416],[-131.9273,56.273],[-131.9623,56.3237],[-132.0219,56.3801],[-132.1333,56.3999],[-132.182,56.4207],[-132.2556,56.4891],[-132.305,56.5199],[-132.332,56.5579],[-132.3367,56.6031],[-132.3577,56.6259],[-132.4344,56.6341],[-132.4759,56.6497],[-132.4871,56.7664],[-132.6395,56.7964],[-132.702,56.8223],[-132.8022,56.8952],[-132.8299,56.9306],[-132.8388,56.9602],[-132.8143,57.0407],[-132.8246,57.0558],[-132.9134,57.0475],[-133.4659,57.1722],[-133.4367,57.3369],[-133.539,57.5541],[-133.6487,57.6423],[-133.627,57.6765],[-133.6034,57.6947],[-133.5542,57.6951],[-133.3423,57.6311],[-133.1428,57.5551],[-133.117,57.5662],[-133.4357,57.7271],[-133.5155,57.7751],[-133.5352,57.833],[-133.5364,57.8639],[-133.5111,57.8801],[-133.2121,57.8657],[-133.1943,57.8777],[-133.4974,57.9247],[-133.5594,57.9245],[-133.6257,57.857],[-133.6573,57.841],[-133.7223,57.8442],[-133.7441,57.8546],[-133.8214,57.9364],[-133.8945,57.9933],[-134.0311,58.0722],[-134.0567,58.1284],[-134.0633,58.2111],[-134.0453,58.2893],[-133.9336,58.4679],[-133.8885,58.4987],[-133.8768,58.5182],[-133.9111,58.5152],[-133.9438,58.4983],[-134.0361,58.4153],[-134.1312,58.2793],[-134.2088,58.233],[-134.2576,58.2442],[-134.3314,58.2996],[-134.4854,58.3672],[-134.6636,58.3847],[-134.7761,58.4539],[-134.9425,58.6463],[-134.9648,58.7422],[-134.9861,58.7656],[-135.0765,58.7968],[-135.1318,58.8429],[-135.2174,59.0766],[-135.3303,59.2391],[-135.3584,59.3249],[-135.3489,59.4101],[-135.3637,59.4194],[-135.4025,59.3531],[-135.4127,59.3185],[-135.4841,59.3087],[-135.4169,59.2415],[-135.4001,59.2079],[-135.4337,59.2107],[-135.5023,59.2023],[-135.3861,59.0875],[-135.3341,58.9096],[-135.257,58.7777],[-135.2071,58.6709],[-135.1846,58.5897],[-135.1519,58.5122],[-135.062,58.3409],[-135.0497,58.3068],[-135.0605,58.2789],[-135.0902,58.2458],[-135.1416,58.2334],[-135.3025,58.2559],[-135.3631,58.2983],[-135.45,58.3761],[-135.5718,58.4121],[-135.8734,58.3942],[-135.8976,58.4002],[-135.8963,58.4638],[-135.8617,58.5771],[-135.8896,58.6227],[-136.0455,58.7891],[-136.0431,58.8216],[-135.8264,58.8979],[-135.9317,58.9038],[-136.0166,58.874],[-136.0494,58.8932],[-136.1006,58.9999],[-136.1337,59.0396],[-136.15,59.0481],[-136.1595,58.9468],[-136.1235,58.8935],[-136.1184,58.8626],[-136.1242,58.8196],[-136.1468,58.7888],[-136.1863,58.7702],[-136.2258,58.7655],[-136.299,58.7869],[-136.3803,58.8273],[-136.4512,58.8463],[-136.4776,58.8625],[-136.5112,58.9071],[-136.5662,58.9409],[-136.831,58.9838],[-136.989,59.0345],[-137.0021,59.0211],[-136.9528,58.9669],[-136.948,58.9349],[-136.9879,58.9251],[-137.059,58.8737],[-137.0384,58.8666],[-136.963,58.8835],[-136.8791,58.8815],[-136.7401,58.8502],[-136.6139,58.8093],[-136.5682,58.7863],[-136.5493,58.7524],[-136.5335,58.7402],[-136.4101,58.7006],[-136.4042,58.6798],[-136.4837,58.6177],[-136.3199,58.6245],[-136.2246,58.6022],[-136.1029,58.5063],[-136.0615,58.4527],[-136.056,58.3842],[-136.0813,58.3642],[-136.1296,58.3504],[-136.4624,58.328],[-136.5826,58.2452],[-136.6074,58.244],[-136.6989,58.2665],[-136.865,58.3324],[-137.0719,58.3952],[-137.544,58.5812],[-137.5569,58.5899],[-137.5646,58.6259],[-137.5971,58.6442],[-137.6611,58.6599],[-137.75,58.7071],[-137.8637,58.7855],[-137.934,58.8469],[-137.9609,58.891],[-138.0269,58.9415],[-138.2407,59.0468],[-138.3525,59.0873],[-138.4513,59.1101],[-138.5372,59.1151],[-138.5603,59.1292],[-138.5207,59.1522],[-138.5149,59.1659],[-138.7042,59.1875],[-138.8843,59.2369],[-139.341,59.3756],[-139.5768,59.4625],[-139.7145,59.504],[-139.7733,59.5273],[-139.7991,59.5462],[-139.7661,59.5661],[-139.6741,59.5868],[-139.6116,59.6103],[-139.513,59.6981],[-139.5056,59.7263],[-139.5585,59.7902],[-139.5822,59.8483],[-139.5812,59.8805],[-139.5691,59.9124],[-139.5541,59.9333],[-139.5123,59.9536],[-139.483,59.9638],[-139.4469,59.9568],[-139.331,59.877],[-139.3146,59.8479],[-139.32,59.7387],[-139.2867,59.6109],[-139.2763,59.6204],[-139.2656,59.6626],[-139.2587,59.7433],[-139.2457,59.7821],[-139.2208,59.8199],[-139.1789,59.8398],[-139.0483,59.8282],[-138.9881,59.835],[-139.2425,59.8928],[-139.4025,60.001],[-139.4314,60.0123],[-139.5189,60.0171],[-139.6117,59.9734],[-139.8502,59.8307],[-139.9169,59.8057],[-140.2167,59.7267],[-140.4198,59.7107],[-140.6484,59.7232],[-140.8432,59.7489],[-141.3319,59.8738],[-141.4083,59.9028],[-141.2946,59.98],[-141.2899,60.0042],[-141.3295,60.0828],[-141.3622,60.1053],[-141.4087,60.1177],[-141.4217,60.1088],[-141.4222,60.0855],[-141.4097,60.0423],[-141.4471,60.0194],[-141.5302,59.9948],[-141.6702,59.9699],[-142.1041,60.0334],[-142.5486,60.086],[-142.9457,60.097],[-143.5061,60.055],[-143.8051,60.0129],[-143.9795,60.0088],[-144.1472,60.0164],[-144.1609,60.0458],[-144.0843,60.063],[-144.0885,60.0843],[-144.1855,60.1507],[-144.3326,60.191],[-144.53,60.2052],[-144.643,60.2247],[-144.6716,60.2492],[-144.7414,60.2727],[-144.8524,60.2951],[-144.9013,60.3352],[-144.8625,60.4592],[-144.8244,60.5336],[-144.7866,60.5846],[-144.6911,60.6691],[-144.7244,60.6628],[-144.8631,60.6009],[-144.984,60.5369],[-145.096,60.4537],[-145.1627,60.4154],[-145.2483,60.3801],[-145.3818,60.3886],[-145.5631,60.4407],[-145.7185,60.4676],[-145.8478,60.4692],[-145.8989,60.4782],[-145.8106,60.5247],[-145.7598,60.562],[-145.6902,60.622],[-145.6749,60.6511],[-146.149,60.6607],[-146.1664,60.6923],[-146.1671,60.7155],[-146.1823,60.7348],[-146.251,60.7491],[-146.3472,60.7381],[-146.503,60.7008],[-146.5705,60.7291],[-146.5464,60.7451],[-146.4955,60.7568],[-146.392,60.8108],[-146.5319,60.8389],[-146.6036,60.8709],[-146.6384,60.8973],[-146.636,60.9925],[-146.5991,61.0535],[-146.2849,61.1126],[-146.3844,61.1358],[-146.5827,61.1278],[-146.7159,61.0775],[-146.874,61.0049],[-146.9802,60.9778],[-147.0343,60.9962],[-147.106,61.0025],[-147.195,60.9968],[-147.2549,60.9783],[-147.2856,60.9468],[-147.3211,60.9255],[-147.3614,60.9145],[-147.3906,60.918],[-147.4334,60.9503],[-147.5233,60.9703],[-147.5673,60.9949],[-147.5926,60.9794],[-147.6233,60.933],[-147.6557,60.9095],[-147.8076,60.8854],[-147.8911,60.8899],[-147.9908,60.9483],[-148.0051,60.9686],[-147.9712,61.019],[-147.7519,61.2189],[-147.7738,61.2178],[-147.8448,61.1864],[-147.9864,61.1065],[-148.0494,61.0827],[-148.1579,61.0797],[-148.2087,61.0883],[-148.27,61.0818],[-148.3419,61.0604],[-148.3888,61.037],[-148.4107,61.0115],[-148.3958,61.0071],[-148.2874,61.0362],[-148.2259,61.044],[-148.2087,61.0299],[-148.2932,60.9397],[-148.3444,60.8536],[-148.3933,60.8319],[-148.471,60.8355],[-148.5562,60.827],[-148.5574,60.8029],[-148.3987,60.734],[-148.3413,60.7243],[-148.2679,60.6997],[-148.2567,60.6753],[-148.2842,60.6093],[-148.305,60.5834],[-148.3384,60.5698],[-148.4678,60.5721],[-148.5096,60.5652],[-148.5966,60.5238],[-148.6401,60.4895],[-148.6243,60.4864],[-148.5491,60.5148],[-148.4398,60.53],[-148.2964,60.5321],[-148.1895,60.5471],[-148.1192,60.5751],[-148.0507,60.5672],[-147.984,60.5233],[-147.9641,60.4849],[-147.991,60.4519],[-148.046,60.4283],[-148.1292,60.4142],[-148.1817,60.3931],[-148.2036,60.3649],[-148.2159,60.3231],[-148.2187,60.2677],[-148.1976,60.1678],[-148.2138,60.1542],[-148.245,60.1468],[-148.2914,60.1455],[-148.3331,60.122],[-148.4307,59.9891],[-148.4651,59.9747],[-148.5061,59.989],[-148.5424,59.9874],[-148.5741,59.9701],[-148.6436,59.9568],[-148.7509,59.9478],[-148.8427,59.9512],[-149.0042,59.98],[-149.0701,60.0002],[-149.1216,60.0335],[-149.2666,59.9983],[-149.3049,60.0137],[-149.3953,60.1058],[-149.4148,60.1002],[-149.4322,60.001],[-149.4597,59.9663],[-149.5492,59.8943],[-149.598,59.7705],[-149.6129,59.7668],[-149.6296,59.7847],[-149.6847,59.8953],[-149.7139,59.9196],[-149.7948,59.8558],[-149.8037,59.8327],[-149.7825,59.7503],[-149.8013,59.7379],[-149.965,59.7823],[-150.0053,59.7844],[-150.016,59.777],[-149.9602,59.713],[-149.9665,59.69],[-150.198,59.5666],[-150.2585,59.5709],[-150.2965,59.5833],[-150.3381,59.5813],[-150.4854,59.5353],[-150.526,59.5373],[-150.5815,59.5646],[-150.6074,59.5634],[-150.6211,59.5351],[-150.6229,59.4796],[-150.6774,59.427],[-150.8528,59.3418],[-150.8993,59.3027],[-150.9345,59.2491],[-150.9607,59.244],[-151.0636,59.2784],[-151.1828,59.3008],[-151.1992,59.2896],[-151.163,59.2569],[-151.1707,59.2369],[-151.2223,59.2294],[-151.2875,59.2323],[-151.3664,59.2456],[-151.477,59.2306],[-151.6194,59.1873],[-151.7382,59.1885],[-151.9039,59.2598],[-151.9495,59.2651],[-151.9641,59.2851],[-151.9317,59.3427],[-151.8846,59.3863],[-151.85,59.4063],[-151.6926,59.4622],[-151.5127,59.4827],[-151.3996,59.5163],[-151.2621,59.5856],[-151.1894,59.6377],[-151.0465,59.7718],[-151.0573,59.7822],[-151.0895,59.7894],[-151.4037,59.6623],[-151.4501,59.6504],[-151.5126,59.6513],[-151.7638,59.7],[-151.8169,59.7209],[-151.8532,59.7821],[-151.7834,59.9211],[-151.7345,59.9883],[-151.6119,60.092],[-151.4515,60.2026],[-151.396,60.2745],[-151.3127,60.4665],[-151.3175,60.5536],[-151.355,60.6599],[-151.3564,60.7229],[-151.3218,60.7429],[-150.9538,60.8412],[-150.7795,60.9148],[-150.4413,61.0236],[-150.3491,61.0227],[-150.2815,60.9852],[-150.2028,60.9552],[-150.113,60.9328],[-149.9976,60.9352],[-149.8562,60.9623],[-149.6325,60.952],[-149.1729,60.8804],[-149.0751,60.8764],[-149.0713,60.8855],[-149.1422,60.9357],[-149.4591,60.9647],[-149.5925,60.9938],[-149.9677,61.1217],[-150.0533,61.1711],[-150.0186,61.1942],[-149.9268,61.2133],[-149.8953,61.2317],[-149.882,61.2637],[-149.8292,61.3075],[-149.7369,61.3633],[-149.596,61.4173],[-149.3291,61.4974],[-149.4335,61.5008],[-149.6254,61.486],[-149.6953,61.4707],[-149.8237,61.4134],[-149.8737,61.373],[-149.9452,61.2942],[-149.9757,61.2793],[-150.1089,61.2679],[-150.4718,61.26],[-150.5332,61.3002],[-150.5672,61.3068],[-150.6123,61.3011],[-150.9455,61.1982],[-151.065,61.1457],[-151.1501,61.0858],[-151.2819,61.0419],[-151.4601,61.0141],[-151.5935,60.9796],[-151.734,60.9107],[-151.7816,60.858],[-151.7844,60.8332],[-151.7505,60.7549],[-151.7851,60.7402],[-151.8662,60.7341],[-151.9962,60.6822],[-152.2707,60.5281],[-152.3066,60.4722],[-152.3051,60.453],[-152.2603,60.4094],[-152.2915,60.3811],[-152.3688,60.3363],[-152.5409,60.2654],[-152.654,60.2384],[-152.7273,60.2371],[-152.7979,60.2472],[-152.9234,60.2929],[-153.025,60.2957],[-153.0312,60.2893],[-152.8929,60.2404],[-152.7524,60.1775],[-152.6647,60.1253],[-152.6301,60.0838],[-152.6286,60.0411],[-152.6601,59.9972],[-152.7595,59.9209],[-152.8569,59.8981],[-153.1061,59.875],[-153.1864,59.8569],[-153.2112,59.8427],[-153.0401,59.8105],[-153.0246,59.794],[-153.0481,59.73],[-153.0936,59.7091],[-153.2362,59.6709],[-153.364,59.6599],[-153.3835,59.6672],[-153.3596,59.7175],[-153.3665,59.7298],[-153.4144,59.7401],[-153.4826,59.7209],[-153.6525,59.647],[-153.6707,59.6348],[-153.6094,59.615],[-153.6223,59.5985],[-153.7144,59.5453],[-153.7526,59.5099],[-153.8142,59.4737],[-154.0883,59.3633],[-154.0675,59.3364],[-154.1388,59.2401],[-154.1783,59.1556],[-154.1298,59.1199],[-153.8996,59.078],[-153.7879,59.0679],[-153.6564,59.0387],[-153.4183,58.96],[-153.339,58.9085],[-153.3271,58.8843],[-153.3344,58.8579],[-153.3629,58.8222],[-153.4376,58.7548],[-153.6173,58.6547],[-153.6986,58.6264],[-153.8215,58.6041],[-153.862,58.5878],[-154.0199,58.493],[-154.0625,58.4417],[-154.0557,58.3972],[-154.0859,58.3658],[-154.289,58.3043],[-154.2818,58.2935],[-154.2081,58.2888],[-154.2351,58.2346],[-154.247,58.1594],[-154.2823,58.1468],[-154.4092,58.1473],[-154.5706,58.1181],[-154.5819,58.1098],[-154.5849,58.0557],[-155.0069,58.0161],[-155.0993,57.9133],[-155.1474,57.8818],[-155.3127,57.8071],[-155.414,57.7771],[-155.5296,57.7589],[-155.5902,57.7336],[-155.5959,57.7011],[-155.6287,57.673],[-155.729,57.6266],[-155.778,57.5682],[-155.8137,57.559],[-156.0002,57.545],[-156.0374,57.5265],[-156.0554,57.4476],[-156.0899,57.4451],[-156.156,57.4634],[-156.2422,57.4492],[-156.4359,57.36],[-156.4784,57.3279],[-156.4737,57.3107],[-156.4436,57.2937],[-156.3977,57.2406],[-156.4005,57.2048],[-156.4751,57.1052],[-156.5013,57.0898],[-156.592,57.0651],[-156.629,57.01],[-156.7126,57.0161],[-156.7799,57.0056],[-156.8239,56.9688],[-156.8717,56.9477],[-156.9234,56.9421],[-156.9884,56.9129],[-157.0667,56.8602],[-157.1392,56.8266],[-157.2058,56.8121],[-157.2706,56.8085],[-157.3336,56.8159],[-157.3902,56.8098],[-157.4406,56.7903],[-157.4896,56.7598],[-157.5287,56.6732],[-157.5784,56.6345],[-157.6098,56.6277],[-157.6739,56.6334],[-157.7707,56.6517],[-157.8691,56.6452],[-158.0279,56.5921],[-158.0783,56.5521],[-157.9783,56.5432],[-157.9287,56.5317],[-157.93,56.5205],[-157.9822,56.5096],[-158.0709,56.5104],[-158.1244,56.501],[-158.1894,56.4782],[-158.3525,56.4535],[-158.4144,56.4358],[-158.5374,56.3354],[-158.5521,56.3127],[-158.5364,56.3077],[-158.4673,56.3183],[-158.3861,56.3016],[-158.344,56.2803],[-158.317,56.2542],[-158.2914,56.2037],[-158.2756,56.1962],[-158.4318,56.1115],[-158.4761,56.0755],[-158.5047,56.0621],[-158.5233,56.0725],[-158.5427,56.1668],[-158.5544,56.1829],[-158.5912,56.1845],[-158.6268,56.1547],[-158.7049,56.0431],[-158.7898,55.9869],[-159.4294,55.8427],[-159.5232,55.81],[-159.5413,55.7485],[-159.5676,55.6952],[-159.6101,55.6528],[-159.6597,55.6259],[-159.6703,55.645],[-159.6653,55.7949],[-159.6785,55.8247],[-159.743,55.8438],[-159.7714,55.8411],[-159.8104,55.8327],[-159.8744,55.8003],[-159.9135,55.7922],[-159.9623,55.7949],[-160.0457,55.7629],[-160.2438,55.6605],[-160.3732,55.6351],[-160.4074,55.6138],[-160.4627,55.5578],[-160.4993,55.5373],[-160.5535,55.5355],[-160.6252,55.5524],[-160.6829,55.5404],[-160.7265,55.4997],[-160.7708,55.4835],[-160.8967,55.5136],[-160.9522,55.4931],[-161.0242,55.4404],[-161.0995,55.4057],[-161.178,55.3889],[-161.3819,55.3713],[-161.4639,55.3825],[-161.4805,55.3978],[-161.4767,55.4649],[-161.4438,55.5133],[-161.4133,55.5361],[-161.3727,55.5563],[-161.3133,55.5586],[-161.2021,55.5436],[-161.2147,55.5598],[-161.2551,55.579],[-161.3575,55.6122],[-161.4588,55.6292],[-161.5169,55.6184],[-161.5988,55.5928],[-161.6543,55.5634],[-161.6835,55.5299],[-161.7204,55.4207],[-161.7416,55.3912],[-161.9803,55.1986],[-162.074,55.1393],[-162.1666,55.1437],[-162.2115,55.1213],[-162.2747,55.0732],[-162.3329,55.0502],[-162.3864,55.0523],[-162.4279,55.0615],[-162.4575,55.0777],[-162.4524,55.0928],[-162.4125,55.1069],[-162.4268,55.1454],[-162.4953,55.2084],[-162.5419,55.2427],[-162.6304,55.2467],[-162.6441,55.218],[-162.6143,55.0715],[-162.6189,55.0384],[-162.6744,54.9966],[-162.8196,54.95],[-162.865,54.9545],[-162.9959,55.0465],[-163.1196,55.0647],[-163.1278,55.0348],[-163.1002,54.9736],[-163.1311,54.9166],[-163.2206,54.8634],[-163.2886,54.8376],[-163.3353,54.8392],[-163.3379,54.8764],[-163.2963,54.9493],[-163.2857,55.01],[-163.306,55.0585],[-163.3037,55.0958],[-163.2788,55.1218],[-163.1145,55.1939],[-163.0454,55.2047],[-163.0083,55.1869],[-162.962,55.1838],[-162.9066,55.1956],[-162.8716,55.2186],[-162.8571,55.253],[-162.7862,55.2971],[-162.659,55.3508],[-162.5134,55.45],[-162.3494,55.5947],[-162.1571,55.7194],[-161.9366,55.8242],[-161.6973,55.9072],[-161.2156,56.0214],[-161.1786,56.0145],[-161.2226,55.9774],[-161.1925,55.9543],[-161.1452,55.9513],[-160.9687,55.9696],[-160.8986,55.9937],[-160.8778,55.9705],[-160.9024,55.9413],[-161.0084,55.9117],[-161.0054,55.8872],[-160.8513,55.7719],[-160.8028,55.7544],[-160.7626,55.7566],[-160.7455,55.7715],[-160.7584,55.8546],[-160.7063,55.8705],[-160.5997,55.8743],[-160.5302,55.8635],[-160.4979,55.8379],[-160.4369,55.8167],[-160.3473,55.7999],[-160.2917,55.8051],[-160.2701,55.8322],[-160.3085,55.8645],[-160.4799,55.9354],[-160.5274,55.965],[-160.5391,56.0063],[-160.5147,56.0591],[-160.4608,56.1375],[-160.3775,56.2415],[-160.3021,56.3141],[-160.1493,56.3963],[-160.0462,56.437],[-159.7851,56.5616],[-159.2831,56.6886],[-159.159,56.7701],[-158.9904,56.8601],[-158.918,56.8822],[-158.918,56.8474],[-158.8949,56.8164],[-158.7821,56.7958],[-158.7088,56.7886],[-158.6751,56.7949],[-158.6659,56.8279],[-158.6811,56.8877],[-158.6848,56.9442],[-158.6772,56.9974],[-158.6608,57.0394],[-158.5856,57.1141],[-158.4737,57.1991],[-158.3209,57.2979],[-158.2245,57.3427],[-158.1335,57.3664],[-158.0457,57.4095],[-157.8943,57.5114],[-157.8458,57.5281],[-157.7372,57.5481],[-157.6974,57.5393],[-157.674,57.5137],[-157.6456,57.4978],[-157.5353,57.4834],[-157.4619,57.5062],[-157.4739,57.5182],[-157.5335,57.5259],[-157.5716,57.5407],[-157.6076,57.6015],[-157.6807,57.6381],[-157.6972,57.6794],[-157.684,57.7439],[-157.6212,57.8952],[-157.6109,58.0508],[-157.555,58.1399],[-157.4427,58.1722],[-157.1937,58.1942],[-157.3394,58.2345],[-157.3936,58.2348],[-157.4884,58.2537],[-157.5244,58.3507],[-157.5236,58.4213],[-157.4609,58.503],[-157.2289,58.6409],[-156.9747,58.7363],[-157.009,58.7442],[-157.0405,58.7726],[-156.9232,58.9637],[-156.8089,59.1343],[-156.9634,58.9889],[-157.142,58.8776],[-157.6657,58.7485],[-158.0219,58.6402],[-158.1909,58.6143],[-158.3026,58.6418],[-158.3896,58.7457],[-158.4393,58.7826],[-158.5032,58.8503],[-158.4763,58.9384],[-158.4256,58.9993],[-158.3145,59.0093],[-158.1892,58.9799],[-158.0805,58.9774],[-158.2206,59.0375],[-158.4228,59.0898],[-158.5144,59.0729],[-158.5845,58.9878],[-158.6783,58.9294],[-158.7606,58.9501],[-158.8095,58.9739],[-158.7755,58.9025],[-158.8377,58.7939],[-158.8614,58.7188],[-158.7721,58.5203],[-158.7886,58.441],[-158.9507,58.4045],[-159.0827,58.4698],[-159.3582,58.7213],[-159.4542,58.7929],[-159.6703,58.9111],[-159.7415,58.8943],[-159.8322,58.836],[-159.9202,58.8199],[-160.1526,58.9059],[-160.2608,58.9715],[-160.3631,59.0512],[-160.5199,59.0073],[-160.6566,58.9551],[-160.8171,58.8717],[-160.9243,58.8724],[-161.2159,58.801],[-161.2468,58.7995],[-161.2879,58.7609],[-161.3281,58.7437],[-161.3613,58.6695],[-161.7555,58.612],[-162.1449,58.6442],[-162.0087,58.685],[-161.8565,58.7171],[-161.7244,58.7943],[-161.7805,58.8974],[-161.7903,58.95],[-161.7887,59.0164],[-161.6444,59.1097],[-161.7945,59.1095],[-161.8908,59.0761],[-161.9811,59.1461],[-162.0233,59.284],[-161.9201,59.3655],[-161.8722,59.4283],[-161.8317,59.5145],[-161.8287,59.5886],[-161.9086,59.7141],[-162.1381,59.98],[-162.2425,60.1783],[-162.4213,60.284],[-162.2878,60.4569],[-162.1389,60.6144],[-161.9466,60.6848],[-161.962,60.6954],[-162.0683,60.6949],[-162.138,60.6855],[-162.1999,60.6343],[-162.265,60.5952],[-162.4687,60.3947],[-162.5997,60.297],[-162.685,60.2689],[-162.5477,60.2311],[-162.527,60.1991],[-162.5005,60.1266],[-162.5356,60.0384],[-162.5708,59.9897],[-162.7326,59.9937],[-162.8778,59.9228],[-163.2194,59.8456],[-163.6804,59.8015],[-163.9069,59.8068],[-164.1428,59.8968],[-164.1411,59.9489],[-164.1315,59.9942],[-164.4705,60.1493],[-164.6623,60.3038],[-164.8,60.3072],[-164.9197,60.3484],[-165.0611,60.4125],[-165.0487,60.4643],[-165.0265,60.5006],[-165.1133,60.5261],[-165.2245,60.5236],[-165.3538,60.5412],[-165.016,60.74],[-164.8998,60.8731],[-164.8052,60.892],[-164.6824,60.8715],[-164.5129,60.819],[-164.3701,60.7959],[-164.3185,60.7713],[-164.2657,60.7247],[-164.3214,60.6466],[-164.3724,60.5918],[-164.3097,60.6067],[-164.1318,60.6915],[-163.9996,60.7661],[-163.9361,60.7583],[-163.8949,60.7452],[-163.8214,60.6683],[-163.73,60.59],[-163.5287,60.6646],[-163.4209,60.7574],[-163.5119,60.7981],[-163.623,60.8222],[-163.9065,60.8538],[-163.8373,60.8804],[-163.6554,60.8775],[-163.5869,60.903],[-163.6589,60.9382],[-163.749,60.9697],[-163.9946,60.8647],[-164.4416,60.87],[-164.754,60.9313],[-165.0656,60.9207],[-165.1148,60.9328],[-165.1755,60.9657],[-164.9999,61.0437],[-164.8756,61.0868],[-164.869,61.1118],[-164.9412,61.1149],[-165.0771,61.0942],[-165.1377,61.1301],[-165.1278,61.1924],[-165.15,61.1869],[-165.2038,61.1528],[-165.2798,61.1696],[-165.3449,61.1977],[-165.3108,61.2276],[-165.2439,61.2687],[-165.2736,61.2749],[-165.3337,61.2661],[-165.392,61.2123],[-165.3793,61.1688],[-165.3808,61.1063],[-165.4805,61.0949],[-165.5659,61.1023],[-165.6276,61.1652],[-165.6914,61.2999],[-165.864,61.3357],[-165.9063,61.4038],[-165.7971,61.4912],[-165.8453,61.5362],[-165.9613,61.5509],[-166.094,61.5067],[-166.1527,61.5459],[-166.1635,61.589],[-166.1681,61.6508],[-166.1312,61.6573],[-166.1005,61.6451],[-165.8346,61.6794],[-165.8089,61.6961],[-166.0199,61.7483],[-166.0788,61.8031],[-165.9914,61.8342],[-165.8338,61.8368],[-165.6128,61.8693],[-165.7058,61.9274],[-165.7252,61.9594],[-165.7439,62.0117],[-165.7073,62.1004],[-165.4477,62.3039],[-165.1945,62.4735],[-165.1156,62.5127],[-164.9997,62.5338],[-164.8918,62.5176],[-164.7792,62.4812],[-164.7579,62.4967],[-164.7961,62.5116],[-164.8444,62.5811],[-164.688,62.6083],[-164.5963,62.6867],[-164.5895,62.7094],[-164.689,62.6768],[-164.7927,62.6232],[-164.8187,62.6771],[-164.8454,62.801],[-164.7997,62.9181],[-164.7641,62.9706],[-164.6774,63.0205],[-164.4281,63.0404],[-164.3842,63.0305],[-164.3751,63.054],[-164.5252,63.1276],[-164.4633,63.1852],[-164.409,63.215],[-164.1076,63.2617],[-163.9429,63.2472],[-163.7362,63.1928],[-163.6163,63.1251],[-163.6337,63.0904],[-163.6636,63.0703],[-163.7257,63.0478],[-163.749,63.0303],[-163.7378,63.0164],[-163.6494,63.0568],[-163.5043,63.1059],[-163.4232,63.0845],[-163.3588,63.0458],[-163.2878,63.0464],[-163.0623,63.0797],[-162.9477,63.115],[-162.8078,63.2066],[-162.6215,63.2658],[-162.3598,63.4526],[-162.2828,63.5292],[-162.1933,63.541],[-162.1125,63.5342],[-162.0563,63.4713],[-161.974,63.4529],[-161.5054,63.4682],[-161.266,63.497],[-161.0997,63.5579],[-160.9267,63.6605],[-160.8265,63.7293],[-160.7786,63.8189],[-160.8405,63.9349],[-160.904,64.0312],[-160.9875,64.2513],[-161.2201,64.3966],[-161.3857,64.4399],[-161.4907,64.4338],[-161.4146,64.5264],[-161.1931,64.5164],[-161.0488,64.5345],[-160.9319,64.5791],[-160.8937,64.6129],[-160.836,64.6819],[-160.8559,64.7556],[-160.887,64.7956],[-160.9675,64.8396],[-161.0632,64.904],[-161.1302,64.9254],[-161.1869,64.924],[-161.4664,64.7949],[-161.634,64.7925],[-161.7594,64.8163],[-161.8683,64.7427],[-162.1723,64.6781],[-162.3346,64.6128],[-162.6357,64.4508],[-162.7111,64.3775],[-162.807,64.3742],[-162.8764,64.5164],[-163.2039,64.652],[-163.3028,64.6059],[-163.2483,64.5633],[-163.1741,64.533],[-163.0518,64.5197],[-163.1045,64.4786],[-163.1443,64.4238],[-163.267,64.4752],[-163.4862,64.5498],[-163.7131,64.5882],[-164.304,64.5839],[-164.6918,64.5074],[-164.7275,64.5233],[-164.7649,64.5296],[-164.8295,64.5114],[-164.8573,64.4803],[-164.8995,64.4606],[-164.9788,64.4537],[-165.1381,64.4652],[-165.4462,64.5128],[-166.1428,64.5828],[-166.3251,64.6257],[-166.4814,64.7281],[-166.4781,64.7976],[-166.4087,64.827],[-166.4152,64.9265],[-166.5509,64.953],[-166.827,65.0961],[-166.9284,65.1571],[-166.9064,65.1638],[-166.8568,65.1473],[-166.7625,65.1349],[-166.531,65.1547],[-166.4517,65.2473],[-166.2797,65.2738],[-166.1215,65.2607],[-166.157,65.2858],[-166.1974,65.3056],[-166.6094,65.3527],[-166.6654,65.3383],[-167.404,65.4221],[-167.9873,65.5678],[-168.035,65.5956],[-168.0884,65.6578],[-168.0097,65.7191],[-167.9306,65.7481],[-167.927,65.7144],[-167.9144,65.6812],[-167.58,65.7583],[-167.4053,65.8593],[-167.0742,65.8771],[-166.9972,65.9049],[-166.8944,65.9592],[-166.7477,66.0519],[-166.5401,66.1006],[-166.3987,66.1444],[-166.2146,66.1703],[-166.0574,66.1272],[-166.0089,66.1213],[-165.7237,66.1125],[-165.6299,66.1312],[-165.59,66.1451],[-165.5602,66.1671],[-165.8402,66.2451],[-165.8119,66.2885],[-165.7762,66.319],[-165.4494,66.4099],[-165.1983,66.4399],[-165.064,66.4378],[-164.6741,66.555],[-164.4605,66.5884],[-164.0583,66.6107],[-163.7277,66.6165],[-163.6382,66.5747],[-163.8157,66.5835],[-163.8939,66.5759],[-163.8382,66.5616],[-163.7755,66.5311],[-163.7937,66.4926],[-163.9029,66.3784],[-163.8939,66.2869],[-163.965,66.2573],[-164.0337,66.2155],[-163.6954,66.0838],[-163.1714,66.0754],[-162.8865,66.0992],[-162.7218,66.0598],[-162.5869,66.0508],[-162.2143,66.071],[-161.9337,66.0429],[-161.8163,66.0537],[-161.5568,66.2505],[-161.4554,66.2814],[-161.3451,66.2472],[-161.2011,66.2194],[-161.1092,66.2395],[-161.0343,66.1888],[-161.0695,66.2946],[-161.1203,66.3343],[-161.5444,66.407],[-161.8282,66.3709],[-161.9169,66.4118],[-161.8876,66.4931],[-162.1912,66.6931],[-162.3177,66.7337],[-162.4674,66.7356],[-162.5437,66.8051],[-162.6074,66.8944],[-162.4783,66.9308],[-162.3616,66.9473],[-162.2536,66.9187],[-162.1314,66.8014],[-162.0176,66.7841],[-162.0507,66.6673],[-161.9096,66.5596],[-161.591,66.4595],[-161.3359,66.4963],[-161.1558,66.4953],[-161.0481,66.4742],[-160.7845,66.3844],[-160.6505,66.3731],[-160.2317,66.4203],[-160.2273,66.5085],[-160.2625,66.5725],[-160.3609,66.6125],[-160.6438,66.605],[-160.864,66.6709],[-161.0515,66.6528],[-161.398,66.5519],[-161.5717,66.5916],[-161.6809,66.6455],[-161.8567,66.7003],[-161.8788,66.804],[-161.7313,66.9228],[-161.6222,66.9793],[-161.7199,67.0206],[-161.9654,67.0496],[-162.3916,67.0199],[-162.4116,67.0603],[-162.4094,67.104],[-162.5831,67.0185],[-162.7614,67.0364],[-163.0017,67.0273],[-163.5318,67.1026],[-163.7206,67.1956],[-163.7998,67.271],[-163.9427,67.4776],[-164.1252,67.6067],[-165.386,68.0456],[-165.9596,68.1559],[-166.2359,68.2779],[-166.4091,68.308],[-166.5745,68.3203],[-166.7863,68.3596],[-166.6439,68.408],[-166.5459,68.4244],[-166.6479,68.3738],[-166.5704,68.3611],[-166.447,68.3902],[-166.3805,68.4251],[-166.283,68.5732],[-166.182,68.7972],[-166.2091,68.8854],[-165.5095,68.8676],[-165.0439,68.8825],[-164.8897,68.9024],[-164.3023,68.9365],[-164.1502,68.9612],[-163.8679,69.0367],[-163.5357,69.1701],[-163.2505,69.3454],[-163.2052,69.3925],[-163.1871,69.3805],[-163.1615,69.3879],[-163.131,69.4543],[-163.0936,69.6107],[-162.9521,69.7581],[-162.3504,70.0941],[-162.0711,70.2272],[-161.978,70.2876],[-161.881,70.3317],[-161.8126,70.2898],[-161.7799,70.2773],[-161.7611,70.2577],[-161.8184,70.2484],[-161.912,70.2055],[-162.0424,70.1767],[-162.0739,70.162],[-161.9974,70.1652],[-161.7682,70.1965],[-161.639,70.2345],[-160.9963,70.3046],[-160.6477,70.4206],[-160.6341,70.4464],[-160.1171,70.5912],[-160.0456,70.5856],[-159.9631,70.5682],[-160.1064,70.4726],[-160.0056,70.4476],[-160.0951,70.3333],[-159.9076,70.3314],[-159.8657,70.2789],[-159.8552,70.3242],[-159.8575,70.3893],[-159.8426,70.453],[-159.815,70.4971],[-159.6833,70.4771],[-159.3868,70.5245],[-159.7462,70.5305],[-159.9618,70.6341],[-160.0816,70.6349],[-159.6809,70.7868],[-159.3145,70.8785],[-159.2317,70.8768],[-159.1917,70.8597],[-159.1832,70.8319],[-159.2622,70.8139],[-159.3398,70.7812],[-159.3041,70.7525],[-159.2512,70.7484],[-159.075,70.7721],[-158.9963,70.8016],[-158.6209,70.799],[-158.5108,70.8201],[-158.4844,70.8411],[-157.9985,70.8453],[-157.9094,70.8601],[-157.6056,70.9413],[-157.3248,71.0396],[-157.1953,71.0933],[-156.9733,71.23],[-156.7833,71.3189],[-156.4702,71.4077],[-156.3953,71.3967],[-156.4967,71.3791],[-156.5672,71.3416],[-156.47,71.2916],[-155.8111,71.1884],[-155.6456,71.1828],[-155.5794,71.1211],[-155.6346,71.0616],[-155.8043,70.9954],[-156.1466,70.9278],[-156.0419,70.9022],[-155.9735,70.842],[-155.8722,70.8347],[-155.7081,70.8573],[-155.5794,70.8943],[-155.3134,71.015],[-155.2297,71.0822],[-155.1668,71.0992],[-154.9438,71.0831],[-154.8175,71.0485],[-154.6737,70.9871],[-154.7263,70.9278],[-154.7852,70.8943],[-154.5986,70.848],[-154.3922,70.8383],[-154.1952,70.8011],[-153.9182,70.8773],[-153.7014,70.8936],[-153.4977,70.8911],[-153.2329,70.9326],[-152.7849,70.876],[-152.6709,70.8907],[-152.4912,70.881],[-152.3004,70.8468],[-152.2329,70.8104],[-152.4373,70.7333],[-152.4706,70.6536],[-152.3992,70.6205],[-152.2697,70.6147],[-152.2534,70.5683],[-152.1729,70.5566],[-151.769,70.5602],[-151.7999,70.538],[-151.8196,70.5113],[-151.9447,70.4521],[-151.2248,70.4188],[-151.128,70.4516],[-150.9791,70.4647],[-150.6626,70.5099],[-150.5435,70.4901],[-150.4032,70.4439],[-150.2736,70.4343],[-150.1525,70.4437],[-149.8701,70.5097],[-149.544,70.5129],[-149.4106,70.4914],[-149.2694,70.5008],[-148.8448,70.4252],[-148.6884,70.4163],[-148.4792,70.3179],[-148.3711,70.315],[-148.2488,70.3567],[-148.1427,70.3555],[-148.0391,70.3155],[-147.8695,70.3033],[-147.7906,70.2401],[-147.7054,70.2172],[-147.0629,70.1704],[-146.7449,70.1917],[-146.2812,70.1861],[-146.0577,70.1562],[-145.8231,70.1601],[-145.4401,70.0509],[-145.2368,70.0339],[-145.1974,70.0087],[-144.6192,69.9821],[-144.4169,70.039],[-144.0641,70.0541],[-143.7464,70.102],[-143.5664,70.1015],[-143.357,70.0896],[-143.2765,70.0953],[-143.2183,70.1163],[-142.7079,70.0338],[-142.4221,69.9395],[-142.297,69.8699],[-141.6992,69.7704],[-141.5264,69.7147],[-141.4079,69.6534],[-141.3386,69.6468],[-141.2896,69.6647],[-141.0808,69.6594],[-141.0021,69.6508],[-141.0021,69.3586],[-141.0021,69.0664],[-141.0021,68.7742],[-141.0021,68.482],[-141.0021,68.1897],[-141.0021,67.8976],[-141.0021,67.6054],[-141.0021,67.3131],[-141.0021,67.0209],[-141.0021,66.7288],[-141.0021,66.4365],[-141.0021,66.1443],[-141.0021,65.8521],[-141.0021,65.5599],[-141.0021,65.2677],[-141.0021,64.9755],[-141.0021,64.6833],[-141.0021,64.3911],[-141.0021,64.0989],[-141.0021,63.8067],[-141.0021,63.5145],[-141.0021,63.2223],[-141.0021,62.9301],[-141.0021,62.6379],[-141.0021,62.3457],[-141.0021,62.0535],[-141.0021,61.7613],[-141.0021,61.469],[-141.0021,61.1769],[-141.0021,60.8847],[-141.0021,60.5924],[-141.0021,60.3002],[-140.7627,60.2591],[-140.5254,60.2184],[-140.4528,60.2997],[-140.1969,60.2375],[-139.9733,60.1832],[-139.8307,60.2529],[-139.6763,60.3283],[-139.468,60.3337],[-139.2348,60.3397],[-139.0792,60.3437],[-139.0792,60.2794],[-139.137,60.1727],[-139.1852,60.0836],[-139.0435,59.9933],[-138.8688,59.9458],[-138.7055,59.9013],[-138.6323,59.7783],[-138.4536,59.6834],[-138.3176,59.6111],[-138.1875,59.5419],[-138.0011,59.4429],[-137.8706,59.3736],[-137.6966,59.2812],[-137.5933,59.2263],[-137.5437,59.1194],[-137.4842,58.9912],[-137.5209,58.9154],[-137.4386,58.9031],[-137.2775,58.9882],[-137.1262,59.041],[-136.9393,59.1061],[-136.8133,59.15],[-136.5788,59.1522],[-136.4667,59.2799],[-136.4664,59.4591],[-136.3479,59.4561],[-136.278,59.4803],[-136.2471,59.5329],[-136.3218,59.6048],[-136.0972,59.6384],[-135.9347,59.6626],[-135.7026,59.7288],[-135.4759,59.7933],[-135.3679,59.7433],[-135.2608,59.695],[-135.051,59.5787],[-135.0367,59.5507],[-135.0508,59.496],[-135.0713,59.4415],[-134.9437,59.2883],[-134.9072,59.2712],[-134.8024,59.25],[-134.6772,59.1993],[-134.622,59.1553],[-134.4408,59.0854],[-134.4102,59.0562],[-134.3931,59.0092],[-134.3635,58.9688],[-134.3296,58.9397],[-134.297,58.8985],[-134.2185,58.8499],[-134.0692,58.7955],[-133.9657,58.7579],[-133.8208,58.705],[-133.6739,58.5972],[-133.5464,58.5035],[-133.4011,58.4109],[-133.4226,58.3371],[-133.2753,58.2229],[-133.1204,58.0777],[-133.0014,57.949],[-132.9168,57.877],[-132.8155,57.7727],[-132.6915,57.6451],[-132.5505,57.4999],[-132.4425,57.4067],[-132.3017,57.2763],[-132.2322,57.1985],[-132.2794,57.1454],[-132.338,57.0794],[-132.157,57.0482],[-132.0315,57.0266],[-132.0629,56.9534],[-132.1043,56.8568],[-131.9625,56.8187],[-131.8662,56.7928],[-131.886,56.7421],[-131.8331,56.6848],[-131.8243,56.59],[-131.6515,56.5961],[-131.5751,56.5988],[-131.4719,56.5567],[-131.3358,56.5012],[-131.1994,56.4492],[-131.0829,56.4048],[-130.9302,56.3786],[-130.7417,56.3408],[-130.6491,56.2637],[-130.4771,56.2306],[-130.4131,56.1225],[-130.2147,56.0828],[-130.0979,56.1093],[-130.056,56.0652],[-130.0229,56.0145],[-130.0141,55.9505],[-130.0251,55.8882]]],[[[-163.476,54.9807],[-163.379,54.8155],[-163.3369,54.7832],[-163.2745,54.7656],[-163.1871,54.7478],[-163.1351,54.7233],[-163.0893,54.6861],[-163.0833,54.669],[-163.3581,54.7357],[-163.5309,54.6383],[-163.583,54.6257],[-164.0733,54.621],[-164.1713,54.603],[-164.2346,54.5713],[-164.3467,54.4824],[-164.4035,54.4479],[-164.4635,54.4273],[-164.5908,54.4043],[-164.7438,54.4075],[-164.8234,54.4191],[-164.8662,54.4614],[-164.904,54.5448],[-164.9037,54.568],[-164.8876,54.6078],[-164.7515,54.6629],[-164.7062,54.692],[-164.5298,54.8809],[-164.4786,54.9068],[-164.4243,54.9132],[-164.2737,54.9],[-164.1451,54.9551],[-163.868,55.0391],[-163.8071,55.0491],[-163.6075,55.0508],[-163.553,55.0378],[-163.5109,55.0143],[-163.476,54.9807]]],[[[-133.3051,55.5438],[-133.2832,55.5156],[-133.2817,55.4979],[-133.4265,55.4314],[-133.4291,55.4177],[-133.4631,55.3767],[-133.4935,55.3617],[-133.5474,55.3172],[-133.6502,55.2693],[-133.635,55.4133],[-133.7371,55.4969],[-133.6342,55.5393],[-133.5667,55.5272],[-133.4548,55.5223],[-133.3456,55.5591],[-133.3051,55.5438]]],[[[-131.3397,55.0798],[-131.2375,54.9495],[-131.232,54.9038],[-131.3295,54.8877],[-131.4062,54.8943],[-131.4457,54.9093],[-131.4561,54.9306],[-131.4313,54.9965],[-131.4817,55.0353],[-131.54,55.0485],[-131.5922,55.0257],[-131.5951,55.0907],[-131.556,55.1374],[-131.5778,55.2008],[-131.5785,55.2488],[-131.5654,55.2641],[-131.5126,55.2627],[-131.4046,55.2133],[-131.3397,55.0798]]],[[[-132.1124,56.1094],[-132.133,55.9433],[-132.1726,55.9526],[-132.2103,55.953],[-132.2873,55.9294],[-132.3686,55.9397],[-132.4066,55.9582],[-132.4206,55.9795],[-132.4061,56.0289],[-132.4512,56.0563],[-132.603,56.0664],[-132.6599,56.0782],[-132.6914,56.1301],[-132.699,56.1982],[-132.6752,56.2236],[-132.5987,56.2416],[-132.539,56.3242],[-132.506,56.3353],[-132.3798,56.4988],[-132.3165,56.4875],[-132.2056,56.3879],[-132.0669,56.2442],[-132.1124,56.1094]]],[[[-130.9792,55.4892],[-131.0139,55.3793],[-131.0828,55.2668],[-131.1879,55.2063],[-131.2619,55.2198],[-131.3163,55.2685],[-131.3668,55.2658],[-131.4207,55.2759],[-131.4509,55.3163],[-131.4224,55.3684],[-131.4476,55.4088],[-131.4745,55.3735],[-131.5218,55.3411],[-131.6413,55.2989],[-131.7237,55.2184],[-131.7625,55.1658],[-131.811,55.2231],[-131.842,55.3587],[-131.8461,55.4163],[-131.7595,55.5031],[-131.6476,55.5855],[-131.625,55.8317],[-131.2692,55.9554],[-131.2362,55.949],[-131.1207,55.8566],[-130.9978,55.7276],[-130.966,55.6695],[-130.965,55.568],[-130.9792,55.4892]]],[[[-133.3662,57.0035],[-133.2997,56.9722],[-133.2635,57.005],[-133.196,57.0035],[-133.0708,56.9743],[-132.9962,56.9304],[-132.9541,56.8803],[-132.9506,56.8504],[-132.9633,56.7826],[-132.954,56.7131],[-132.9592,56.6771],[-132.9759,56.6473],[-133.0041,56.6237],[-133.0349,56.6208],[-133.1324,56.6833],[-133.244,56.7959],[-133.329,56.8301],[-133.3324,56.8185],[-133.3091,56.7862],[-133.2397,56.7257],[-133.2272,56.6893],[-133.1785,56.6448],[-133.1566,56.6111],[-133.1442,56.5669],[-133.1447,56.5282],[-133.1582,56.4952],[-133.1808,56.474],[-133.2126,56.4646],[-133.3828,56.4739],[-133.4842,56.4518],[-133.6028,56.4641],[-133.6313,56.484],[-133.6493,56.5168],[-133.6583,56.5963],[-133.6882,56.71],[-133.681,56.7975],[-133.7575,56.8767],[-133.823,56.9244],[-133.9173,56.9671],[-133.9794,57.0096],[-133.9624,57.0435],[-133.866,57.0687],[-133.7077,57.0628],[-133.3662,57.0035]]],[[[-132.8623,54.8944],[-132.8377,54.881],[-132.8129,54.8904],[-132.7723,54.9261],[-132.7006,54.919],[-132.6489,54.9071],[-132.6172,54.8924],[-132.634,54.8405],[-132.647,54.7562],[-132.6767,54.7262],[-132.7058,54.6842],[-132.8073,54.7091],[-132.8896,54.7626],[-133.0089,54.8548],[-133.0754,54.9213],[-133.0806,54.9494],[-133.1227,54.9698],[-133.2046,55.0845],[-133.2512,55.1751],[-133.3249,55.1855],[-133.418,55.2107],[-133.4538,55.2604],[-133.4291,55.3038],[-133.2966,55.3257],[-133.0974,55.2137],[-133.0671,55.1662],[-132.9958,55.1106],[-132.9822,55.033],[-132.946,55.0026],[-132.8623,54.8944]]],[[[-146.3939,60.4497],[-146.3717,60.4222],[-146.1795,60.4288],[-146.1243,60.4239],[-146.1022,60.4112],[-146.1283,60.3925],[-146.2024,60.368],[-146.4192,60.325],[-146.5953,60.2685],[-146.6183,60.2737],[-146.6504,60.3356],[-146.683,60.3607],[-146.7029,60.3956],[-146.7025,60.4085],[-146.6703,60.4326],[-146.6059,60.4678],[-146.5603,60.4806],[-146.3939,60.4497]]],[[[-147.7359,59.8132],[-147.8463,59.7988],[-147.8725,59.8284],[-147.8144,59.902],[-147.7681,59.9438],[-147.7336,59.9536],[-147.6067,60.0366],[-147.4658,60.097],[-147.3365,60.1854],[-147.2052,60.3113],[-147.1809,60.3583],[-147.12,60.3631],[-147.0199,60.3322],[-146.9579,60.2889],[-146.9867,60.2543],[-147.3185,60.0753],[-147.3463,60.052],[-147.3765,59.9912],[-147.4038,59.97],[-147.4476,59.9603],[-147.4794,59.9337],[-147.4993,59.8902],[-147.5402,59.8675],[-147.6021,59.8656],[-147.6449,59.8536],[-147.6687,59.8315],[-147.7359,59.8132]]],[[[-147.6583,60.4505],[-147.6587,60.4241],[-147.69,60.3989],[-147.66,60.3525],[-147.712,60.2728],[-147.7321,60.2221],[-147.7599,60.1902],[-147.7878,60.1779],[-147.8158,60.1852],[-147.8217,60.2027],[-147.8053,60.2307],[-147.8713,60.2298],[-147.8915,60.2994],[-147.8549,60.3214],[-147.8417,60.3513],[-147.8376,60.3713],[-147.7945,60.4599],[-147.7791,60.4661],[-147.7742,60.445],[-147.7602,60.4388],[-147.7373,60.4474],[-147.703,60.4868],[-147.6886,60.4914],[-147.6583,60.4505]]],[[[-147.9307,60.8262],[-148.0574,60.8179],[-148.1154,60.8306],[-148.1238,60.8443],[-148.0997,60.8948],[-148.1017,60.9161],[-148.0377,60.9241],[-147.9644,60.9001],[-147.9431,60.8754],[-147.9307,60.8262]]],[[[-153.0071,57.1249],[-153.1342,57.0926],[-153.1568,57.0939],[-153.2354,57.0286],[-153.2954,57.0004],[-153.3746,57.0519],[-153.3543,57.1319],[-153.2852,57.1851],[-152.9354,57.1673],[-152.9084,57.1524],[-152.9078,57.1397],[-152.9334,57.1292],[-153.0071,57.1249]]],[[[-152.4861,58.485],[-152.5155,58.4786],[-152.5886,58.5092],[-152.6366,58.5417],[-152.6049,58.5664],[-152.4632,58.6185],[-152.3955,58.6194],[-152.3679,58.6111],[-152.3568,58.595],[-152.3623,58.5709],[-152.3928,58.5409],[-152.4861,58.485]]],[[[-153.2406,57.8501],[-153.2686,57.8224],[-153.295,57.8295],[-153.3508,57.862],[-153.465,57.9094],[-153.5171,57.9419],[-153.5201,57.9558],[-153.4811,57.971],[-153.347,57.9328],[-153.29,57.8979],[-153.2406,57.8501]]],[[[-155.566,55.8212],[-155.6049,55.7896],[-155.6806,55.7918],[-155.7232,55.8022],[-155.7374,55.8298],[-155.6206,55.9131],[-155.5939,55.9243],[-155.5732,55.9211],[-155.5639,55.8867],[-155.566,55.8212]]],[[[-154.6828,56.4358],[-154.7512,56.4122],[-154.7739,56.4203],[-154.7771,56.4399],[-154.7609,56.4711],[-154.7293,56.5021],[-154.6237,56.5613],[-154.5175,56.6005],[-154.4634,56.5982],[-154.4449,56.5732],[-154.5112,56.5214],[-154.6828,56.4358]]],[[[-154.2086,56.5149],[-154.2578,56.5127],[-154.3321,56.539],[-154.3222,56.5706],[-154.2167,56.6087],[-154.1104,56.6029],[-154.1022,56.5816],[-154.1072,56.5578],[-154.116,56.5439],[-154.1498,56.5296],[-154.2086,56.5149]]],[[[-160.6849,55.3148],[-160.6697,55.3143],[-160.6388,55.3219],[-160.574,55.3783],[-160.5528,55.3808],[-160.5525,55.3634],[-160.5832,55.3076],[-160.5312,55.2332],[-160.4827,55.1974],[-160.4875,55.1849],[-160.6091,55.159],[-160.7018,55.1776],[-160.7506,55.1712],[-160.7951,55.1452],[-160.8255,55.174],[-160.8465,55.3113],[-160.8396,55.3354],[-160.7892,55.3831],[-160.7239,55.4046],[-160.6957,55.3983],[-160.6722,55.3794],[-160.6664,55.3594],[-160.6849,55.3148]]],[[[-162.2981,54.847],[-162.3219,54.8424],[-162.3908,54.873],[-162.4158,54.8959],[-162.4339,54.9315],[-162.2937,54.9829],[-162.2646,54.9835],[-162.2384,54.9547],[-162.2337,54.932],[-162.2726,54.8672],[-162.2981,54.847]]],[[[-162.5544,54.4014],[-162.6411,54.3795],[-162.7331,54.4023],[-162.8117,54.4444],[-162.8206,54.4945],[-162.6454,54.4621],[-162.608,54.4466],[-162.5544,54.4014]]],[[[-159.873,55.1288],[-159.9339,55.1068],[-159.9531,55.079],[-159.9994,55.0672],[-160.0384,55.0445],[-160.1696,54.9417],[-160.2271,54.9227],[-160.1636,55.0104],[-160.1536,55.0383],[-160.1524,55.0569],[-160.1721,55.123],[-160.1337,55.1202],[-160.1022,55.1339],[-160.0388,55.1925],[-159.9816,55.1978],[-159.9205,55.2675],[-159.8874,55.273],[-159.871,55.2636],[-159.8982,55.2213],[-159.8394,55.1824],[-159.8541,55.1447],[-159.873,55.1288]]],[[[-165.8416,54.0707],[-165.8794,54.053],[-165.9099,54.0492],[-165.9329,54.0592],[-166.0364,54.0472],[-166.0566,54.0543],[-166.1028,54.114],[-166.1058,54.1448],[-166.0877,54.1691],[-166.0413,54.1913],[-165.9664,54.211],[-165.8929,54.207],[-165.7645,54.1521],[-165.7042,54.1199],[-165.6929,54.0999],[-165.7379,54.0811],[-165.8416,54.0707]]],[[[-165.5611,54.1367],[-165.6048,54.1292],[-165.6154,54.1396],[-165.6205,54.1835],[-165.6541,54.2533],[-165.5903,54.2787],[-165.5506,54.2845],[-165.5338,54.2739],[-165.4877,54.2219],[-165.4417,54.208],[-165.4079,54.1968],[-165.4676,54.1809],[-165.5611,54.1367]]],[[[-160.919,58.5771],[-160.9924,58.561],[-161.0703,58.5691],[-161.1315,58.6682],[-161.0846,58.6713],[-160.9862,58.7364],[-160.7686,58.7892],[-160.7151,58.7952],[-160.919,58.5771]]],[[[-172.7422,60.4574],[-172.5261,60.3917],[-172.3875,60.3985],[-172.2775,60.3437],[-172.2321,60.2991],[-172.3972,60.3311],[-172.6357,60.3289],[-172.9584,60.4628],[-173.074,60.4932],[-173.0477,60.5683],[-172.9239,60.6068],[-172.8602,60.5057],[-172.7422,60.4574]]],[[[-170.1605,57.1839],[-170.264,57.1368],[-170.358,57.1542],[-170.3859,57.1886],[-170.3866,57.203],[-170.1162,57.2418],[-170.1605,57.1839]]],[[[-169.6919,52.8474],[-169.7081,52.8071],[-169.7228,52.7923],[-169.8773,52.8138],[-169.9806,52.806],[-169.9918,52.8298],[-169.9826,52.851],[-169.8207,52.8834],[-169.7549,52.8836],[-169.711,52.8667],[-169.6919,52.8474]]],[[[-170.7334,52.5815],[-170.7974,52.5498],[-170.8161,52.5615],[-170.8271,52.6007],[-170.7912,52.6313],[-170.6821,52.6976],[-170.6081,52.6851],[-170.5846,52.6676],[-170.5866,52.6424],[-170.614,52.6096],[-170.6493,52.5931],[-170.6923,52.593],[-170.7334,52.5815]]],[[[-172.4648,52.2723],[-172.5391,52.2575],[-172.6198,52.2729],[-172.5822,52.3256],[-172.5437,52.3538],[-172.4704,52.388],[-172.3831,52.3729],[-172.3136,52.3296],[-172.4648,52.2723]]],[[[-169.7552,56.6351],[-169.6239,56.6151],[-169.5505,56.6281],[-169.4857,56.6177],[-169.4743,56.594],[-169.5869,56.5424],[-169.6326,56.5457],[-169.7662,56.608],[-169.7552,56.6351]]],[[[-176.2867,51.792],[-176.3497,51.7333],[-176.3961,51.7599],[-176.4137,51.8406],[-176.3786,51.8611],[-176.2802,51.8028],[-176.2867,51.792]]],[[[-176.0215,52.0024],[-176.0451,51.973],[-176.1429,52.0043],[-176.1775,52.0298],[-176.1845,52.0561],[-176.1557,52.0994],[-176.0774,52.1],[-176.0312,52.0823],[-175.9881,52.0495],[-175.9753,52.029],[-176.0215,52.0024]]],[[[-177.1482,51.7167],[-177.177,51.7037],[-177.2299,51.6936],[-177.3824,51.7048],[-177.4747,51.7013],[-177.5776,51.6942],[-177.6549,51.6766],[-177.6702,51.7011],[-177.6676,51.7212],[-177.3347,51.7762],[-177.2573,51.8049],[-177.2098,51.8413],[-177.1664,51.9094],[-177.1315,51.9298],[-177.1101,51.9288],[-177.063,51.9019],[-177.0795,51.8666],[-177.1214,51.8358],[-177.1351,51.8069],[-177.1482,51.7167]]],[[[178.5755,51.9163],[178.5118,51.8991],[178.4777,51.9425],[178.475,51.9677],[178.5094,51.9947],[178.5706,51.9775],[178.6073,51.953],[178.5755,51.9163]]],[[[179.4516,51.3726],[179.2781,51.3722],[178.9259,51.5351],[178.7471,51.5867],[178.6479,51.6439],[178.6922,51.656],[178.908,51.6156],[179.0843,51.5277],[179.1817,51.4699],[179.2943,51.4209],[179.4155,51.4009],[179.4516,51.3726]]],[[[173.7228,52.3596],[173.6578,52.3566],[173.6162,52.3913],[173.4023,52.4048],[173.4245,52.4376],[173.5165,52.4514],[173.6576,52.5041],[173.7761,52.4951],[173.7447,52.4466],[173.7228,52.3596]]],[[[-134.9698,57.3514],[-134.8849,57.2417],[-134.8232,57.1565],[-134.7685,57.0542],[-134.6769,56.8423],[-134.6341,56.7621],[-134.6207,56.7183],[-134.6105,56.6034],[-134.6243,56.5787],[-134.6517,56.5561],[-134.6571,56.5232],[-134.6317,56.4356],[-134.63,56.3024],[-134.654,56.2275],[-134.6819,56.2162],[-134.7503,56.2408],[-134.8064,56.2812],[-134.848,56.3235],[-134.9501,56.4568],[-134.9806,56.5189],[-134.9824,56.5636],[-134.9666,56.5961],[-134.9332,56.6164],[-134.8751,56.6705],[-134.8834,56.6791],[-134.9276,56.667],[-135.0178,56.6602],[-135.0972,56.7028],[-135.159,56.7254],[-135.1466,56.8023],[-135.1631,56.8241],[-135.2848,56.8003],[-135.3306,56.8219],[-135.3406,56.8508],[-135.3384,56.894],[-135.3151,56.9318],[-135.1996,57.0273],[-135.2112,57.0449],[-135.2674,57.0489],[-135.3414,57.0816],[-135.3753,57.1884],[-135.4549,57.2494],[-135.502,57.2438],[-135.6089,57.0714],[-135.6619,57.0337],[-135.8123,57.0095],[-135.7816,57.0575],[-135.7677,57.1004],[-135.8211,57.2304],[-135.8228,57.2804],[-135.7871,57.3173],[-135.6809,57.3326],[-135.6245,57.3544],[-135.5806,57.39],[-135.5696,57.4247],[-135.4873,57.5165],[-135.4487,57.5344],[-135.3463,57.5331],[-135.1307,57.4316],[-135.0652,57.4167],[-134.9698,57.3514]]],[[[-134.6803,58.1617],[-134.4261,58.1388],[-134.2401,58.144],[-134.0702,57.9945],[-133.9655,57.8738],[-133.9041,57.7892],[-133.8693,57.7075],[-133.8228,57.6287],[-133.8269,57.6176],[-133.925,57.6708],[-133.9956,57.7785],[-134.0316,57.8206],[-134.0672,57.8396],[-134.1047,57.8793],[-134.1775,57.9822],[-134.1803,58.0111],[-134.2126,58.0379],[-134.25,58.0492],[-134.2923,58.0447],[-134.3069,58.0344],[-134.3004,57.9634],[-134.2671,57.8845],[-134.0837,57.7123],[-133.9611,57.6142],[-133.937,57.5816],[-133.9209,57.492],[-133.9737,57.4514],[-133.9088,57.3687],[-133.9111,57.3525],[-133.9253,57.3368],[-134.1,57.3001],[-134.2602,57.1468],[-134.4353,57.057],[-134.516,57.0426],[-134.5548,57.0576],[-134.5915,57.092],[-134.6131,57.1379],[-134.6195,57.1955],[-134.5759,57.2317],[-134.4892,57.4202],[-134.4868,57.482],[-134.5948,57.5678],[-134.6599,57.6381],[-134.6951,57.736],[-134.7541,57.995],[-134.7815,58.0778],[-134.8201,58.1469],[-134.87,58.2021],[-134.9077,58.2628],[-134.9331,58.329],[-134.9235,58.3546],[-134.837,58.3202],[-134.7332,58.225],[-134.6803,58.1617]]],[[[-135.7304,58.2442],[-135.5875,58.1468],[-135.5863,58.1244],[-135.6154,58.0575],[-135.6931,58.0385],[-135.6711,58.0119],[-135.6132,57.9918],[-135.572,58.0085],[-135.4212,58.1024],[-135.3747,58.1221],[-135.3466,58.1241],[-135.1628,58.0958],[-135.0021,58.0511],[-134.9547,58.0153],[-134.928,57.9528],[-134.9707,57.8172],[-135.1026,57.7937],[-135.1647,57.7961],[-135.2312,57.8158],[-135.3385,57.7687],[-135.2496,57.7326],[-134.9789,57.7244],[-134.8966,57.648],[-134.8731,57.5892],[-134.9315,57.4812],[-135.0849,57.511],[-135.2202,57.5736],[-135.4979,57.6623],[-135.5642,57.6664],[-135.6085,57.6507],[-135.6207,57.597],[-135.6178,57.4804],[-135.6919,57.4199],[-135.9108,57.4466],[-135.9967,57.5349],[-136.0766,57.6746],[-136.3782,57.84],[-136.4599,57.8731],[-136.5686,57.9722],[-136.5251,58.0506],[-136.5123,58.096],[-136.4544,58.108],[-136.3695,58.1431],[-136.322,58.2189],[-136.2457,58.1575],[-136.1438,58.0985],[-136.1423,58.1539],[-136.0944,58.1981],[-135.9944,58.1965],[-135.9474,58.2058],[-135.8817,58.2472],[-135.7871,58.2685],[-135.7304,58.2442]]],[[[-133.5661,56.3392],[-133.3766,56.3178],[-133.203,56.3198],[-133.1437,56.2786],[-133.1045,56.2351],[-133.0817,56.1942],[-133.0754,56.1559],[-133.0801,56.1287],[-133.1012,56.0998],[-133.0966,56.09],[-132.7576,55.995],[-132.5976,55.895],[-132.5338,55.8425],[-132.497,55.7981],[-132.4302,55.687],[-132.2889,55.5581],[-132.2147,55.5188],[-132.1727,55.4806],[-132.1963,55.4791],[-132.2959,55.5075],[-132.5113,55.5939],[-132.5289,55.5905],[-132.5483,55.5437],[-132.5817,55.5026],[-132.6313,55.4732],[-132.5916,55.4644],[-132.4179,55.4829],[-132.272,55.3986],[-132.2153,55.3835],[-132.1603,55.323],[-132.1584,55.2998],[-132.1904,55.255],[-132.2149,55.2368],[-132.2067,55.2244],[-132.166,55.218],[-132.0051,55.2306],[-131.9764,55.2086],[-132.0004,55.0338],[-131.9776,54.9695],[-131.9779,54.9402],[-131.9966,54.9014],[-131.9972,54.8686],[-131.9827,54.8349],[-131.9809,54.8048],[-132.0217,54.7263],[-132.0647,54.7131],[-132.1343,54.7125],[-132.1893,54.7349],[-132.2663,54.8023],[-132.3413,54.9072],[-132.3702,54.9222],[-132.4687,54.9379],[-132.4865,54.9504],[-132.5494,54.9526],[-132.5938,54.9958],[-132.5885,55.0523],[-132.627,55.1101],[-132.6222,55.1359],[-132.6653,55.1468],[-132.7018,55.1305],[-132.6829,55.0739],[-132.7041,55.0301],[-132.7823,55.0485],[-132.9126,55.1885],[-133.0606,55.3009],[-133.1186,55.3276],[-133.103,55.3603],[-133.03,55.3775],[-132.9708,55.3762],[-132.9589,55.3956],[-133.0825,55.5041],[-133.0784,55.5349],[-133.0334,55.5897],[-133.0896,55.6126],[-133.2438,55.5954],[-133.2982,55.6069],[-133.3428,55.6508],[-133.369,55.689],[-133.5027,55.6959],[-133.5533,55.6912],[-133.6405,55.7488],[-133.6802,55.7852],[-133.6644,55.8038],[-133.5841,55.8365],[-133.5372,55.8319],[-133.447,55.797],[-133.4117,55.7983],[-133.3221,55.8446],[-133.3085,55.8865],[-133.2415,55.9208],[-133.2521,55.9571],[-133.2892,56.0187],[-133.3712,56.0359],[-133.5386,55.9993],[-133.6842,55.9428],[-133.7425,55.9648],[-133.7552,55.9995],[-133.5992,56.0937],[-133.5309,56.1457],[-133.5441,56.1765],[-133.5944,56.2164],[-133.5986,56.3163],[-133.5661,56.3392]]],[[[-133.9896,56.845],[-133.9248,56.7757],[-133.8309,56.7813],[-133.7781,56.7289],[-133.7384,56.6504],[-133.7673,56.6001],[-133.809,56.6113],[-133.8553,56.5822],[-133.8836,56.4855],[-133.8705,56.3887],[-133.8846,56.2921],[-133.9385,56.1937],[-133.9497,56.1277],[-133.9708,56.1079],[-133.994,56.1011],[-134.024,56.119],[-134.0675,56.133],[-134.1224,56.0774],[-134.1896,56.077],[-134.2451,56.2033],[-134.1955,56.4135],[-134.0844,56.4563],[-134.1505,56.5135],[-134.2902,56.58],[-134.2784,56.6171],[-134.3844,56.724],[-134.3906,56.7495],[-134.3737,56.8387],[-134.2744,56.9182],[-134.1433,56.9323],[-134.0518,56.8983],[-134.0006,56.8692],[-133.9896,56.845]]],[[[-152.4169,58.3602],[-152.3808,58.3521],[-152.343,58.4116],[-152.3163,58.4135],[-152.1979,58.3631],[-152.1252,58.3743],[-152.0785,58.3124],[-152.0366,58.3067],[-151.9978,58.3142],[-151.9744,58.3099],[-151.9825,58.2443],[-152.0689,58.1779],[-152.1091,58.1611],[-152.1655,58.1783],[-152.1865,58.1847],[-152.2236,58.214],[-152.2517,58.2511],[-152.2684,58.2517],[-152.3344,58.2081],[-152.3327,58.1865],[-152.3052,58.1541],[-152.3092,58.1339],[-152.3812,58.1243],[-152.4516,58.1292],[-152.5376,58.101],[-152.5582,58.1186],[-152.5713,58.1682],[-152.5982,58.1626],[-152.6388,58.1018],[-152.6831,58.0633],[-152.7639,58.0314],[-152.7815,58.0159],[-152.8407,58.0138],[-152.9284,57.9937],[-152.9826,57.9971],[-153.3055,58.0631],[-153.3813,58.0872],[-153.1158,58.2385],[-152.9761,58.297],[-152.8954,58.2938],[-152.8146,58.2756],[-152.7719,58.2786],[-152.7687,58.3456],[-152.8439,58.3956],[-152.8411,58.4164],[-152.6747,58.4506],[-152.6123,58.4457],[-152.5436,58.4282],[-152.4785,58.3997],[-152.4169,58.3602]]],[[[-167.9644,53.3451],[-168.2707,53.238],[-168.3701,53.1598],[-168.446,53.0844],[-168.5056,53.0432],[-168.549,53.0361],[-168.5974,53.0161],[-168.6985,52.9634],[-168.741,52.9569],[-169.0659,52.8339],[-169.0889,52.832],[-169.0731,52.8642],[-168.9739,52.9097],[-168.9092,52.9512],[-168.8361,53.0197],[-168.7959,53.0449],[-168.783,53.0793],[-168.7778,53.1488],[-168.7596,53.175],[-168.6898,53.2272],[-168.639,53.2558],[-168.5722,53.2656],[-168.4366,53.2569],[-168.3804,53.2834],[-168.363,53.3036],[-168.3973,53.3219],[-168.4053,53.3538],[-168.3964,53.4088],[-168.3572,53.4576],[-168.2877,53.5001],[-168.1931,53.5333],[-168.0733,53.557],[-167.9857,53.5582],[-167.8281,53.508],[-167.8047,53.485],[-167.8431,53.4346],[-167.8651,53.3873],[-167.9644,53.3451]]],[[[-166.6153,53.9009],[-166.5722,53.8535],[-166.4975,53.8835],[-166.4428,53.9248],[-166.4,53.9781],[-166.3723,53.999],[-166.3356,53.9709],[-166.2309,53.9326],[-166.319,53.8738],[-166.4888,53.7855],[-166.5456,53.7265],[-166.5492,53.701],[-166.3847,53.7205],[-166.3388,53.7177],[-166.3095,53.6975],[-166.3545,53.6735],[-166.4442,53.6518],[-166.522,53.6097],[-166.7022,53.5367],[-166.7704,53.476],[-166.851,53.4529],[-166.9607,53.4474],[-167.1537,53.4079],[-167.2708,53.3706],[-167.3004,53.3505],[-167.3373,53.341],[-167.3813,53.342],[-167.4288,53.3257],[-167.4798,53.292],[-167.5225,53.2762],[-167.5922,53.2727],[-167.6286,53.2594],[-167.6694,53.26],[-167.7809,53.3002],[-167.8088,53.3238],[-167.7101,53.3709],[-167.6387,53.3866],[-167.5302,53.3937],[-167.4235,53.4373],[-167.2041,53.495],[-167.1361,53.5265],[-167.0923,53.6359],[-167.0424,53.6546],[-167.0157,53.6984],[-166.8941,53.6971],[-166.8383,53.648],[-166.8187,53.6414],[-166.809,53.6461],[-166.8037,53.6854],[-166.7413,53.7129],[-166.7772,53.7332],[-166.8896,53.7586],[-166.9729,53.7706],[-167.0272,53.7691],[-167.0715,53.7834],[-167.1056,53.8134],[-167.1211,53.8431],[-167.1182,53.8726],[-167.0905,53.9057],[-167.0381,53.9422],[-166.9781,53.9629],[-166.8487,53.9779],[-166.734,54.0022],[-166.6733,54.006],[-166.6274,53.9957],[-166.6153,53.9009]]],[[[-173.5533,52.1363],[-173.3572,52.0957],[-173.1133,52.1004],[-173.0243,52.0905],[-173.0229,52.0791],[-173.1789,52.0625],[-173.2322,52.068],[-173.3684,52.0456],[-173.461,52.0416],[-173.6726,52.0626],[-173.8358,52.0482],[-173.879,52.0537],[-173.9302,52.0722],[-173.9896,52.1036],[-173.9925,52.1233],[-173.9389,52.1313],[-173.7941,52.1043],[-173.779,52.1184],[-173.6568,52.1437],[-173.5533,52.1363]]],[[[-174.6774,52.035],[-175.2139,51.9939],[-175.2956,52.0222],[-175.2142,52.0382],[-175.1177,52.0471],[-174.9159,52.0942],[-174.6678,52.135],[-174.4743,52.184],[-174.3062,52.2162],[-174.2588,52.269],[-174.4065,52.296],[-174.4355,52.3172],[-174.3654,52.3419],[-174.3069,52.3779],[-174.1689,52.4202],[-174.0456,52.3672],[-174.0184,52.3318],[-174.0301,52.2898],[-174.0549,52.246],[-174.1632,52.2234],[-174.1794,52.2003],[-174.1207,52.1352],[-174.3436,52.0778],[-174.6774,52.035]]],[[[-176.5933,51.8667],[-176.5879,51.8332],[-176.4734,51.8374],[-176.4375,51.8201],[-176.4374,51.7543],[-176.4523,51.7357],[-176.4698,51.7312],[-176.511,51.7456],[-176.5575,51.7121],[-176.7709,51.6299],[-176.8371,51.6759],[-176.9616,51.6037],[-176.8744,51.7905],[-176.7736,51.8188],[-176.7364,51.8399],[-176.7451,51.8947],[-176.6983,51.986],[-176.5968,51.9818],[-176.5499,51.944],[-176.5516,51.9196],[-176.5933,51.8667]]],[[[-177.8791,51.6497],[-177.9013,51.6164],[-177.9253,51.6174],[-178.0589,51.6726],[-178.0785,51.6913],[-178,51.7175],[-177.9772,51.7378],[-177.9864,51.7643],[-178.0451,51.8011],[-178.1535,51.8482],[-178.1945,51.8822],[-178.1683,51.903],[-178.1166,51.9159],[-177.9538,51.9185],[-177.8659,51.8604],[-177.7996,51.84],[-177.6445,51.8263],[-177.725,51.8017],[-177.7707,51.7779],[-177.827,51.6859],[-177.8791,51.6497]]],[[[179.7277,51.9054],[179.6452,51.8802],[179.5496,51.894],[179.4977,51.9328],[179.5039,51.9796],[179.6271,52.0304],[179.78,51.9668],[179.7277,51.9054]]],[[[177.4154,51.8828],[177.3285,51.8411],[177.2606,51.8837],[177.2503,51.9029],[177.3807,51.9758],[177.4784,51.9916],[177.5205,52.0182],[177.5638,52.1105],[177.6365,52.1138],[177.6696,52.103],[177.653,52.0598],[177.596,51.9938],[177.5941,51.9476],[177.4154,51.8828]]],[[[172.8118,53.013],[172.984,52.9803],[173.1021,52.9956],[173.2517,52.9427],[173.436,52.8521],[173.3947,52.8348],[173.3482,52.8249],[173.3025,52.8259],[173.1587,52.8108],[173.0803,52.8145],[172.9352,52.7521],[172.7756,52.7969],[172.7218,52.8855],[172.5951,52.9074],[172.4948,52.9379],[172.6779,53.0076],[172.8118,53.013]]],[[[-155.5813,19.012],[-155.6256,18.9639],[-155.6808,18.9677],[-155.8813,19.0705],[-155.9056,19.1258],[-155.8907,19.3825],[-155.9658,19.5908],[-156.0487,19.75],[-155.9884,19.8316],[-155.9089,19.8947],[-155.8203,20.0142],[-155.8928,20.1674],[-155.8743,20.2598],[-155.8316,20.2758],[-155.6221,20.1634],[-155.1988,19.9944],[-155.0861,19.8756],[-155.0659,19.7482],[-154.989,19.732],[-154.9526,19.6446],[-154.8414,19.5682],[-154.8042,19.5245],[-154.8503,19.4541],[-155.0535,19.3192],[-155.3096,19.2602],[-155.5353,19.1091],[-155.5813,19.012]]],[[[-157.2136,21.2154],[-157.0023,21.1879],[-156.9523,21.1997],[-156.9172,21.1773],[-156.7422,21.1635],[-156.7122,21.1551],[-156.7479,21.1036],[-156.8599,21.0563],[-157.0209,21.0978],[-157.2903,21.1126],[-157.2795,21.1523],[-157.2538,21.1806],[-157.25,21.2298],[-157.2136,21.2154]]],[[[-156.4868,20.9326],[-156.4608,20.9147],[-156.3544,20.9415],[-156.2775,20.9513],[-156.1483,20.8855],[-156.1035,20.8403],[-156.0187,20.7921],[-155.9898,20.7571],[-156.0136,20.7148],[-156.1071,20.6448],[-156.2348,20.6286],[-156.31,20.5988],[-156.4088,20.6052],[-156.4382,20.6179],[-156.4489,20.7063],[-156.4801,20.8012],[-156.5438,20.79],[-156.6154,20.8218],[-156.6897,20.9014],[-156.6978,20.9491],[-156.6569,21.0245],[-156.5854,21.0343],[-156.5323,20.9927],[-156.4868,20.9326]]],[[[-157.7994,21.4566],[-157.765,21.4509],[-157.7209,21.4577],[-157.7055,21.3781],[-157.6541,21.3339],[-157.6354,21.3076],[-157.6909,21.2797],[-157.7988,21.2686],[-157.8493,21.2908],[-157.9018,21.3406],[-157.9584,21.3269],[-157.9683,21.3669],[-157.9784,21.3785],[-158.0173,21.3677],[-157.981,21.3161],[-158.0791,21.3123],[-158.1104,21.3186],[-158.1378,21.3771],[-158.2391,21.4894],[-158.2387,21.5331],[-158.2731,21.5853],[-158.1231,21.6002],[-158.0204,21.6918],[-157.9625,21.7014],[-157.8515,21.5534],[-157.8543,21.5119],[-157.8296,21.4714],[-157.7994,21.4566]]],[[[-159.3728,21.9324],[-159.4607,21.8761],[-159.5119,21.9004],[-159.6088,21.9095],[-159.6464,21.9518],[-159.748,21.9898],[-159.7892,22.0418],[-159.7266,22.1402],[-159.5792,22.2231],[-159.3521,22.2196],[-159.3048,22.1541],[-159.3007,22.1053],[-159.3302,22.0507],[-159.3438,21.9736],[-159.3728,21.9324]]],[[[-160.18,21.8411],[-160.2002,21.7969],[-160.2347,21.8037],[-160.2435,21.8431],[-160.2209,21.8973],[-160.1639,21.944],[-160.1006,22.0152],[-160.0487,22.0046],[-160.0767,21.9581],[-160.08,21.9074],[-160.1534,21.8788],[-160.18,21.8411]]],[[[-156.8496,20.7727],[-156.9089,20.7445],[-156.9734,20.7575],[-156.9884,20.8257],[-157.0506,20.9125],[-156.9418,20.93],[-156.8806,20.9048],[-156.8483,20.8778],[-156.8094,20.8312],[-156.8496,20.7727]]],[[[-74.7089,45.0039],[-74.6632,45.0039],[-74.4304,45.0042],[-74.0143,45.0047],[-73.5981,45.0052],[-73.182,45.0056],[-72.7659,45.0061],[-72.3498,45.0066],[-71.9336,45.0071],[-71.5175,45.0076],[-71.419,45.2003],[-71.3273,45.2901],[-71.2016,45.2604],[-71.1347,45.2628],[-71.0603,45.3091],[-70.9999,45.3373],[-70.9602,45.3331],[-70.9262,45.2907],[-70.898,45.2625],[-70.865,45.2707],[-70.8368,45.3107],[-70.8378,45.3662],[-70.7992,45.4048],[-70.7533,45.4107],[-70.7109,45.4095],[-70.6898,45.4283],[-70.6921,45.4554],[-70.7074,45.4989],[-70.7022,45.5514],[-70.5964,45.644],[-70.4666,45.7068],[-70.4211,45.7382],[-70.4079,45.8019],[-70.3334,45.8681],[-70.2962,45.9061],[-70.2872,45.9392],[-70.3064,45.9798],[-70.3045,46.0574],[-70.2789,46.15],[-70.2483,46.2509],[-70.1797,46.3418],[-70.0672,46.4411],[-70.0382,46.5714],[-70.0077,46.7089],[-69.8717,46.8429],[-69.7175,46.9949],[-69.6298,47.0813],[-69.4715,47.2387],[-69.3589,47.3506],[-69.3021,47.402],[-69.2429,47.463],[-69.1463,47.4448],[-69.0502,47.4266],[-69.0643,47.3381],[-69.0486,47.2736],[-69.0031,47.2364],[-68.9372,47.2112],[-68.8874,47.2028],[-68.8287,47.2033],[-68.6686,47.2535],[-68.4804,47.2858],[-68.3769,47.3162],[-68.358,47.3445],[-68.3109,47.3545],[-68.2355,47.3459],[-68.0968,47.2749],[-67.9349,47.1676],[-67.8068,47.0828],[-67.8028,46.9357],[-67.8003,46.7799],[-67.7977,46.6156],[-67.7958,46.4984],[-67.7925,46.3374],[-67.7899,46.2093],[-67.7865,46.0421],[-67.7847,45.9528],[-67.767,45.927],[-67.7776,45.8918],[-67.7823,45.8742],[-67.7812,45.8602],[-67.7741,45.8425],[-67.7753,45.8179],[-67.7917,45.7956],[-67.7999,45.7698],[-67.8022,45.7275],[-67.7847,45.7017],[-67.7553,45.6865],[-67.7307,45.6865],[-67.699,45.6712],[-67.6579,45.6442],[-67.5958,45.6208],[-67.5312,45.6125],[-67.4866,45.6184],[-67.4327,45.6031],[-67.4139,45.5656],[-67.4244,45.5304],[-67.4549,45.514],[-67.4878,45.501],[-67.4937,45.4741],[-67.4772,45.4459],[-67.4538,45.4212],[-67.4279,45.3779],[-67.4385,45.3404],[-67.462,45.3087],[-67.4726,45.2759],[-67.4526,45.2477],[-67.3998,45.2102],[-67.3669,45.1738],[-67.3153,45.1538],[-67.2907,45.1679],[-67.2707,45.1867],[-67.2496,45.2008],[-67.2132,45.1925],[-67.171,45.182],[-67.1249,45.1694],[-67.1304,45.139],[-67.1022,45.0877],[-67.0805,44.9892],[-67.1139,44.9444],[-67.1067,44.8851],[-67.014,44.8678],[-66.9915,44.8496],[-66.987,44.8277],[-67.1913,44.6756],[-67.3641,44.6969],[-67.4578,44.6565],[-67.556,44.6448],[-67.5991,44.5768],[-67.653,44.5624],[-67.7268,44.5665],[-67.7905,44.5857],[-67.8391,44.5763],[-67.907,44.4536],[-67.9627,44.4643],[-67.9849,44.4202],[-68.014,44.4009],[-68.0566,44.3843],[-68.0937,44.4388],[-68.1173,44.4906],[-68.1521,44.502],[-68.1982,44.5152],[-68.2458,44.5148],[-68.2774,44.5074],[-68.3167,44.4739],[-68.3737,44.4451],[-68.4168,44.4691],[-68.4506,44.5076],[-68.4794,44.4457],[-68.5214,44.3802],[-68.5145,44.3039],[-68.5325,44.2586],[-68.5724,44.2709],[-68.612,44.3105],[-68.7233,44.3423],[-68.8119,44.3394],[-68.7939,44.3817],[-68.7101,44.4426],[-68.7359,44.4545],[-68.777,44.446],[-68.7949,44.4545],[-68.7655,44.5098],[-68.7627,44.5708],[-68.8002,44.5494],[-68.8474,44.4851],[-68.9615,44.4338],[-68.9562,44.3481],[-69.0636,44.1724],[-69.0684,44.0976],[-69.1373,44.0378],[-69.2261,43.9865],[-69.3445,44.0009],[-69.435,43.9563],[-69.4809,43.9051],[-69.5208,43.8974],[-69.5416,43.9626],[-69.5567,43.9828],[-69.59,43.8866],[-69.6239,43.8806],[-69.6368,43.9488],[-69.6529,43.9939],[-69.6991,43.955],[-69.7298,43.852],[-69.762,43.8607],[-69.7723,43.899],[-69.7953,43.9106],[-69.8032,43.8668],[-69.7916,43.8052],[-69.8084,43.7723],[-69.8403,43.7899],[-69.8725,43.8195],[-69.9256,43.797],[-69.9743,43.7879],[-69.9745,43.8181],[-69.9652,43.8551],[-70.0624,43.8346],[-70.1788,43.7664],[-70.2692,43.6719],[-70.2379,43.6562],[-70.2026,43.6261],[-70.3597,43.4802],[-70.5207,43.3488],[-70.6423,43.1344],[-70.6912,43.1093],[-70.7331,43.07],[-70.7776,42.9406],[-70.8291,42.8253],[-70.8003,42.774],[-70.7813,42.7212],[-70.7357,42.6693],[-70.6969,42.6646],[-70.6548,42.674],[-70.624,42.6718],[-70.6042,42.6497],[-70.6129,42.6232],[-70.6614,42.6166],[-70.7519,42.5704],[-70.8312,42.5526],[-70.8709,42.4966],[-70.9305,42.432],[-71.0462,42.3311],[-70.9967,42.3],[-70.818,42.2649],[-70.7383,42.2289],[-70.6177,42.0404],[-70.6452,42.0216],[-70.6562,41.9871],[-70.5489,41.9386],[-70.5147,41.8033],[-70.4267,41.7573],[-70.2955,41.729],[-70.135,41.7699],[-70.0014,41.8262],[-70.0061,41.8723],[-70.09,41.9797],[-70.1103,42.0301],[-70.1726,42.0628],[-70.1962,42.0351],[-70.2365,42.071],[-70.2411,42.0912],[-70.2035,42.101],[-70.1599,42.0971],[-70.1089,42.0783],[-69.9779,41.9613],[-69.9416,41.8079],[-69.9338,41.7104],[-69.9486,41.6771],[-69.9868,41.684],[-70.0595,41.6773],[-70.4047,41.6269],[-70.4813,41.5825],[-70.6571,41.5342],[-70.6681,41.5583],[-70.6554,41.6081],[-70.6665,41.7101],[-70.7011,41.7148],[-70.9742,41.5485],[-71.0798,41.5381],[-71.1686,41.4894],[-71.1884,41.5164],[-71.2043,41.6411],[-71.1487,41.7457],[-71.1783,41.744],[-71.2711,41.6812],[-71.3107,41.7199],[-71.3306,41.7623],[-71.3592,41.7862],[-71.3901,41.7953],[-71.3637,41.7027],[-71.4266,41.6333],[-71.4438,41.4537],[-71.5229,41.379],[-71.7693,41.3309],[-71.9299,41.3411],[-72.0739,41.3261],[-72.2653,41.2916],[-72.371,41.3122],[-72.4794,41.2758],[-72.8472,41.2659],[-72.9247,41.2852],[-73.0237,41.2165],[-73.1823,41.1758],[-73.583,41.0219],[-73.6714,40.9659],[-73.779,40.8784],[-73.8513,40.8314],[-73.9107,40.8161],[-73.9472,40.777],[-73.9871,40.7514],[-73.9486,40.8388],[-73.9067,40.9125],[-73.872,41.0552],[-73.8822,41.1706],[-73.9253,41.2181],[-73.9699,41.2497],[-73.9177,41.1358],[-73.9092,40.9961],[-73.9272,40.9143],[-74.0255,40.7564],[-74.0673,40.7196],[-74.1163,40.6873],[-74.1531,40.6732],[-74.1872,40.648],[-74.2267,40.608],[-74.2642,40.5286],[-74.2415,40.4562],[-74.0499,40.4298],[-73.9984,40.4521],[-73.9723,40.4003],[-73.9576,40.3284],[-73.972,40.2505],[-74.004,40.1713],[-74.0283,40.073],[-74.0489,39.923],[-74.0799,39.7881],[-74.084,39.8291],[-74.0646,39.9931],[-74.096,39.976],[-74.1176,39.9381],[-74.1761,39.7266],[-74.2565,39.6139],[-74.3306,39.5359],[-74.407,39.5488],[-74.3898,39.4868],[-74.4108,39.4545],[-74.4288,39.3872],[-74.4744,39.3426],[-74.5172,39.3469],[-74.5787,39.3161],[-74.603,39.2926],[-74.6048,39.2475],[-74.6459,39.2079],[-74.7945,39.0019],[-74.9234,38.9411],[-74.9543,38.95],[-74.9203,39.0472],[-74.897,39.1455],[-74.9753,39.1882],[-75.0502,39.2108],[-75.1361,39.2079],[-75.2311,39.2843],[-75.3534,39.3398],[-75.5242,39.4902],[-75.5192,39.5319],[-75.5235,39.6019],[-75.4716,39.7124],[-75.4219,39.7897],[-75.3532,39.8297],[-75.1538,39.8705],[-75.1038,39.9318],[-75.0742,39.9835],[-75.1729,39.8948],[-75.3209,39.8647],[-75.4006,39.8316],[-75.4644,39.781],[-75.5021,39.7174],[-75.5876,39.6408],[-75.5816,39.5895],[-75.5673,39.553],[-75.5739,39.477],[-75.5198,39.4028],[-75.4126,39.2814],[-75.3922,39.0928],[-75.3104,38.9666],[-75.1851,38.8194],[-75.0887,38.7775],[-75.084,38.7228],[-75.1285,38.6324],[-75.1871,38.5911],[-75.1108,38.5994],[-75.0729,38.5787],[-75.0359,38.5033],[-75.0388,38.4264],[-75.0513,38.383],[-75.0744,38.3657],[-75.0734,38.41],[-75.0897,38.4254],[-75.1167,38.4062],[-75.1342,38.3843],[-75.1415,38.2981],[-75.16,38.2551],[-75.2254,38.2423],[-75.2918,38.1292],[-75.3535,38.065],[-75.5964,37.6312],[-75.5871,37.5587],[-75.6315,37.5354],[-75.6988,37.5164],[-75.7669,37.473],[-75.8121,37.4252],[-75.854,37.2966],[-75.9344,37.1519],[-75.9845,37.2122],[-75.9974,37.2638],[-75.975,37.3984],[-75.8881,37.6191],[-75.7924,37.7563],[-75.7193,37.8214],[-75.6593,37.954],[-75.7352,37.9737],[-75.8508,37.9716],[-75.8291,38.0328],[-75.7953,38.0867],[-75.8556,38.1404],[-75.8913,38.1472],[-75.9281,38.1692],[-75.885,38.214],[-75.8639,38.2612],[-75.8768,38.3188],[-75.8587,38.3621],[-75.8888,38.3555],[-75.9373,38.3097],[-75.9674,38.2914],[-75.9857,38.3319],[-76.0067,38.3228],[-76.0203,38.2949],[-76.0512,38.2795],[-76.1165,38.3177],[-76.2117,38.3613],[-76.2646,38.4364],[-76.2949,38.4946],[-76.2642,38.6],[-76.1984,38.6187],[-76.1129,38.6016],[-76.0009,38.6017],[-76.0169,38.6251],[-76.0569,38.6212],[-76.175,38.7067],[-76.213,38.7583],[-76.2783,38.7725],[-76.3081,38.7229],[-76.3412,38.7097],[-76.3003,38.8182],[-76.247,38.8227],[-76.1682,38.8527],[-76.1911,38.9156],[-76.2408,38.9431],[-76.3307,38.9086],[-76.3296,38.9528],[-76.3127,39.0094],[-76.245,39.0092],[-76.1857,38.9907],[-76.1352,39.0821],[-76.133,39.1229],[-76.2168,39.0636],[-76.2357,39.1916],[-76.1531,39.315],[-76.0744,39.3688],[-75.976,39.3673],[-75.876,39.376],[-75.9387,39.3986],[-76.0031,39.4108],[-75.9547,39.4596],[-75.9135,39.4684],[-75.8729,39.5109],[-75.9704,39.5046],[-75.9589,39.5851],[-76.0063,39.5687],[-76.063,39.5611],[-76.0851,39.527],[-76.0807,39.4703],[-76.0973,39.4331],[-76.1414,39.4032],[-76.2158,39.3799],[-76.223,39.4203],[-76.2477,39.4386],[-76.2568,39.3521],[-76.2764,39.3228],[-76.3308,39.4039],[-76.3472,39.3875],[-76.3451,39.3645],[-76.359,39.3247],[-76.4057,39.3039],[-76.4028,39.2528],[-76.4209,39.225],[-76.5704,39.2693],[-76.5739,39.2543],[-76.4894,39.1587],[-76.4276,39.126],[-76.4201,39.0739],[-76.4731,39.0306],[-76.5462,39.068],[-76.5585,39.0652],[-76.5188,39.0012],[-76.4938,38.9452],[-76.5195,38.8983],[-76.5155,38.8406],[-76.5211,38.7883],[-76.5369,38.7426],[-76.5013,38.5322],[-76.4585,38.475],[-76.4164,38.4202],[-76.3941,38.369],[-76.4388,38.3615],[-76.5099,38.4037],[-76.5724,38.4358],[-76.6469,38.5385],[-76.6592,38.5795],[-76.6773,38.612],[-76.6686,38.5375],[-76.642,38.4543],[-76.4088,38.2683],[-76.3657,38.1969],[-76.3329,38.1408],[-76.3412,38.087],[-76.402,38.125],[-76.4544,38.1735],[-76.5936,38.2283],[-76.7691,38.2629],[-76.8681,38.3903],[-76.8678,38.3372],[-76.8897,38.2921],[-76.9502,38.347],[-76.9884,38.3939],[-77.0012,38.4453],[-77.0767,38.4417],[-77.1559,38.3971],[-77.2325,38.4077],[-77.2416,38.4948],[-77.2209,38.541],[-77.1349,38.6501],[-77.0539,38.7058],[-77.0182,38.7777],[-77.0304,38.8893],[-77.0456,38.7758],[-77.0919,38.7195],[-77.1646,38.6766],[-77.2604,38.6],[-77.2838,38.5292],[-77.3137,38.3966],[-77.2732,38.3518],[-77.2319,38.34],[-77.1099,38.3701],[-77.0468,38.3567],[-76.9063,38.1971],[-76.6449,38.1339],[-76.5495,38.0945],[-76.4718,38.0112],[-76.3549,37.9632],[-76.2643,37.8936],[-76.2618,37.8481],[-76.2932,37.7943],[-76.3056,37.7216],[-76.3441,37.6757],[-76.4366,37.6704],[-76.4925,37.6822],[-76.7928,37.938],[-76.8286,37.9615],[-76.94,38.0955],[-77.0707,38.1672],[-77.1111,38.1657],[-76.9251,38.033],[-76.8492,37.9402],[-76.7154,37.8102],[-76.6198,37.7551],[-76.5495,37.6691],[-76.4841,37.6289],[-76.3056,37.5715],[-76.3676,37.5303],[-76.2686,37.4952],[-76.2544,37.4306],[-76.2635,37.357],[-76.401,37.3861],[-76.4055,37.3319],[-76.3932,37.3],[-76.4539,37.2735],[-76.5384,37.3094],[-76.7577,37.5054],[-76.7559,37.4792],[-76.7381,37.4488],[-76.6109,37.3226],[-76.4974,37.2469],[-76.4011,37.2127],[-76.327,37.1493],[-76.3008,37.1109],[-76.2833,37.0527],[-76.3383,37.0131],[-76.4009,36.9913],[-76.462,37.0308],[-76.5068,37.0723],[-76.6023,37.1429],[-76.6309,37.2217],[-76.7035,37.2177],[-77.007,37.3177],[-77.2509,37.3292],[-77.2271,37.3091],[-77.1962,37.2957],[-77.002,37.271],[-76.9252,37.225],[-76.7654,37.1841],[-76.6719,37.1729],[-76.6339,37.0474],[-76.5046,36.961],[-76.4878,36.897],[-76.3996,36.8898],[-76.2442,36.9526],[-76.144,36.9306],[-75.9994,36.9126],[-75.9664,36.862],[-75.9416,36.7655],[-75.8904,36.657],[-75.7579,36.2292],[-75.5587,35.8793],[-75.5342,35.8191],[-75.5805,35.872],[-75.7282,36.1037],[-75.8098,36.271],[-75.8936,36.5665],[-75.9179,36.6327],[-75.9465,36.6591],[-75.9653,36.6376],[-75.9734,36.6],[-75.9598,36.571],[-75.9928,36.4738],[-75.9785,36.4291],[-75.9249,36.383],[-75.8666,36.2679],[-75.8201,36.1128],[-75.883,36.1757],[-75.9502,36.209],[-76.0547,36.2345],[-76.1479,36.2793],[-76.1411,36.2151],[-76.15,36.1458],[-76.2218,36.1669],[-76.2706,36.1899],[-76.2274,36.116],[-76.3212,36.1382],[-76.3837,36.1335],[-76.4243,36.068],[-76.4788,36.0282],[-76.5594,36.0153],[-76.6789,36.0753],[-76.7176,36.1481],[-76.7336,36.2291],[-76.74,36.1333],[-76.7188,36.0335],[-76.7262,35.9576],[-76.6111,35.9437],[-76.5035,35.9561],[-76.3583,35.9529],[-76.2636,35.9671],[-76.2065,35.9912],[-76.0698,35.9703],[-76.0601,35.8787],[-76.0757,35.7875],[-76.0836,35.6905],[-76.0457,35.6912],[-76.0012,35.7222],[-75.9789,35.8959],[-75.8539,35.9602],[-75.812,35.9558],[-75.7722,35.8999],[-75.7588,35.8433],[-75.7447,35.7655],[-75.7739,35.647],[-75.966,35.5084],[-76.1035,35.3803],[-76.1738,35.3541],[-76.2752,35.369],[-76.3902,35.4013],[-76.4466,35.4078],[-76.4895,35.397],[-76.5156,35.4365],[-76.5325,35.5084],[-76.5772,35.5323],[-76.611,35.5297],[-76.6341,35.4532],[-76.7414,35.4315],[-76.8873,35.4631],[-77.04,35.5274],[-76.9745,35.4584],[-76.5955,35.3297],[-76.5528,35.3056],[-76.5129,35.2704],[-76.566,35.2152],[-76.6075,35.153],[-76.6134,35.1041],[-76.628,35.0733],[-76.7792,34.9903],[-76.861,35.005],[-77.0703,35.1546],[-76.975,35.0252],[-76.8986,34.9703],[-76.745,34.941],[-76.4567,34.9894],[-76.3622,34.9365],[-76.4398,34.8429],[-76.5169,34.7772],[-76.618,34.7699],[-76.7071,34.7521],[-76.7332,34.707],[-76.7967,34.7041],[-76.8959,34.7015],[-77.0495,34.6974],[-77.1339,34.7079],[-77.2518,34.6156],[-77.2962,34.6029],[-77.3584,34.6203],[-77.3845,34.6944],[-77.4123,34.7308],[-77.4129,34.5921],[-77.4021,34.5548],[-77.3798,34.5266],[-77.5177,34.4514],[-77.6497,34.3575],[-77.697,34.332],[-77.7507,34.285],[-77.8608,34.1492],[-77.888,34.0501],[-77.9278,33.9397],[-77.9329,33.9895],[-77.926,34.0731],[-77.9533,34.169],[-77.9706,33.9934],[-78.0133,33.9118],[-78.4059,33.9176],[-78.5777,33.8732],[-78.8415,33.7241],[-78.9203,33.6587],[-79.1382,33.4059],[-79.1938,33.2441],[-79.2384,33.3122],[-79.2273,33.3632],[-79.2265,33.4049],[-79.2813,33.3154],[-79.2292,33.1852],[-79.276,33.1354],[-79.4199,33.0425],[-79.4987,33.0273],[-79.5871,33.0009],[-79.6149,32.9093],[-79.735,32.8248],[-79.805,32.7874],[-79.9331,32.8101],[-79.8937,32.7287],[-79.9407,32.6671],[-80.0218,32.6199],[-80.1226,32.5891],[-80.1803,32.5929],[-80.2297,32.5765],[-80.2684,32.5374],[-80.3628,32.5007],[-80.461,32.5213],[-80.5722,32.5337],[-80.6342,32.5117],[-80.53,32.4754],[-80.4743,32.4228],[-80.4857,32.3518],[-80.5136,32.3244],[-80.5793,32.2873],[-80.6082,32.2928],[-80.6258,32.3263],[-80.6472,32.3959],[-80.6778,32.3811],[-80.6831,32.3486],[-80.7093,32.3371],[-80.8025,32.448],[-80.7979,32.3634],[-80.7653,32.2983],[-80.7338,32.2653],[-80.7021,32.2459],[-80.6942,32.2157],[-80.758,32.1422],[-80.7908,32.1258],[-80.8492,32.1139],[-80.8821,32.0686],[-80.8724,32.0296],[-80.9234,31.9449],[-81.0456,31.892],[-81.0829,31.8941],[-81.1133,31.8786],[-81.0955,31.8409],[-81.065,31.8135],[-81.0661,31.788],[-81.0984,31.7534],[-81.1621,31.7437],[-81.1979,31.7042],[-81.1866,31.6669],[-81.1655,31.6461],[-81.1699,31.6103],[-81.2424,31.5743],[-81.2594,31.5389],[-81.2234,31.5285],[-81.1957,31.5389],[-81.1754,31.5313],[-81.2189,31.4721],[-81.2579,31.436],[-81.295,31.3712],[-81.381,31.3533],[-81.3777,31.3323],[-81.3291,31.3138],[-81.2885,31.2639],[-81.3649,31.1719],[-81.4126,31.1794],[-81.4417,31.1997],[-81.4604,31.1271],[-81.4532,31.0883],[-81.4714,31.009],[-81.5006,30.9138],[-81.5204,30.8747],[-81.5162,30.8018],[-81.504,30.7314],[-81.4572,30.6408],[-81.3857,30.27],[-81.3371,30.1412],[-81.2495,29.7938],[-81.1045,29.457],[-80.9,29.0499],[-80.5643,28.5564],[-80.5241,28.4861],[-80.5678,28.4265],[-80.5812,28.3647],[-80.585,28.2716],[-80.5729,28.1809],[-80.5332,28.0701],[-80.4569,27.9007],[-80.4996,27.9345],[-80.61,28.1776],[-80.6229,28.3204],[-80.6069,28.5229],[-80.6329,28.518],[-80.6539,28.4522],[-80.6655,28.3749],[-80.6935,28.345],[-80.7317,28.4629],[-80.7291,28.5162],[-80.6885,28.5785],[-80.7002,28.6009],[-80.7659,28.6328],[-80.7799,28.683],[-80.771,28.7325],[-80.8087,28.7589],[-80.8382,28.7577],[-80.8184,28.6356],[-80.7872,28.5606],[-80.7486,28.381],[-80.6864,28.2722],[-80.6501,28.1809],[-80.2261,27.207],[-80.1258,27.083],[-80.0887,26.9939],[-80.05,26.8077],[-80.0413,26.5686],[-80.1106,26.1316],[-80.1264,25.8335],[-80.1363,25.8426],[-80.1429,25.874],[-80.1589,25.8783],[-80.2191,25.7417],[-80.3008,25.6186],[-80.3277,25.4271],[-80.3669,25.3313],[-80.4847,25.2298],[-80.5576,25.2324],[-80.7365,25.1563],[-80.8622,25.1762],[-81.012,25.1333],[-81.1105,25.138],[-81.1674,25.2285],[-81.1587,25.269],[-81.136,25.3097],[-81.0977,25.3191],[-80.9654,25.2243],[-80.9404,25.2642],[-80.9804,25.3117],[-81.0568,25.3381],[-81.1133,25.3672],[-81.2271,25.5834],[-81.3451,25.7318],[-81.3649,25.8311],[-81.5683,25.8916],[-81.7155,25.9832],[-81.8115,26.1461],[-81.8666,26.435],[-81.9315,26.4675],[-81.9589,26.4899],[-81.8955,26.5972],[-81.8287,26.6871],[-81.8815,26.6647],[-81.9206,26.6314],[-81.9702,26.5521],[-82.0064,26.5398],[-82.0396,26.5521],[-82.0779,26.7043],[-82.0669,26.8916],[-82.0133,26.9616],[-82.0957,26.9634],[-82.1811,26.9368],[-82.1686,26.8744],[-82.1807,26.8401],[-82.2429,26.8489],[-82.29,26.8708],[-82.3541,26.9357],[-82.4414,27.0597],[-82.6205,27.4011],[-82.6554,27.4492],[-82.7146,27.4996],[-82.6867,27.5153],[-82.6358,27.5246],[-82.5208,27.6783],[-82.4305,27.7711],[-82.4005,27.8354],[-82.4058,27.8629],[-82.4457,27.9028],[-82.4981,27.8679],[-82.5206,27.8779],[-82.5796,27.9584],[-82.6359,27.9812],[-82.6752,27.9638],[-82.6338,27.8978],[-82.5966,27.8732],[-82.611,27.7772],[-82.626,27.746],[-82.6609,27.7184],[-82.7153,27.7331],[-82.7429,27.7094],[-82.7753,27.7344],[-82.8076,27.7766],[-82.8435,27.846],[-82.7485,28.2368],[-82.6606,28.4858],[-82.6506,28.7699],[-82.644,28.812],[-82.6515,28.8875],[-82.7693,29.0516],[-83.2905,29.4519],[-83.6944,29.926],[-84.0442,30.1038],[-84.3097,30.0647],[-84.3556,30.029],[-84.3753,29.9823],[-84.3587,29.9294],[-84.3828,29.9074],[-84.4541,29.9102],[-84.55,29.8979],[-84.8005,29.773],[-84.8889,29.7776],[-84.9692,29.7453],[-85.0293,29.7211],[-85.186,29.7079],[-85.3189,29.6802],[-85.3764,29.6952],[-85.4138,29.7676],[-85.4138,29.8425],[-85.3834,29.7851],[-85.3364,29.7401],[-85.3149,29.7581],[-85.3068,29.7979],[-85.3536,29.8757],[-85.5043,29.9758],[-85.6758,30.1219],[-85.6235,30.1171],[-85.6103,30.1484],[-85.6634,30.1895],[-85.641,30.2369],[-85.6035,30.2868],[-85.6759,30.2793],[-85.7408,30.2444],[-85.743,30.2013],[-85.7558,30.167],[-85.7908,30.172],[-85.8557,30.2144],[-86.1751,30.3325],[-86.4544,30.3991],[-86.2401,30.4291],[-86.1238,30.4058],[-86.1377,30.4416],[-86.1657,30.4643],[-86.2574,30.493],[-86.3742,30.4821],[-86.4479,30.4956],[-86.5234,30.4671],[-86.6061,30.4247],[-86.6796,30.4029],[-86.9676,30.3724],[-87.2012,30.3393],[-87.1637,30.3742],[-87.1238,30.3967],[-86.9858,30.4309],[-86.9651,30.5019],[-86.9976,30.5703],[-87.0339,30.5539],[-87.072,30.5004],[-87.1188,30.539],[-87.1706,30.5388],[-87.1847,30.4537],[-87.2511,30.3967],[-87.2811,30.3393],[-87.4758,30.2943],[-87.5007,30.3093],[-87.4437,30.3638],[-87.4483,30.3941],[-87.5133,30.3681],[-87.6223,30.2647],[-88.006,30.2309],[-87.985,30.2544],[-87.904,30.2591],[-87.7903,30.2918],[-87.8133,30.3469],[-87.8571,30.4074],[-87.8976,30.4142],[-87.9243,30.4497],[-87.923,30.5615],[-87.9489,30.6269],[-88.0113,30.6942],[-88.0324,30.6812],[-88.0784,30.5662],[-88.1166,30.4153],[-88.1354,30.3666],[-88.2492,30.3632],[-88.3499,30.3735],[-88.6921,30.3554],[-88.8199,30.4065],[-88.8729,30.4163],[-88.9052,30.4151],[-89.0541,30.3683],[-89.2236,30.3324],[-89.2636,30.3437],[-89.3206,30.3453],[-89.4435,30.2231],[-89.5885,30.166],[-89.9542,30.2688],[-90.0452,30.3514],[-90.126,30.3691],[-90.2253,30.3793],[-90.332,30.2776],[-90.413,30.1403],[-90.285,30.0651],[-90.1753,30.0291],[-89.9942,30.0593],[-89.894,30.1259],[-89.8123,30.1237],[-89.7731,30.1372],[-89.7375,30.172],[-89.6675,30.1445],[-89.665,30.117],[-89.7147,30.0783],[-89.7772,30.0457],[-89.8152,30.0073],[-89.7438,29.9298],[-89.6317,29.9038],[-89.5895,29.915],[-89.5634,30.0021],[-89.4944,30.0582],[-89.4007,30.046],[-89.4141,30.0109],[-89.4009,29.9777],[-89.3579,29.921],[-89.3628,29.8398],[-89.3544,29.8202],[-89.4554,29.7844],[-89.5307,29.7722],[-89.5909,29.7253],[-89.5593,29.698],[-89.6207,29.6741],[-89.6621,29.6837],[-89.683,29.6749],[-89.6892,29.646],[-89.7209,29.6193],[-89.6748,29.5387],[-89.5803,29.486],[-89.5137,29.4201],[-89.2457,29.3332],[-89.1808,29.3357],[-89.1168,29.2482],[-89.0653,29.2182],[-89.0157,29.2029],[-89.0214,29.1427],[-89.1095,29.0987],[-89.1333,29.0461],[-89.1555,29.0166],[-89.1953,29.054],[-89.2361,29.0811],[-89.3306,28.9987],[-89.3761,28.9813],[-89.3535,29.0702],[-89.3892,29.105],[-89.4432,29.1941],[-89.5218,29.2493],[-89.5771,29.2675],[-89.6203,29.3024],[-89.6725,29.3165],[-89.717,29.3129],[-89.7924,29.3332],[-89.7974,29.3806],[-89.8183,29.4161],[-89.8772,29.458],[-90.1591,29.5372],[-90.1608,29.5044],[-90.1413,29.4797],[-90.1008,29.4633],[-90.0523,29.4314],[-90.0528,29.3368],[-90.0737,29.2968],[-90.0827,29.2397],[-90.1014,29.1818],[-90.1358,29.1361],[-90.2128,29.1049],[-90.2467,29.131],[-90.3016,29.2558],[-90.3792,29.2951],[-90.5025,29.2998],[-90.5862,29.2715],[-90.6775,29.1506],[-90.751,29.1309],[-91.0027,29.1935],[-91.2901,29.289],[-91.2827,29.3208],[-91.2375,29.331],[-91.1508,29.3179],[-91.1554,29.3507],[-91.244,29.4573],[-91.2603,29.5055],[-91.2488,29.5642],[-91.2777,29.5629],[-91.331,29.5136],[-91.5142,29.5554],[-91.5648,29.6053],[-91.6725,29.7461],[-91.8244,29.7507],[-91.8932,29.836],[-92.0173,29.8003],[-92.0802,29.7607],[-92.1355,29.6995],[-92.114,29.6677],[-92.0589,29.6172],[-92.084,29.5928],[-92.2608,29.5568],[-92.6713,29.5971],[-92.7913,29.6347],[-92.9524,29.7142],[-93.1757,29.779],[-93.2832,29.7894],[-93.3885,29.7766],[-93.6948,29.7699],[-93.7659,29.7527],[-93.8265,29.7251],[-93.8657,29.7556],[-93.8839,29.81],[-93.8483,29.8188],[-93.8088,29.8508],[-93.7731,29.9141],[-93.769,29.9523],[-93.794,29.9772],[-93.8415,29.9797],[-93.9463,29.815],[-93.8864,29.7227],[-93.8905,29.6894],[-94.0997,29.6704],[-94.5745,29.4845],[-94.7596,29.3843],[-94.7501,29.418],[-94.5263,29.5479],[-94.6053,29.5678],[-94.7326,29.5354],[-94.7783,29.5479],[-94.7244,29.6553],[-94.7419,29.75],[-94.8323,29.7526],[-94.8899,29.677],[-94.9299,29.6802],[-94.9823,29.7126],[-95.0229,29.7023],[-94.9928,29.531],[-94.9359,29.4604],[-94.8883,29.3706],[-95.0183,29.2595],[-95.1391,29.1678],[-95.1521,29.0792],[-95.2735,28.9639],[-95.3876,28.8984],[-95.6559,28.7446],[-95.7324,28.7117],[-95.8534,28.6403],[-96.0204,28.5868],[-96.1805,28.5019],[-96.2345,28.489],[-96.1323,28.5609],[-96.011,28.6319],[-96.115,28.6222],[-96.2753,28.6551],[-96.3734,28.657],[-96.3741,28.6311],[-96.4487,28.5945],[-96.526,28.6483],[-96.5597,28.6845],[-96.5757,28.7157],[-96.6085,28.7233],[-96.64,28.7088],[-96.5247,28.4887],[-96.4755,28.4792],[-96.4211,28.4573],[-96.4888,28.4061],[-96.5617,28.3671],[-96.6764,28.3413],[-96.7735,28.4216],[-96.7946,28.3209],[-96.8069,28.2202],[-96.8395,28.1944],[-96.8916,28.1576],[-96.9199,28.1854],[-96.9333,28.2243],[-96.9667,28.1896],[-97.0155,28.1635],[-97.096,28.1583],[-97.1565,28.1443],[-97.1551,28.1026],[-97.1413,28.0607],[-97.0343,28.0938],[-97.0731,27.9861],[-97.1714,27.8796],[-97.2516,27.8544],[-97.3741,27.87],[-97.4044,27.8593],[-97.4315,27.8372],[-97.2887,27.6706],[-97.3805,27.4193],[-97.4391,27.3283],[-97.4798,27.3166],[-97.5239,27.314],[-97.6821,27.3949],[-97.7685,27.4575],[-97.6924,27.2872],[-97.4851,27.2374],[-97.4745,27.1729],[-97.4757,27.1179],[-97.5165,27.0532],[-97.5547,26.9673],[-97.5265,26.9075],[-97.4938,26.7596],[-97.4658,26.6917],[-97.4351,26.4858],[-97.4023,26.3965],[-97.2139,26.0679],[-97.1504,26.0653],[-97.1402,26.0297],[-97.1462,25.9615],[-97.2818,25.9416],[-97.3387,25.9112],[-97.3498,25.8848],[-97.3582,25.8705],[-97.3756,25.8718],[-97.4403,25.8908],[-97.5873,25.9842],[-97.8014,26.042],[-98.0828,26.0645],[-98.275,26.1112],[-98.3781,26.1824],[-98.4859,26.2246],[-98.5983,26.2378],[-98.6914,26.2765],[-98.7652,26.3404],[-98.8732,26.3813],[-99.0153,26.399],[-99.1078,26.4469],[-99.1721,26.5642],[-99.1724,26.5659],[-99.2299,26.7619],[-99.3024,26.8847],[-99.4436,27.0367],[-99.4565,27.0566],[-99.4565,27.0567],[-99.4577,27.0817],[-99.4402,27.1701],[-99.4551,27.2337],[-99.4998,27.2855],[-99.5101,27.3403],[-99.4858,27.398],[-99.4843,27.4674],[-99.5053,27.5483],[-99.5953,27.6359],[-99.7542,27.7299],[-99.8896,27.8673],[-100.0014,28.0479],[-100.112,28.1729],[-100.2213,28.2426],[-100.296,28.3277],[-100.3363,28.4281],[-100.3481,28.4864],[-100.3317,28.5025],[-100.3989,28.6142],[-100.5497,28.8213],[-100.6363,28.9728],[-100.6586,29.0686],[-100.7546,29.1825],[-100.9241,29.3147],[-101.0163,29.4007],[-101.0386,29.4603],[-101.039,29.4604],[-101.3035,29.6341],[-101.3804,29.7426],[-101.4404,29.7769],[-101.5093,29.7731],[-101.5446,29.7835],[-101.5464,29.8081],[-101.5687,29.8092],[-101.6116,29.787],[-101.7523,29.7825],[-101.9909,29.7957],[-102.1631,29.8252],[-102.2689,29.8712],[-102.3431,29.865],[-102.3856,29.8066],[-102.4763,29.7691],[-102.6149,29.7523],[-102.7342,29.6439],[-102.834,29.4439],[-102.8778,29.3153],[-102.8657,29.258],[-102.892,29.2164],[-102.9568,29.1904],[-103.0229,29.1322],[-103.09,29.0419],[-103.1683,28.9982],[-103.2577,29.0011],[-103.4229,29.0707],[-103.664,29.2069],[-103.8529,29.2911],[-103.9897,29.3231],[-104.1106,29.3861],[-104.2155,29.4799],[-104.3122,29.5424],[-104.4006,29.5737],[-104.504,29.6777],[-104.6222,29.8543],[-104.6813,29.9905],[-104.6813,30.1344],[-104.8359,30.4477],[-104.9179,30.5833],[-104.9788,30.6459],[-105.0981,30.7206],[-105.2758,30.8073],[-105.514,30.9808],[-105.8127,31.241],[-106.0241,31.3978],[-106.148,31.4509],[-106.2557,31.5447],[-106.347,31.679],[-106.436,31.7645],[-106.4454,31.7684],[-106.4532,31.7702],[-106.673,31.7713],[-106.8929,31.7725],[-107.1127,31.7736],[-107.3325,31.7748],[-107.5523,31.7759],[-107.7722,31.7771],[-107.992,31.7782],[-108.2118,31.7793],[-108.2125,31.6668],[-108.2132,31.5544],[-108.2138,31.4419],[-108.2145,31.3294],[-108.5679,31.3288],[-108.9213,31.3281],[-109.2748,31.3274],[-109.6282,31.3268],[-109.9816,31.3262],[-110.3351,31.3255],[-110.6885,31.3249],[-111.042,31.3242],[-111.5162,31.4723],[-111.9905,31.6202],[-112.4647,31.7683],[-112.939,31.9163],[-113.4132,32.0643],[-113.8875,32.2123],[-114.3617,32.3603],[-114.8359,32.5083],[-114.788,32.5648],[-114.7248,32.7153],[-114.8391,32.7047],[-115.1252,32.6833],[-115.4114,32.6619],[-115.6975,32.6405],[-115.9837,32.619],[-116.2698,32.5976],[-116.556,32.5762],[-116.8421,32.5548],[-117.1283,32.5333],[-117.1305,32.5397],[-117.1374,32.6492],[-117.1837,32.6879],[-117.2435,32.664],[-117.2707,32.8062],[-117.2558,32.8734],[-117.263,32.9389],[-117.3188,33.1],[-117.4674,33.2955],[-117.7885,33.5385],[-117.9521,33.6196],[-118.0805,33.7222],[-118.1619,33.7507],[-118.2644,33.7586],[-118.2942,33.7123],[-118.4104,33.7439],[-118.393,33.8583],[-118.5062,34.0174],[-118.5988,34.035],[-118.832,34.0245],[-119.1437,34.112],[-119.2358,34.1641],[-119.2677,34.2574],[-119.4137,34.3386],[-119.6061,34.418],[-119.7132,34.3997],[-119.8533,34.412],[-120.053,34.4693],[-120.1695,34.4765],[-120.3965,34.4596],[-120.4812,34.4716],[-120.5598,34.5439],[-120.6447,34.58],[-120.6267,34.6689],[-120.6376,34.7494],[-120.6249,34.812],[-120.663,34.9493],[-120.6336,35.0765],[-120.6591,35.1224],[-120.707,35.1577],[-120.8574,35.2097],[-120.8849,35.275],[-120.8603,35.3654],[-120.8996,35.4251],[-121.0229,35.4808],[-121.1379,35.6071],[-121.2838,35.6763],[-121.3438,35.7922],[-121.4337,35.8639],[-121.465,35.9274],[-121.6644,36.1541],[-121.8774,36.3311],[-121.9102,36.4329],[-121.9187,36.5724],[-121.8352,36.6575],[-121.79,36.7323],[-121.7945,36.801],[-121.8074,36.8512],[-121.8807,36.9389],[-122.1642,36.991],[-122.3949,37.2075],[-122.4084,37.3731],[-122.4992,37.5426],[-122.5004,37.6528],[-122.5142,37.772],[-122.4456,37.798],[-122.3841,37.7885],[-122.3903,37.7411],[-122.3697,37.6559],[-122.2976,37.5918],[-122.2287,37.5639],[-122.166,37.5017],[-122.119,37.4828],[-122.0705,37.4783],[-122.0965,37.5182],[-122.1241,37.5438],[-122.1581,37.6265],[-122.2222,37.732],[-122.296,37.7903],[-122.3334,37.8966],[-122.3655,37.9212],[-122.3854,37.9606],[-122.3143,38.0073],[-122.217,38.0406],[-122.0867,38.0496],[-121.7168,38.0341],[-121.6381,38.0613],[-121.573,38.0524],[-121.5253,38.0559],[-121.6257,38.0839],[-121.6822,38.0748],[-121.7486,38.0805],[-121.8808,38.075],[-121.9342,38.0868],[-121.9931,38.1201],[-122.0315,38.1235],[-122.1538,38.0655],[-122.2083,38.0726],[-122.3371,38.1359],[-122.3934,38.1448],[-122.4839,38.1088],[-122.4949,37.9536],[-122.4669,37.8382],[-122.5213,37.8264],[-122.5842,37.8741],[-122.6807,37.9023],[-122.7604,37.9457],[-122.8729,38.0261],[-122.932,38.0555],[-122.9988,37.9886],[-123.0015,38.0193],[-122.9682,38.097],[-122.9776,38.2273],[-122.8768,38.1233],[-122.9082,38.1966],[-122.9865,38.2771],[-123.0462,38.3051],[-123.1211,38.4493],[-123.2897,38.5358],[-123.4248,38.6756],[-123.7011,38.9073],[-123.7195,39.111],[-123.8203,39.3684],[-123.7778,39.5149],[-123.7835,39.6187],[-123.8329,39.7755],[-123.8845,39.8608],[-124.1085,40.0945],[-124.324,40.252],[-124.3565,40.3711],[-124.3717,40.4912],[-124.3245,40.5981],[-124.2837,40.7105],[-124.2539,40.7403],[-124.2423,40.7279],[-124.2506,40.7039],[-124.22,40.6965],[-124.2084,40.7461],[-124.1902,40.7717],[-124.2225,40.775],[-124.2192,40.7907],[-124.1999,40.8221],[-124.1331,40.9698],[-124.14,41.1559],[-124.0685,41.3842],[-124.0719,41.4595],[-124.1177,41.6217],[-124.1632,41.719],[-124.2446,41.7879],[-124.2087,41.8886],[-124.2117,41.9846],[-124.3553,42.1229],[-124.41,42.3043],[-124.4205,42.381],[-124.4062,42.5837],[-124.4438,42.6702],[-124.5396,42.8129],[-124.4986,42.9369],[-124.4544,43.0124],[-124.3466,43.3417],[-124.3206,43.3682],[-124.2755,43.3674],[-124.1969,43.4233],[-124.2332,43.4364],[-124.288,43.4097],[-124.2392,43.54],[-124.1844,43.6516],[-124.1487,43.6917],[-124.1307,44.0557],[-124.0992,44.3338],[-124.0475,44.4255],[-124.0654,44.5201],[-124.0445,44.6482],[-124.0592,44.7777],[-123.9486,45.4008],[-123.9631,45.4761],[-123.9293,45.577],[-123.9612,45.843],[-123.9471,46.1406],[-123.9752,46.1783],[-123.9893,46.2194],[-123.9629,46.2254],[-123.9117,46.1822],[-123.6736,46.1826],[-123.5216,46.2227],[-123.4664,46.2094],[-123.4023,46.155],[-123.3216,46.144],[-123.2206,46.1536],[-123.2513,46.1673],[-123.2987,46.1709],[-123.4047,46.221],[-123.4648,46.2711],[-123.6503,46.2677],[-123.6884,46.2999],[-123.8957,46.2678],[-123.9598,46.3007],[-124.0728,46.2794],[-124.0451,46.3729],[-124.0502,46.4905],[-124.0443,46.6051],[-124.0164,46.5214],[-123.9461,46.4326],[-123.9124,46.5333],[-123.8892,46.66],[-123.9577,46.7087],[-124.0717,46.7448],[-124.1125,46.8627],[-123.8429,46.9632],[-123.986,46.9845],[-124.0422,47.0297],[-124.1117,47.0352],[-124.1168,47.0003],[-124.1393,46.9547],[-124.1636,47.0153],[-124.1705,47.0867],[-124.1988,47.2085],[-124.3093,47.4046],[-124.376,47.6586],[-124.4601,47.7842],[-124.6211,47.9042],[-124.6631,47.9741],[-124.7017,48.1517],[-124.68,48.2859],[-124.71,48.3804],[-124.6326,48.375],[-124.4291,48.3008],[-124.1755,48.2424],[-124.0988,48.2],[-123.9758,48.1685],[-123.2944,48.1195],[-123.2499,48.1242],[-123.1619,48.1545],[-123.1244,48.1509],[-123.0242,48.0816],[-122.9739,48.0733],[-122.9089,48.0769],[-122.8609,48.09],[-122.7786,48.1376],[-122.7675,48.12],[-122.7691,48.076],[-122.7397,48.0132],[-122.6795,47.9318],[-122.6566,47.8812],[-122.7784,47.7384],[-122.8018,47.7354],[-122.8054,47.7836],[-122.8214,47.7932],[-123.0506,47.552],[-123.1311,47.4377],[-123.1391,47.3861],[-123.1363,47.3558],[-123.1042,47.3484],[-123.0309,47.3602],[-122.9222,47.4077],[-122.9169,47.418],[-123.0182,47.4011],[-123.0668,47.3997],[-123.0602,47.4537],[-123.0486,47.4793],[-122.9825,47.5594],[-122.9129,47.6074],[-122.8141,47.6585],[-122.7571,47.7005],[-122.7179,47.7621],[-122.6082,47.8355],[-122.5879,47.856],[-122.5927,47.9164],[-122.5857,47.9279],[-122.5328,47.9197],[-122.5108,47.8157],[-122.5239,47.7693],[-122.6184,47.7128],[-122.6302,47.6928],[-122.6136,47.6156],[-122.6283,47.6082],[-122.6643,47.6172],[-122.6755,47.6124],[-122.5858,47.5284],[-122.5574,47.4632],[-122.5536,47.4049],[-122.5779,47.2932],[-122.6039,47.2746],[-122.6486,47.2814],[-122.7077,47.3164],[-122.7209,47.3051],[-122.7678,47.2184],[-122.7833,47.226],[-122.8125,47.329],[-122.8285,47.3366],[-122.9195,47.2896],[-122.9562,47.2446],[-122.9876,47.1726],[-123.0276,47.1389],[-122.9142,47.1315],[-122.812,47.146],[-122.7299,47.1118],[-122.702,47.1109],[-122.6271,47.1442],[-122.6042,47.167],[-122.5422,47.2756],[-122.5111,47.295],[-122.4648,47.2958],[-122.4201,47.3121],[-122.3538,47.3716],[-122.3511,47.3952],[-122.3752,47.5284],[-122.3684,47.6039],[-122.3808,47.6278],[-122.4105,47.6526],[-122.4068,47.6768],[-122.3836,47.7165],[-122.382,47.7523],[-122.4018,47.7843],[-122.3929,47.8206],[-122.3303,47.8986],[-122.3185,47.9331],[-122.242,48.0107],[-122.2613,48.042],[-122.3175,48.0802],[-122.353,48.1138],[-122.3887,48.1664],[-122.4158,48.1839],[-122.4247,48.1759],[-122.3866,48.0899],[-122.3948,48.0841],[-122.494,48.1305],[-122.517,48.1597],[-122.5292,48.1993],[-122.5203,48.2291],[-122.467,48.2585],[-122.4034,48.2692],[-122.4085,48.2939],[-122.4884,48.3743],[-122.5417,48.4109],[-122.5826,48.4287],[-122.6378,48.4333],[-122.6625,48.4464],[-122.669,48.4652],[-122.6573,48.49],[-122.628,48.4979],[-122.5427,48.488],[-122.4968,48.5056],[-122.5011,48.5375],[-122.5148,48.5552],[-122.5127,48.6694],[-122.5451,48.7623],[-122.562,48.778],[-122.5802,48.7796],[-122.5994,48.7671],[-122.653,48.7639],[-122.6859,48.7943],[-122.7225,48.853],[-122.7888,48.993],[-122.6864,48.993],[-122.26,48.993],[-121.8336,48.993],[-121.4072,48.993],[-120.9809,48.993],[-120.5545,48.993],[-120.1281,48.993],[-119.7017,48.993],[-119.2753,48.9931],[-118.8489,48.9931],[-118.4226,48.9931],[-117.9962,48.9931],[-117.5698,48.9931],[-117.1434,48.9931],[-116.717,48.9931],[-116.2906,48.9931],[-115.8643,48.9931],[-115.4379,48.9931],[-115.0115,48.9931],[-114.5851,48.9931],[-114.1587,48.9931],[-113.7324,48.9931],[-113.306,48.9931],[-112.8796,48.9931],[-112.4532,48.9931],[-112.0268,48.9931],[-111.6004,48.9931],[-111.1741,48.9931],[-110.7477,48.9931],[-110.3213,48.9931],[-109.8949,48.9931],[-109.4686,48.9931],[-109.0421,48.9931],[-108.6158,48.9931],[-108.1894,48.9931],[-107.763,48.9931],[-107.3366,48.9931],[-106.9103,48.9931],[-106.4838,48.9931],[-106.0575,48.9931],[-105.6311,48.9931],[-105.2047,48.9931],[-104.7783,48.9931],[-104.352,48.9931],[-103.9256,48.9931],[-103.4992,48.9931],[-103.0728,48.9931],[-102.6464,48.9931],[-102.22,48.9931],[-101.7937,48.9931],[-101.3673,48.9931],[-100.9409,48.9931],[-100.5145,48.9931],[-100.0881,48.9931],[-99.6617,48.9931],[-99.2354,48.9931],[-98.809,48.9932],[-98.3826,48.9932],[-97.9562,48.9932],[-97.5298,48.9932],[-97.1035,48.9932],[-96.6771,48.9932],[-96.2507,48.9932],[-95.8243,48.9932],[-95.3979,48.9932],[-95.1621,48.9917],[-95.1583,49.2031],[-95.1553,49.3697],[-94.9394,49.3494],[-94.8748,49.319],[-94.8543,49.3046],[-94.8604,49.2586],[-94.8426,49.1192],[-94.8035,49.0029],[-94.7128,48.8634],[-94.7125,48.863],[-94.7051,48.8085],[-94.6753,48.7744],[-94.6209,48.7426],[-94.4142,48.7041],[-94.0552,48.659],[-93.8516,48.6073],[-93.8036,48.5489],[-93.7077,48.5254],[-93.5643,48.5369],[-93.4636,48.5613],[-93.3779,48.6166],[-93.258,48.6289],[-93.1552,48.6253],[-93.0517,48.6199],[-92.9962,48.6118],[-92.8367,48.5678],[-92.7327,48.5318],[-92.5833,48.4651],[-92.5006,48.4354],[-92.4609,48.3659],[-92.4146,48.2766],[-92.3484,48.2766],[-92.2987,48.3289],[-92.1718,48.3384],[-92.0052,48.3019],[-91.8584,48.1976],[-91.6473,48.1046],[-91.5183,48.0583],[-91.3872,48.0585],[-91.2207,48.1046],[-91.0435,48.1937],[-90.9161,48.2091],[-90.8403,48.2005],[-90.7973,48.1311],[-90.7444,48.1046],[-90.6071,48.1126],[-90.3201,48.0992],[-90.0918,48.1181],[-90.0399,48.0782],[-89.9937,48.0153],[-89.901,47.9955],[-89.7754,48.0153],[-89.5506,47.9999],[-89.4557,47.9962],[-89.2732,48.02],[-89.1856,48.0474],[-89.0626,48.0938],[-88.8987,48.1557],[-88.6118,48.264],[-88.3782,48.3031],[-88.1606,48.2254],[-87.9875,48.1569],[-87.9205,48.1304],[-87.7439,48.0605],[-87.4942,47.9618],[-87.208,47.8485],[-86.9218,47.7352],[-86.6722,47.6364],[-86.4956,47.5666],[-86.4286,47.5401],[-86.2345,47.4601],[-86.0404,47.38],[-85.8463,47.3],[-85.6522,47.22],[-85.4582,47.1399],[-85.2641,47.06],[-85.0701,46.9799],[-84.876,46.8999],[-84.8271,46.7668],[-84.7794,46.6373],[-84.6658,46.5433],[-84.5618,46.4574],[-84.5016,46.4619],[-84.4405,46.4981],[-84.4017,46.5156],[-84.3367,46.5185],[-84.1922,46.5496],[-84.1495,46.5428],[-84.1252,46.5272],[-84.1232,46.5029],[-84.1281,46.4836],[-84.1505,46.4448],[-84.1152,46.3708],[-84.1078,46.2886],[-84.0884,46.2265],[-84.0292,46.147],[-83.9778,46.0849],[-83.913,46.0729],[-83.7632,46.1091],[-83.6693,46.1228],[-83.616,46.1168],[-83.5248,46.0587],[-83.4801,46.0237],[-83.4695,45.9947],[-83.5927,45.8171],[-83.3973,45.7291],[-83.1793,45.6328],[-82.9193,45.518],[-82.7604,45.4477],[-82.5511,45.3474],[-82.5152,45.2044],[-82.4851,45.0837],[-82.4466,44.9155],[-82.4074,44.7439],[-82.3683,44.573],[-82.3268,44.3916],[-82.2812,44.1922],[-82.2408,44.0153],[-82.1966,43.8222],[-82.1378,43.5709],[-82.1904,43.4741],[-82.3048,43.2632],[-82.4082,43.0727],[-82.4172,43.0174],[-82.4883,42.7395],[-82.5453,42.6247],[-82.6451,42.5581],[-82.7442,42.4935],[-82.8678,42.3852],[-83.0037,42.3317],[-83.0731,42.3003],[-83.1095,42.2507],[-83.1497,42.1419],[-83.1419,41.9759],[-83.03,41.833],[-82.8662,41.753],[-82.69,41.6752],[-82.4391,41.6749],[-82.2133,41.7787],[-81.9742,41.8887],[-81.7609,41.9868],[-81.5073,42.1035],[-81.2776,42.2092],[-81.0282,42.2472],[-80.6826,42.2998],[-80.2476,42.366],[-80.0357,42.4415],[-79.762,42.539],[-79.4462,42.6515],[-79.1737,42.7485],[-79.0367,42.8023],[-78.9393,42.8637],[-78.9151,42.9091],[-78.9209,42.9352],[-78.946,42.9613],[-78.9808,42.9806],[-79.0117,42.997],[-79.0262,43.0173],[-79.0291,43.0618],[-79.048,43.0873],[-79.0661,43.1061],[-79.0592,43.2781],[-79.0831,43.3314],[-79.1719,43.4666],[-79.0025,43.5271],[-78.8456,43.5834],[-78.7204,43.625],[-78.4583,43.6315],[-78.2148,43.6307],[-77.8792,43.6295],[-77.5965,43.6286],[-77.2667,43.6275],[-77.0733,43.6269],[-76.82,43.6288],[-76.6965,43.7848],[-76.5861,43.9243],[-76.4646,44.0576],[-76.2485,44.2141],[-76.1858,44.2422],[-76.1512,44.304],[-76.0202,44.3626],[-75.8759,44.417],[-75.8193,44.468],[-75.7919,44.4971],[-75.4013,44.7723],[-75.1794,44.8994],[-74.9961,44.9701],[-74.8566,45.0039],[-74.7625,44.9991],[-74.7089,45.0039]]],[[[-72.5098,40.986],[-72.5809,40.9213],[-72.5166,40.9148],[-72.4613,40.9338],[-72.409,40.9722],[-72.2875,41.0241],[-72.1839,41.0468],[-72.1513,41.0515],[-72.1019,41.015],[-72.004,41.0443],[-71.9032,41.0607],[-72.339,40.8941],[-72.4281,40.8754],[-72.5556,40.8258],[-72.6761,40.7906],[-72.7628,40.7778],[-73.1943,40.6542],[-73.2285,40.6515],[-73.2655,40.6636],[-73.6209,40.5999],[-73.7667,40.5927],[-73.8996,40.5705],[-73.8013,40.6218],[-73.7992,40.641],[-73.8227,40.656],[-73.8752,40.6516],[-73.929,40.5988],[-74.0149,40.5812],[-74.032,40.6387],[-74.0034,40.6832],[-73.9646,40.7253],[-73.8792,40.7916],[-73.7572,40.8337],[-73.6952,40.87],[-73.6522,40.838],[-73.6428,40.8813],[-73.6098,40.9062],[-73.5738,40.9196],[-73.4874,40.92],[-73.4409,40.9268],[-73.4072,40.9411],[-73.3727,40.9438],[-73.2782,40.9242],[-73.1858,40.9298],[-73.1113,40.9569],[-73.0338,40.966],[-72.8288,40.9721],[-72.6251,40.9918],[-72.5437,41.027],[-72.3726,41.1255],[-72.2741,41.153],[-72.4274,41.0385],[-72.5098,40.986]]],[[[-68.1873,44.3325],[-68.2455,44.313],[-68.3093,44.3215],[-68.308,44.2687],[-68.3151,44.2497],[-68.3858,44.2769],[-68.4117,44.2943],[-68.4095,44.3643],[-68.347,44.4304],[-68.2994,44.4565],[-68.238,44.4384],[-68.1909,44.3644],[-68.1873,44.3325]]],[[[-74.1881,40.5229],[-74.2359,40.5187],[-74.1882,40.6146],[-74.1005,40.6584],[-74.0687,40.6493],[-74.0674,40.6154],[-74.0797,40.5865],[-74.1385,40.5418],[-74.1881,40.5229]]],[[[-70.5099,41.3763],[-70.7853,41.3274],[-70.8292,41.359],[-70.7605,41.3736],[-70.6737,41.4485],[-70.616,41.4572],[-70.5253,41.4148],[-70.5099,41.3763]]],[[[-71.2414,41.4919],[-71.2909,41.4646],[-71.3462,41.4694],[-71.3182,41.5063],[-71.3075,41.5605],[-71.2802,41.62],[-71.2645,41.6382],[-71.232,41.6543],[-71.2414,41.4919]]],[[[-69.9779,41.2656],[-70.0551,41.2495],[-70.2331,41.2863],[-70.0866,41.3176],[-70.0627,41.3285],[-70.0436,41.3744],[-70.0412,41.3975],[-69.9856,41.2986],[-69.9779,41.2656]]],[[[-75.6357,35.8559],[-75.6508,35.8356],[-75.7172,35.9461],[-75.6489,35.9104],[-75.6367,35.8807],[-75.6357,35.8559]]],[[[-75.5441,35.2401],[-75.6783,35.2128],[-75.6901,35.2216],[-75.5364,35.2786],[-75.4879,35.4795],[-75.4813,35.5721],[-75.5043,35.7354],[-75.5035,35.7691],[-75.4785,35.7165],[-75.4564,35.5642],[-75.4647,35.4486],[-75.5093,35.2803],[-75.5441,35.2401]]],[[[-75.7819,35.1902],[-75.9637,35.1188],[-75.9842,35.1231],[-75.8649,35.1741],[-75.7819,35.1902]]],[[[-76.5037,34.643],[-76.5286,34.6315],[-76.437,34.7563],[-76.2562,34.9147],[-76.2074,34.9389],[-76.3577,34.8037],[-76.5037,34.643]]],[[[-82.0372,26.4536],[-82.0729,26.4275],[-82.145,26.4467],[-82.1844,26.481],[-82.2014,26.548],[-82.1386,26.477],[-82.1161,26.4609],[-82.0372,26.4536]]],[[[-82.0838,26.5523],[-82.0852,26.4936],[-82.1356,26.592],[-82.1691,26.7007],[-82.1211,26.6655],[-82.0838,26.5523]]],[[[-80.3818,25.1423],[-80.5806,24.9542],[-80.5585,25.0013],[-80.4811,25.102],[-80.456,25.1493],[-80.4037,25.1793],[-80.3549,25.2336],[-80.3513,25.297],[-80.2805,25.3413],[-80.2571,25.3476],[-80.3818,25.1423]]],[[[-91.7937,29.5007],[-91.8309,29.4865],[-91.9962,29.5731],[-92.0066,29.6103],[-91.925,29.6439],[-91.8752,29.641],[-91.7965,29.597],[-91.7677,29.5847],[-91.7543,29.5669],[-91.7619,29.539],[-91.7937,29.5007]]],[[[-97.0144,27.9016],[-97.036,27.8992],[-96.9876,27.9811],[-96.9787,28.0139],[-96.8993,28.1175],[-96.8574,28.1329],[-96.8397,28.0888],[-96.9213,28.016],[-97.0144,27.9016]]],[[[-96.7644,28.1526],[-96.8011,28.1484],[-96.7556,28.2024],[-96.6816,28.2297],[-96.5193,28.3334],[-96.4531,28.3406],[-96.4187,28.3763],[-96.4036,28.3816],[-96.4133,28.3378],[-96.5439,28.2756],[-96.7644,28.1526]]],[[[-97.3536,27.3],[-97.3848,27.2425],[-97.3762,27.3283],[-97.295,27.5231],[-97.13,27.7792],[-97.0605,27.822],[-97.2509,27.5412],[-97.3536,27.3]]],[[[-95.0397,29.1459],[-95.0896,29.1363],[-94.8717,29.2901],[-94.826,29.3413],[-94.7676,29.3391],[-94.8649,29.2529],[-95.0397,29.1459]]],[[[-97.1707,26.1594],[-97.1845,26.1129],[-97.2673,26.3298],[-97.4021,26.8205],[-97.4072,27.1002],[-97.386,27.1965],[-97.3512,26.8015],[-97.2022,26.2998],[-97.1707,26.1594]]],[[[-120.3066,34.0249],[-120.3597,34.0223],[-120.4416,34.0329],[-120.4129,34.0563],[-120.3677,34.0733],[-120.3533,34.0606],[-120.3066,34.0249]]],[[[-119.438,33.2172],[-119.4825,33.2153],[-119.5437,33.2246],[-119.5752,33.2783],[-119.5251,33.282],[-119.4788,33.2746],[-119.442,33.2324],[-119.438,33.2172]]],[[[-118.3504,32.8276],[-118.4086,32.8185],[-118.4732,32.8389],[-118.5289,32.9356],[-118.5902,33.0112],[-118.5571,33.0327],[-118.5075,32.9599],[-118.3832,32.8495],[-118.3504,32.8276]]],[[[-120.0436,33.9188],[-120.1139,33.9049],[-120.1671,33.9181],[-120.2519,34.0139],[-120.0718,34.0265],[-119.9944,33.9849],[-119.9839,33.9733],[-120.0436,33.9188]]],[[[-119.8824,34.0797],[-119.6789,34.0285],[-119.5691,34.053],[-119.5493,34.0282],[-119.5622,34.0066],[-119.8096,33.9678],[-119.8855,33.9949],[-119.8924,34.0322],[-119.9181,34.0678],[-119.8824,34.0797]]],[[[-118.3479,33.3857],[-118.2975,33.3121],[-118.3702,33.3212],[-118.4463,33.3171],[-118.4693,33.3571],[-118.492,33.4128],[-118.5073,33.427],[-118.5594,33.432],[-118.5633,33.4371],[-118.5694,33.4642],[-118.5548,33.4771],[-118.3917,33.4151],[-118.3479,33.3857]]],[[[-122.7821,48.6727],[-122.7688,48.651],[-122.809,48.6298],[-122.8376,48.6266],[-122.8831,48.6606],[-122.903,48.6647],[-122.887,48.6123],[-122.8925,48.5945],[-122.9856,48.6267],[-123.0028,48.6522],[-122.9767,48.6791],[-122.918,48.707],[-122.8977,48.7104],[-122.7821,48.6727]]],[[[-123.0131,48.5009],[-122.9868,48.468],[-123.0944,48.4891],[-123.1399,48.508],[-123.1534,48.5263],[-123.1696,48.5867],[-123.1622,48.6064],[-123.1142,48.6133],[-123.0242,48.5385],[-123.0131,48.5009]]],[[[-122.5728,48.1566],[-122.5238,48.0254],[-122.5028,48.0801],[-122.3667,47.9854],[-122.3666,47.9388],[-122.3832,47.9232],[-122.4114,47.9177],[-122.4376,47.9313],[-122.4616,47.964],[-122.4923,47.9813],[-122.5575,47.9925],[-122.5914,48.0296],[-122.6032,48.055],[-122.6063,48.1286],[-122.6227,48.1514],[-122.6573,48.1565],[-122.6904,48.1739],[-122.7415,48.2253],[-122.7487,48.239],[-122.7245,48.2809],[-122.669,48.351],[-122.6286,48.3842],[-122.6035,48.3806],[-122.5725,48.3596],[-122.5355,48.3212],[-122.5424,48.294],[-122.6921,48.2411],[-122.697,48.2287],[-122.6244,48.2138],[-122.5976,48.2004],[-122.5728,48.1566]]],[[[-71.3653,41.4853],[-71.3931,41.4667],[-71.4034,41.515],[-71.384,41.5706],[-71.3643,41.5718],[-71.3545,41.5423],[-71.3653,41.4853]]],[[[-74.1332,39.6808],[-74.2505,39.5294],[-74.2532,39.5585],[-74.1067,39.7464],[-74.1332,39.6808]]],[[[-75.3331,37.8883],[-75.3785,37.8721],[-75.226,38.0723],[-75.1374,38.2401],[-75.0979,38.2981],[-75.1362,38.1805],[-75.2032,38.0724],[-75.3331,37.8883]]],[[[-76.5462,34.6549],[-76.5685,34.6525],[-76.6078,34.6636],[-76.662,34.6847],[-76.6739,34.7001],[-76.6223,34.6945],[-76.5462,34.6549]]],[[[-81.3348,24.6505],[-81.3648,24.6299],[-81.3791,24.6363],[-81.3791,24.6663],[-81.4217,24.7326],[-81.4201,24.75],[-81.3223,24.6851],[-81.3198,24.6676],[-81.3348,24.6505]]],[[[-80.8294,24.8037],[-80.8483,24.8037],[-80.8389,24.8179],[-80.7994,24.8463],[-80.7852,24.8353],[-80.7868,24.821],[-80.8294,24.8037]]],[[[-80.6383,24.9032],[-80.6651,24.8984],[-80.6257,24.9411],[-80.6146,24.9379],[-80.6383,24.9032]]],[[[-81.0442,24.7168],[-81.09,24.6931],[-81.1374,24.7105],[-81.0853,24.7342],[-80.9305,24.7595],[-80.9889,24.7279],[-81.0442,24.7168]]],[[[-81.419,30.9714],[-81.4635,30.7278],[-81.4827,30.8141],[-81.4846,30.8979],[-81.4509,30.9474],[-81.419,30.9714]]],[[[-81.5667,24.5999],[-81.6315,24.59],[-81.5792,24.6294],[-81.5623,24.6892],[-81.5316,24.6425],[-81.5322,24.6142],[-81.5667,24.5999]]],[[[-80.1868,27.2784],[-80.1705,27.2048],[-80.2625,27.3756],[-80.3761,27.6434],[-80.4369,27.8505],[-80.3958,27.7945],[-80.3555,27.6786],[-80.1868,27.2784]]],[[[-81.7838,24.5446],[-81.8092,24.5423],[-81.8114,24.5578],[-81.7677,24.5767],[-81.7387,24.5754],[-81.7397,24.5545],[-81.7838,24.5446]]],[[[-88.8893,29.7126],[-88.9436,29.6603],[-88.9411,29.6802],[-88.9012,29.7326],[-88.8727,29.753],[-88.8893,29.7126]]],[[[-88.5581,30.2159],[-88.5707,30.2048],[-88.6592,30.2256],[-88.7131,30.2449],[-88.7229,30.2643],[-88.574,30.2292],[-88.5581,30.2159]]],[[[-88.0713,30.2523],[-88.1593,30.2309],[-88.2897,30.2329],[-88.3163,30.2404],[-88.2639,30.2547],[-88.1094,30.2737],[-88.0713,30.2523]]],[[[-89.224,30.0841],[-89.2205,30.0376],[-89.2694,30.0607],[-89.342,30.0628],[-89.3101,30.0787],[-89.2876,30.0942],[-89.2765,30.1108],[-89.1847,30.1687],[-89.2107,30.1262],[-89.224,30.0841]]],[[[-88.8274,29.8077],[-88.8557,29.7759],[-88.828,29.9284],[-88.8669,30.0567],[-88.8259,30.0004],[-88.8126,29.9334],[-88.8274,29.8077]]],[[[-84.9079,29.6426],[-85.0083,29.6066],[-85.1167,29.6328],[-85.0493,29.6378],[-85.0005,29.6272],[-84.877,29.6787],[-84.8122,29.7176],[-84.7372,29.7324],[-84.9079,29.6426]]],[[[-122.8531,47.2047],[-122.8626,47.1851],[-122.8768,47.1861],[-122.908,47.2261],[-122.9119,47.2543],[-122.8851,47.2747],[-122.8492,47.2163],[-122.8531,47.2047]]],[[[-122.3941,47.3953],[-122.3987,47.3725],[-122.4371,47.3548],[-122.457,47.3593],[-122.4582,47.3861],[-122.4686,47.3902],[-122.5099,47.358],[-122.5068,47.4217],[-122.4865,47.4888],[-122.4686,47.49],[-122.4421,47.4461],[-122.3941,47.3953]]],[[[-122.4973,47.5946],[-122.5026,47.5754],[-122.5578,47.5983],[-122.5759,47.6195],[-122.5737,47.6668],[-122.5601,47.6978],[-122.5498,47.704],[-122.5172,47.6906],[-122.5079,47.6827],[-122.4973,47.5946]]],[[[-122.8209,48.4313],[-122.8366,48.4215],[-122.89,48.4347],[-122.9216,48.4569],[-122.9323,48.4848],[-122.9122,48.538],[-122.8855,48.5516],[-122.8689,48.5486],[-122.8619,48.5019],[-122.8146,48.4523],[-122.8209,48.4313]]],[[[-68.6232,44.196],[-68.6612,44.1763],[-68.7017,44.1827],[-68.703,44.232],[-68.6908,44.2487],[-68.6768,44.2562],[-68.656,44.2423],[-68.6232,44.196]]]]}},{"type":"Feature","properties":{"isoName":"BRA","fullName":"Brazil","alternativeNames":[],"centreCoords":[-12,-49],"capitalCity":"Brasilia"},"geometry":{"type":"MultiPolygon","coordinates":[[[[-66.876,1.223],[-66.619,0.9921],[-66.4292,0.8217],[-66.3471,0.7672],[-66.3017,0.752],[-66.1912,0.7633],[-66.0601,0.7854],[-65.9963,0.8098],[-65.9259,0.8631],[-65.8113,0.9373],[-65.7181,0.978],[-65.6814,0.9834],[-65.6447,0.9704],[-65.566,0.9261],[-65.523,0.8434],[-65.5627,0.7475],[-65.5561,0.688],[-65.4734,0.6913],[-65.4072,0.7905],[-65.3608,0.8687],[-65.264,0.9319],[-65.1696,1.0222],[-65.1038,1.1081],[-65.0266,1.1584],[-64.9101,1.2197],[-64.818,1.2571],[-64.7315,1.2533],[-64.6674,1.2938],[-64.5844,1.3699],[-64.5263,1.431],[-64.486,1.4528],[-64.4051,1.4469],[-64.3042,1.4553],[-64.205,1.5295],[-64.1148,1.6193],[-64.067,1.7705],[-64.0354,1.9044],[-64.0085,1.9316],[-63.9758,1.953],[-63.9372,1.967],[-63.8445,1.9767],[-63.6821,2.0481],[-63.5703,2.1205],[-63.4639,2.136],[-63.4325,2.1556],[-63.3939,2.2225],[-63.3749,2.3404],[-63.3893,2.4119],[-63.5846,2.4339],[-63.7125,2.434],[-63.9242,2.4524],[-64.0249,2.4819],[-64.0466,2.5024],[-64.0488,2.5251],[-64.0287,2.5761],[-64.009,2.6719],[-64.0378,2.8015],[-64.1436,3.0049],[-64.2188,3.2047],[-64.2288,3.344],[-64.2271,3.4912],[-64.2211,3.5874],[-64.2753,3.6627],[-64.5679,3.8998],[-64.669,4.0118],[-64.7026,4.0893],[-64.8179,4.2323],[-64.7887,4.276],[-64.7223,4.2744],[-64.6655,4.2371],[-64.6137,4.1577],[-64.5764,4.1399],[-64.5255,4.14],[-64.2557,4.1403],[-64.1925,4.1269],[-64.1543,4.1001],[-64.1217,4.067],[-64.0734,3.9744],[-64.0215,3.9291],[-63.9146,3.9307],[-63.747,3.9326],[-63.6529,3.9408],[-63.5966,3.915],[-63.5268,3.8937],[-63.3798,3.9429],[-63.3387,3.9439],[-63.2947,3.9223],[-63.1362,3.7564],[-63.0453,3.6865],[-62.9687,3.5939],[-62.857,3.5935],[-62.7646,3.6729],[-62.7399,3.9403],[-62.7121,4.0179],[-62.6653,4.0396],[-62.6098,4.0423],[-62.5439,4.0843],[-62.4726,4.1385],[-62.4106,4.1567],[-62.1531,4.0984],[-62.0816,4.1263],[-61.8209,4.197],[-61.5542,4.2878],[-61.4794,4.4022],[-61.3675,4.433],[-61.2801,4.5169],[-61.2094,4.5081],[-61.1024,4.5047],[-61.0363,4.5193],[-61.0028,4.5353],[-60.9664,4.5747],[-60.9062,4.6868],[-60.8334,4.7292],[-60.7417,4.7741],[-60.6791,4.8271],[-60.6276,4.8925],[-60.6039,4.9494],[-60.6045,4.9946],[-60.635,5.082],[-60.672,5.1644],[-60.712,5.1916],[-60.7421,5.2021],[-60.6514,5.2211],[-60.5764,5.1925],[-60.4595,5.1881],[-60.4088,5.2102],[-60.3352,5.1993],[-60.2416,5.258],[-60.1817,5.2388],[-60.142,5.2388],[-60.106,5.1942],[-60.0781,5.144],[-59.9907,5.0829],[-59.9994,4.9898],[-60.0155,4.9075],[-60.0268,4.8127],[-60.0318,4.7405],[-60.0689,4.6666],[-60.1246,4.5977],[-60.1409,4.5696],[-60.1486,4.5333],[-60.1111,4.5112],[-60.045,4.5046],[-59.9624,4.5017],[-59.9061,4.4803],[-59.8334,4.4759],[-59.7458,4.4166],[-59.7033,4.3811],[-59.6997,4.3535],[-59.7275,4.2876],[-59.7386,4.2268],[-59.7169,4.1882],[-59.6912,4.1604],[-59.6202,4.0231],[-59.5864,3.9754],[-59.5578,3.96],[-59.5511,3.9335],[-59.5754,3.8834],[-59.6044,3.8197],[-59.6702,3.7527],[-59.679,3.6998],[-59.7316,3.6666],[-59.8544,3.5875],[-59.8331,3.4622],[-59.8288,3.3986],[-59.8312,3.3492],[-59.873,3.2831],[-59.9457,3.0878],[-59.9723,2.9905],[-59.9959,2.7654],[-59.9943,2.69],[-59.9608,2.5884],[-59.8896,2.3629],[-59.8491,2.3271],[-59.7552,2.2741],[-59.7435,2.1216],[-59.7518,1.9624],[-59.7562,1.9006],[-59.7407,1.8742],[-59.6985,1.8615],[-59.6685,1.8423],[-59.6638,1.7952],[-59.6666,1.7463],[-59.5966,1.718],[-59.5357,1.7],[-59.4794,1.6324],[-59.3777,1.5273],[-59.3373,1.5082],[-59.317,1.4646],[-59.2312,1.376],[-59.1004,1.3437],[-58.9685,1.3046],[-58.9166,1.2489],[-58.8625,1.2036],[-58.8218,1.2012],[-58.7872,1.2085],[-58.7303,1.2475],[-58.6846,1.2811],[-58.6051,1.2792],[-58.5119,1.2847],[-58.4957,1.3123],[-58.4869,1.3478],[-58.5061,1.4387],[-58.4729,1.4663],[-58.3958,1.4817],[-58.3804,1.5302],[-58.3627,1.5567],[-58.3407,1.5875],[-58.3142,1.5919],[-58.2812,1.5743],[-58.2304,1.5633],[-58.1731,1.5479],[-58.1422,1.517],[-58.0913,1.5144],[-58.0347,1.5203],[-58.0118,1.5399],[-57.9951,1.5743],[-57.9828,1.6484],[-57.9463,1.6506],[-57.8734,1.6673],[-57.7957,1.7],[-57.6917,1.7048],[-57.5944,1.7041],[-57.5458,1.7261],[-57.5004,1.7738],[-57.4127,1.9089],[-57.3668,1.9401],[-57.3175,1.9635],[-57.2756,1.9592],[-57.1896,1.9816],[-57.1189,2.014],[-57.0927,2.0058],[-57.0376,1.9365],[-57.0101,1.9212],[-56.9695,1.9164],[-56.8367,1.8813],[-56.7663,1.8922],[-56.6898,1.9143],[-56.6165,1.9227],[-56.5636,1.9072],[-56.5255,1.9272],[-56.4828,1.9421],[-56.4528,1.9323],[-56.3858,1.9239],[-56.2271,1.8854],[-56.0199,1.8422],[-55.9633,1.8571],[-55.9296,1.8875],[-55.9216,1.9767],[-55.9153,2.0396],[-55.962,2.0951],[-56.0201,2.1582],[-56.0736,2.2368],[-56.1377,2.259],[-56.1294,2.2995],[-56.0878,2.3413],[-56.0451,2.3644],[-56.0204,2.3928],[-55.9935,2.4975],[-55.9756,2.516],[-55.9575,2.5205],[-55.9359,2.5166],[-55.8937,2.4895],[-55.7306,2.4062],[-55.6589,2.4188],[-55.3854,2.4406],[-55.344,2.4888],[-55.286,2.4997],[-55.1877,2.5475],[-55.1488,2.5508],[-55.1141,2.5392],[-55.0703,2.5483],[-55.0058,2.593],[-54.9787,2.5977],[-54.9684,2.5483],[-54.9266,2.4974],[-54.8761,2.4504],[-54.8517,2.4396],[-54.7668,2.4547],[-54.7222,2.4417],[-54.7029,2.3979],[-54.6974,2.3598],[-54.6619,2.3275],[-54.6163,2.3268],[-54.5919,2.3138],[-54.5505,2.2931],[-54.5151,2.2455],[-54.4331,2.2075],[-54.2931,2.1542],[-54.228,2.1533],[-54.1674,2.1371],[-54.1301,2.121],[-54.0897,2.1505],[-53.9464,2.2326],[-53.8766,2.2783],[-53.8295,2.3129],[-53.7942,2.346],[-53.7678,2.3548],[-53.7501,2.335],[-53.7347,2.3085],[-53.6837,2.2929],[-53.564,2.2619],[-53.509,2.2531],[-53.4318,2.2794],[-53.366,2.3242],[-53.3344,2.3397],[-53.2855,2.2952],[-53.2522,2.2323],[-53.2298,2.2049],[-53.1801,2.2113],[-53.0823,2.2017],[-53.0097,2.1817],[-52.9648,2.1835],[-52.9035,2.2115],[-52.8704,2.2666],[-52.7834,2.3172],[-52.7006,2.3637],[-52.6532,2.4257],[-52.583,2.5289],[-52.5595,2.5731],[-52.5547,2.6477],[-52.4559,2.8642],[-52.4184,2.9039],[-52.3964,2.9722],[-52.3566,3.0516],[-52.3566,3.1177],[-52.3279,3.1817],[-52.2712,3.2371],[-52.2294,3.2717],[-52.1626,3.3647],[-52.1161,3.4523],[-51.9995,3.6469],[-51.9906,3.702],[-51.9443,3.7351],[-51.9289,3.777],[-51.8795,3.8286],[-51.8275,3.8696],[-51.8053,3.9299],[-51.7671,3.9927],[-51.6834,4.0397],[-51.6525,4.0613],[-51.5578,4.2338],[-51.5471,4.3109],[-51.4615,4.3138],[-51.3271,4.2248],[-51.2199,4.0936],[-51.0763,3.6717],[-51.0524,3.2818],[-50.9941,3.0775],[-50.8272,2.6519],[-50.8165,2.573],[-50.7897,2.4778],[-50.737,2.3768],[-50.6788,2.2104],[-50.6766,2.1794],[-50.7144,2.134],[-50.6589,2.131],[-50.6087,2.1041],[-50.5759,1.9986],[-50.5344,1.9272],[-50.4589,1.8296],[-50.3043,1.7977],[-50.1876,1.786],[-50.0547,1.7307],[-49.9571,1.6599],[-49.8816,1.4199],[-49.9062,1.269],[-49.8989,1.163],[-49.9379,1.1214],[-50.0472,1.052],[-50.071,1.0151],[-50.2944,0.8357],[-50.3433,0.751],[-50.463,0.6373],[-50.5815,0.4205],[-50.7551,0.2226],[-50.8164,0.1726],[-50.9102,0.161],[-50.9671,0.1303],[-51.102,-0.0312],[-51.2829,-0.0852],[-51.2996,-0.1788],[-51.4042,-0.3927],[-51.4963,-0.5095],[-51.555,-0.5491],[-51.7026,-0.7623],[-51.7215,-0.8555],[-51.7206,-1.0185],[-51.8191,-1.1178],[-51.9216,-1.1809],[-51.9345,-1.3203],[-51.9808,-1.368],[-52.0205,-1.399],[-52.2292,-1.3625],[-52.5534,-1.5141],[-52.6642,-1.5518],[-52.3103,-1.5596],[-52.1967,-1.6401],[-51.9476,-1.5867],[-51.6463,-1.3943],[-51.5312,-1.3541],[-51.2974,-1.2235],[-51.2023,-1.1365],[-51.029,-1.0321],[-50.992,-0.9863],[-50.8949,-0.9376],[-50.8423,-0.9996],[-50.8382,-1.0389],[-50.9179,-1.1152],[-50.8972,-1.1645],[-50.8446,-1.2263],[-50.8255,-1.3114],[-50.8187,-1.3763],[-50.7861,-1.4899],[-50.679,-1.6438],[-50.6753,-1.6947],[-50.69,-1.7617],[-50.6388,-1.8171],[-50.5856,-1.8499],[-50.4032,-2.0155],[-50.2604,-1.9229],[-50.1727,-1.8962],[-50.1166,-1.8575],[-49.9992,-1.8318],[-49.903,-1.8706],[-49.7195,-1.9264],[-49.5854,-1.8672],[-49.3137,-1.7317],[-49.3986,-1.9716],[-49.4602,-2.1915],[-49.507,-2.2803],[-49.5534,-2.5199],[-49.5993,-2.5839],[-49.6365,-2.6569],[-49.5759,-2.6314],[-49.5239,-2.5969],[-49.4575,-2.5046],[-49.4077,-2.3443],[-49.211,-1.9165],[-49.1548,-1.8785],[-48.9913,-1.8298],[-48.71,-1.4877],[-48.6,-1.4888],[-48.5296,-1.5675],[-48.4629,-1.614],[-48.4459,-1.5204],[-48.3498,-1.4821],[-48.4515,-1.4358],[-48.4681,-1.3938],[-48.4777,-1.3238],[-48.4086,-1.2292],[-48.4498,-1.1455],[-48.3065,-1.0398],[-48.3176,-0.9605],[-48.2665,-0.8951],[-48.2018,-0.8279],[-48.1285,-0.7952],[-48.1151,-0.7375],[-48.0688,-0.7137],[-48.0326,-0.7051],[-47.9609,-0.7696],[-47.8834,-0.6934],[-47.8077,-0.6635],[-47.7737,-0.6768],[-47.7315,-0.7104],[-47.6871,-0.7248],[-47.6511,-0.7188],[-47.5573,-0.6699],[-47.4707,-0.7485],[-47.4187,-0.7659],[-47.4329,-0.7219],[-47.4604,-0.681],[-47.4391,-0.6477],[-47.3981,-0.6267],[-47.2686,-0.6454],[-47.2005,-0.6805],[-47.1269,-0.7454],[-47.0246,-0.7502],[-46.9443,-0.7434],[-46.8937,-0.7799],[-46.8112,-0.7797],[-46.7699,-0.8365],[-46.6444,-0.9164],[-46.6172,-0.9706],[-46.5163,-0.9969],[-46.4217,-1.0301],[-46.3209,-1.0392],[-46.2191,-1.0312],[-46.215,-1.0998],[-46.1404,-1.1184],[-46.0446,-1.103],[-45.9723,-1.1874],[-45.7788,-1.2508],[-45.6448,-1.3479],[-45.5569,-1.3307],[-45.4586,-1.3562],[-45.353,-1.5674],[-45.3291,-1.7173],[-45.2821,-1.6966],[-45.2386,-1.6295],[-45.1821,-1.507],[-45.0764,-1.4664],[-45.0258,-1.5135],[-44.9198,-1.5889],[-44.8284,-1.6717],[-44.7898,-1.7248],[-44.7211,-1.7335],[-44.7785,-1.7988],[-44.7209,-1.7923],[-44.6513,-1.7458],[-44.5917,-1.8418],[-44.5468,-1.9463],[-44.5378,-2.0527],[-44.58,-2.1139],[-44.6173,-2.1521],[-44.6586,-2.2275],[-44.7075,-2.2411],[-44.7563,-2.2655],[-44.7006,-2.3204],[-44.6624,-2.3732],[-44.579,-2.2305],[-44.5204,-2.1903],[-44.4354,-2.1681],[-44.3913,-2.2696],[-44.3818,-2.3655],[-44.5201,-2.4055],[-44.5207,-2.4813],[-44.562,-2.5242],[-44.589,-2.5734],[-44.6108,-2.6769],[-44.639,-2.7625],[-44.7214,-3.1423],[-44.723,-3.2048],[-44.6227,-3.1379],[-44.4375,-2.9444],[-44.3812,-2.7384],[-44.3082,-2.5352],[-44.2286,-2.4713],[-44.1794,-2.4712],[-44.1056,-2.4935],[-44.1014,-2.5601],[-44.1126,-2.5985],[-44.1916,-2.6996],[-44.2252,-2.755],[-44.1927,-2.8096],[-44.0132,-2.6422],[-43.9329,-2.5835],[-43.8645,-2.5954],[-43.7286,-2.5182],[-43.4551,-2.5021],[-43.4346,-2.4137],[-43.3801,-2.3761],[-43.2297,-2.386],[-42.9367,-2.465],[-42.8323,-2.5296],[-42.6759,-2.5896],[-42.5936,-2.661],[-42.2496,-2.792],[-41.9999,-2.8061],[-41.8762,-2.7466],[-41.7219,-2.8089],[-41.6401,-2.8786],[-41.4799,-2.9165],[-41.3182,-2.9362],[-41.1945,-2.8861],[-40.8756,-2.8696],[-40.4746,-2.7956],[-40.2354,-2.8132],[-39.9647,-2.8615],[-39.7718,-2.9858],[-39.6094,-3.0562],[-39.5112,-3.1256],[-39.3527,-3.1974],[-39.0144,-3.3902],[-38.896,-3.5018],[-38.6862,-3.6537],[-38.4758,-3.7175],[-38.3619,-3.8765],[-38.2719,-3.948],[-38.0488,-4.2164],[-37.7957,-4.4043],[-37.6263,-4.5921],[-37.3015,-4.7131],[-37.1747,-4.9124],[-36.9549,-4.9367],[-36.8611,-4.9666],[-36.7474,-5.0507],[-36.5907,-5.0976],[-36.3867,-5.0843],[-36.1618,-5.0938],[-35.9799,-5.0544],[-35.5494,-5.1294],[-35.4817,-5.166],[-35.3926,-5.2509],[-35.2354,-5.5667],[-35.1417,-5.9172],[-35.0955,-6.1854],[-34.9882,-6.3937],[-34.9296,-6.7851],[-34.8799,-6.9082],[-34.876,-7.0029],[-34.8339,-7.0244],[-34.8055,-7.2884],[-34.8166,-7.3948],[-34.8578,-7.5333],[-34.8608,-7.595],[-34.8548,-7.6343],[-34.873,-7.6921],[-34.8786,-7.7475],[-34.8369,-7.8718],[-34.8347,-7.9715],[-34.8905,-8.0922],[-34.9667,-8.4076],[-35.1578,-8.9306],[-35.3409,-9.2307],[-35.5971,-9.5406],[-35.764,-9.7025],[-35.8301,-9.719],[-35.8908,-9.687],[-35.8478,-9.7725],[-35.8854,-9.8477],[-36.055,-10.0758],[-36.2235,-10.2251],[-36.3983,-10.4841],[-36.4116,-10.4899],[-36.6357,-10.5899],[-36.7683,-10.6717],[-36.9378,-10.8204],[-37.0934,-11.0548],[-37.1255,-11.085],[-37.1828,-11.0685],[-37.1812,-11.1875],[-37.3151,-11.376],[-37.356,-11.4039],[-37.3549,-11.3505],[-37.3316,-11.3099],[-37.3208,-11.2666],[-37.3218,-11.2151],[-37.3592,-11.2525],[-37.4385,-11.3938],[-37.4118,-11.4973],[-37.4693,-11.6536],[-37.6887,-12.1],[-37.9573,-12.4755],[-38.0192,-12.5913],[-38.2397,-12.8442],[-38.4018,-12.9662],[-38.4473,-12.9671],[-38.4989,-12.9566],[-38.5249,-12.7623],[-38.654,-12.6446],[-38.691,-12.6239],[-38.7439,-12.7485],[-38.788,-12.7827],[-38.8518,-12.7901],[-38.7836,-12.8444],[-38.7637,-12.9072],[-38.8332,-13.0329],[-38.8353,-13.1472],[-38.9592,-13.273],[-39.0309,-13.3651],[-39.0674,-13.4805],[-39.0894,-13.5882],[-39.0349,-13.5588],[-39.0091,-13.5814],[-38.9886,-13.615],[-39.0012,-13.6646],[-39.0411,-13.7581],[-39.0349,-13.991],[-39.0481,-14.0439],[-39.0085,-14.1012],[-38.9665,-14.0034],[-38.9423,-14.0307],[-39.0596,-14.6548],[-39.0134,-14.9356],[-38.9962,-15.2538],[-38.9432,-15.5644],[-38.8853,-15.842],[-38.8806,-15.8643],[-38.9608,-16.1865],[-39.0632,-16.5044],[-39.125,-16.7636],[-39.164,-17.0436],[-39.2029,-17.1781],[-39.2152,-17.3158],[-39.1706,-17.6421],[-39.154,-17.7039],[-39.2784,-17.8494],[-39.4126,-17.92],[-39.4868,-17.9901],[-39.6508,-18.2523],[-39.7398,-18.6398],[-39.7419,-18.846],[-39.6999,-19.2778],[-39.7314,-19.4539],[-39.7833,-19.5718],[-39.8447,-19.6491],[-40.0014,-19.742],[-40.1417,-19.9683],[-40.2027,-20.2061],[-40.2989,-20.2927],[-40.3186,-20.4258],[-40.3959,-20.5694],[-40.5966,-20.7838],[-40.7271,-20.8462],[-40.7893,-20.9061],[-40.8288,-21.0313],[-40.9545,-21.2379],[-41.0473,-21.5057],[-41.0231,-21.5969],[-41.0216,-21.6108],[-40.9878,-21.9203],[-41.0003,-21.999],[-41.1225,-22.0844],[-41.5829,-22.2437],[-41.7055,-22.3097],[-41.9804,-22.5807],[-41.9976,-22.6446],[-41.9861,-22.7358],[-41.9409,-22.7883],[-41.9875,-22.8451],[-42.0424,-22.9471],[-42.1225,-22.9408],[-42.5811,-22.941],[-42.8293,-22.9733],[-42.9583,-22.9671],[-43.0162,-22.9426],[-43.0812,-22.9025],[-43.1007,-22.8501],[-43.0654,-22.7707],[-43.0863,-22.7233],[-43.1543,-22.7252],[-43.229,-22.7477],[-43.2419,-22.7951],[-43.2366,-22.8288],[-43.2088,-22.8781],[-43.1936,-22.9386],[-43.2242,-22.9912],[-43.3695,-22.998],[-43.5328,-23.0464],[-43.7365,-23.0666],[-43.8988,-23.1015],[-43.9738,-23.0573],[-43.8988,-23.0353],[-43.7914,-23.046],[-43.676,-23.0095],[-43.7029,-22.9663],[-43.8662,-22.9105],[-44.0475,-22.9447],[-44.148,-23.011],[-44.3679,-23.005],[-44.6373,-23.0555],[-44.6812,-23.1069],[-44.6738,-23.2066],[-44.6211,-23.2285],[-44.5697,-23.274],[-44.6191,-23.3164],[-44.6672,-23.3352],[-44.9517,-23.3814],[-45.2154,-23.5756],[-45.3254,-23.5997],[-45.4233,-23.6854],[-45.4334,-23.7585],[-45.4643,-23.8025],[-45.5271,-23.8048],[-45.6646,-23.7648],[-45.8432,-23.7637],[-45.9721,-23.7955],[-46.6308,-24.1104],[-46.8673,-24.2363],[-47.1372,-24.4932],[-47.5922,-24.7811],[-47.8312,-24.9529],[-47.8766,-24.9975],[-47.9143,-24.9999],[-47.9892,-25.0357],[-47.9594,-25.0654],[-47.9083,-25.0682],[-47.9294,-25.1683],[-48.0244,-25.2367],[-48.2027,-25.4165],[-48.2424,-25.4033],[-48.1859,-25.3099],[-48.2735,-25.3063],[-48.4025,-25.2721],[-48.4585,-25.3107],[-48.4276,-25.4033],[-48.4761,-25.443],[-48.5642,-25.4475],[-48.644,-25.4365],[-48.7317,-25.3687],[-48.6922,-25.4915],[-48.507,-25.5213],[-48.4299,-25.5502],[-48.4012,-25.5974],[-48.5452,-25.8159],[-48.6658,-25.8443],[-48.679,-25.8752],[-48.6128,-25.875],[-48.5763,-25.9354],[-48.6194,-26.1794],[-48.679,-26.2258],[-48.7138,-26.227],[-48.7483,-26.2687],[-48.7007,-26.3483],[-48.6516,-26.4064],[-48.6582,-26.5191],[-48.6765,-26.6124],[-48.6777,-26.7029],[-48.6157,-26.8781],[-48.5934,-27.058],[-48.5684,-27.1234],[-48.5541,-27.196],[-48.5955,-27.2639],[-48.572,-27.3728],[-48.6426,-27.5579],[-48.6057,-27.8252],[-48.6208,-28.0756],[-48.6484,-28.2072],[-48.6932,-28.3102],[-48.7973,-28.4427],[-48.7997,-28.5753],[-49.0236,-28.6986],[-49.2713,-28.8712],[-49.4999,-29.0754],[-49.746,-29.3632],[-50.0333,-29.801],[-50.2995,-30.4258],[-50.62,-30.8977],[-50.7481,-31.0681],[-50.9214,-31.2584],[-51.1518,-31.4804],[-51.4604,-31.7024],[-51.7981,-31.9003],[-51.9202,-31.9896],[-52.0392,-32.1148],[-52.0689,-32.0631],[-52.0432,-31.9775],[-52.0596,-31.9135],[-52.0632,-31.8304],[-51.9951,-31.815],[-51.8932,-31.8678],[-51.8412,-31.832],[-51.8034,-31.7967],[-51.6807,-31.7746],[-51.4462,-31.5573],[-51.2722,-31.477],[-51.1743,-31.3397],[-51.1575,-31.2668],[-51.1614,-31.1188],[-51.106,-31.0813],[-50.9801,-31.0942],[-50.9544,-31.0521],[-50.9653,-31.0055],[-50.9408,-30.9037],[-50.7702,-30.8134],[-50.6893,-30.7042],[-50.7163,-30.426],[-50.6851,-30.4135],[-50.6148,-30.4568],[-50.5819,-30.4389],[-50.5465,-30.3169],[-50.5635,-30.2536],[-50.6462,-30.2368],[-50.9319,-30.3743],[-51.025,-30.3687],[-51.0404,-30.2606],[-51.1793,-30.211],[-51.2336,-30.1214],[-51.2499,-30.06],[-51.298,-30.0349],[-51.295,-30.141],[-51.2818,-30.2441],[-51.1573,-30.3643],[-51.1875,-30.4119],[-51.2466,-30.4676],[-51.2877,-30.5912],[-51.2831,-30.7516],[-51.3164,-30.7027],[-51.3591,-30.6745],[-51.3765,-30.8469],[-51.4591,-30.9128],[-51.4853,-30.9775],[-51.4637,-31.0526],[-51.5063,-31.1045],[-51.7169,-31.2437],[-51.9268,-31.3389],[-51.9725,-31.3838],[-51.9949,-31.4899],[-52.027,-31.599],[-52.1198,-31.6949],[-52.1936,-31.8855],[-52.1916,-31.9676],[-52.1671,-32.0885],[-52.1274,-32.1678],[-52.1902,-32.2208],[-52.2746,-32.3237],[-52.3417,-32.4397],[-52.5085,-32.8753],[-52.6522,-33.1378],[-52.7629,-33.2664],[-52.9209,-33.402],[-53.3706,-33.7422],[-53.3976,-33.7373],[-53.4636,-33.7099],[-53.5188,-33.6772],[-53.5313,-33.6555],[-53.5376,-33.6229],[-53.5304,-33.5003],[-53.5313,-33.1709],[-53.5119,-33.1087],[-53.4829,-33.0686],[-53.3952,-33.0104],[-53.3101,-32.9271],[-53.2141,-32.8211],[-53.1256,-32.7367],[-53.1573,-32.6801],[-53.2313,-32.6254],[-53.3627,-32.5812],[-53.4894,-32.5032],[-53.6017,-32.403],[-53.6536,-32.2987],[-53.7011,-32.1863],[-53.7466,-32.0975],[-53.7617,-32.0568],[-53.8061,-32.0399],[-53.8765,-31.9945],[-53.9206,-31.9523],[-53.9852,-31.9281],[-54.1004,-31.9016],[-54.2206,-31.8552],[-54.3699,-31.745],[-54.4777,-31.6228],[-54.5309,-31.542],[-54.5876,-31.4852],[-54.896,-31.3912],[-55.036,-31.279],[-55.0912,-31.314],[-55.1735,-31.2796],[-55.2546,-31.2256],[-55.279,-31.1842],[-55.3133,-31.1417],[-55.3455,-31.093],[-55.3661,-31.0462],[-55.4496,-30.9645],[-55.5573,-30.876],[-55.603,-30.8508],[-55.6271,-30.8581],[-55.6505,-30.8921],[-55.6652,-30.9249],[-55.706,-30.9466],[-55.7563,-30.9871],[-55.8078,-31.0367],[-55.8737,-31.0696],[-55.952,-31.0809],[-56.0047,-31.0792],[-56.0155,-31.0597],[-56.0185,-30.9919],[-55.999,-30.8372],[-56.0448,-30.7776],[-56.1059,-30.7138],[-56.1762,-30.6284],[-56.4072,-30.4475],[-56.7217,-30.1869],[-56.8327,-30.1072],[-56.9373,-30.1011],[-57.0327,-30.11],[-57.1205,-30.1444],[-57.1869,-30.2648],[-57.2145,-30.2834],[-57.3838,-30.2807],[-57.5523,-30.2612],[-57.6089,-30.1878],[-57.5639,-30.1399],[-57.4052,-30.0339],[-57.3175,-29.9395],[-57.3007,-29.8565],[-57.2247,-29.7821],[-57.0894,-29.7162],[-56.9386,-29.5948],[-56.7725,-29.4179],[-56.6715,-29.2873],[-56.6358,-29.203],[-56.5707,-29.1381],[-56.476,-29.0925],[-56.3933,-28.9973],[-56.3224,-28.8524],[-56.2255,-28.7372],[-56.1029,-28.6518],[-56.0342,-28.5809],[-56.0196,-28.5246],[-55.9849,-28.4886],[-55.9302,-28.4729],[-55.9037,-28.4433],[-55.9054,-28.3996],[-55.8905,-28.37],[-55.8589,-28.3542],[-55.8061,-28.3598],[-55.732,-28.3866],[-55.6873,-28.3816],[-55.672,-28.3449],[-55.6915,-28.3028],[-55.746,-28.2555],[-55.7255,-28.2041],[-55.5824,-28.121],[-55.4767,-28.0894],[-55.4098,-28.0378],[-55.3465,-27.956],[-55.2437,-27.8988],[-55.1015,-27.8668],[-55.0639,-27.8359],[-55.069,-27.7963],[-55.0399,-27.7678],[-54.9559,-27.7472],[-54.9102,-27.7086],[-54.9028,-27.652],[-54.8757,-27.5992],[-54.8291,-27.5506],[-54.7771,-27.5325],[-54.7197,-27.5449],[-54.6659,-27.5266],[-54.6154,-27.4771],[-54.5549,-27.4541],[-54.4843,-27.4573],[-54.4481,-27.4465],[-54.327,-27.4235],[-54.2602,-27.382],[-54.2052,-27.2896],[-54.1564,-27.2538],[-54.1138,-27.2747],[-54.0401,-27.2437],[-53.9354,-27.1611],[-53.9156,-27.1596],[-53.8382,-27.1211],[-53.7585,-26.9783],[-53.7173,-26.8828],[-53.7271,-26.8047],[-53.7533,-26.7486],[-53.7446,-26.6665],[-53.7182,-26.4432],[-53.7109,-26.3519],[-53.6686,-26.2882],[-53.6713,-26.2251],[-53.7469,-26.0837],[-53.8232,-25.9596],[-53.8642,-25.7488],[-53.8912,-25.6688],[-53.9548,-25.6477],[-54.0123,-25.5779],[-54.085,-25.5719],[-54.1192,-25.5452],[-54.1546,-25.523],[-54.2062,-25.5296],[-54.2501,-25.5704],[-54.3319,-25.5719],[-54.3834,-25.5887],[-54.4439,-25.625],[-54.5015,-25.6083],[-54.5378,-25.5765],[-54.6159,-25.5761],[-54.6105,-25.4327],[-54.4731,-25.2202],[-54.4362,-25.1213],[-54.4541,-25.0652],[-54.413,-24.8675],[-54.3129,-24.5281],[-54.281,-24.3061],[-54.3173,-24.2013],[-54.3183,-24.1281],[-54.2669,-24.0658],[-54.2418,-24.0473],[-54.3708,-23.9712],[-54.4402,-23.9018],[-54.5296,-23.8521],[-54.6255,-23.8125],[-54.6718,-23.829],[-54.7214,-23.8521],[-54.8173,-23.8885],[-54.9265,-23.9514],[-54.9827,-23.9745],[-55.0819,-23.9977],[-55.1943,-24.0175],[-55.2869,-24.0043],[-55.3663,-23.991],[-55.4159,-23.9514],[-55.4424,-23.8653],[-55.4424,-23.7926],[-55.4589,-23.6867],[-55.5185,-23.6272],[-55.5383,-23.581],[-55.5416,-23.5247],[-55.535,-23.4619],[-55.5185,-23.4156],[-55.5284,-23.3594],[-55.5548,-23.3196],[-55.5482,-23.2502],[-55.5614,-23.1543],[-55.6011,-23.0947],[-55.621,-23.0253],[-55.621,-22.9559],[-55.6507,-22.8864],[-55.6541,-22.8104],[-55.6276,-22.7409],[-55.6177,-22.6715],[-55.6474,-22.6219],[-55.7037,-22.5921],[-55.7466,-22.5127],[-55.7533,-22.4102],[-55.7996,-22.3539],[-55.8492,-22.3076],[-55.9054,-22.3076],[-55.9914,-22.2812],[-56.0675,-22.2845],[-56.1898,-22.2812],[-56.246,-22.2646],[-56.2758,-22.2282],[-56.3519,-22.1786],[-56.3949,-22.0927],[-56.4478,-22.0762],[-56.5238,-22.1025],[-56.5503,-22.1356],[-56.5801,-22.1819],[-56.633,-22.2349],[-56.7024,-22.2315],[-56.7752,-22.2613],[-56.8447,-22.2646],[-56.9373,-22.2713],[-57.0299,-22.2448],[-57.1423,-22.215],[-57.2382,-22.1952],[-57.3309,-22.215],[-57.3937,-22.1984],[-57.4764,-22.1886],[-57.5689,-22.1819],[-57.6417,-22.129],[-57.7211,-22.0992],[-57.7641,-22.1092],[-57.8203,-22.1423],[-57.8798,-22.1356],[-57.9559,-22.1092],[-57.9857,-22.0464],[-57.9791,-22.0066],[-57.9625,-21.967],[-57.9328,-21.9107],[-57.9493,-21.8512],[-57.9427,-21.7983],[-57.9294,-21.752],[-57.9162,-21.6991],[-57.9262,-21.6495],[-57.9294,-21.5966],[-57.9361,-21.547],[-57.946,-21.494],[-57.9063,-21.418],[-57.8732,-21.3551],[-57.8931,-21.3022],[-57.8865,-21.2658],[-57.86,-21.2063],[-57.827,-21.1336],[-57.8302,-20.9979],[-57.86,-20.9186],[-57.8922,-20.8971],[-57.9005,-20.873],[-57.8848,-20.8417],[-57.9019,-20.8094],[-57.9085,-20.7764],[-57.8914,-20.7475],[-57.9151,-20.6903],[-57.9625,-20.6738],[-57.9791,-20.6573],[-57.9956,-20.5944],[-58.0088,-20.5217],[-58.0022,-20.4654],[-58.0254,-20.4158],[-58.0584,-20.3861],[-58.0915,-20.3332],[-58.1246,-20.2935],[-58.1378,-20.2373],[-58.1598,-20.1646],[-58.0938,-20.1511],[-58.0676,-20.1104],[-58.0211,-20.0552],[-57.9602,-20.0407],[-57.8876,-20.0204],[-57.8607,-19.9796],[-58.0299,-19.8327],[-58.1315,-19.7445],[-58.072,-19.6253],[-57.9717,-19.4242],[-57.8745,-19.2295],[-57.8004,-19.081],[-57.7814,-19.0535],[-57.7168,-19.044],[-57.7286,-18.9674],[-57.7309,-18.9172],[-57.7831,-18.9143],[-57.725,-18.7332],[-57.6392,-18.475],[-57.574,-18.2793],[-57.5531,-18.2465],[-57.5062,-18.2373],[-57.4957,-18.2146],[-57.5521,-18.1831],[-57.5865,-18.1223],[-57.6617,-17.9474],[-57.7802,-17.6718],[-57.7889,-17.573],[-57.8325,-17.5121],[-57.905,-17.5323],[-57.9909,-17.5129],[-58.2056,-17.3631],[-58.3478,-17.2821],[-58.396,-17.2343],[-58.4174,-17.0806],[-58.4598,-16.9107],[-58.4781,-16.7007],[-58.4706,-16.6502],[-58.3504,-16.4908],[-58.3508,-16.4103],[-58.3406,-16.3399],[-58.3456,-16.2844],[-58.3754,-16.2836],[-58.4237,-16.3079],[-58.4966,-16.3267],[-58.5379,-16.3282],[-58.9573,-16.3132],[-59.4343,-16.296],[-59.8312,-16.2817],[-60.1756,-16.2693],[-60.1872,-16.1321],[-60.2066,-15.902],[-60.2204,-15.7387],[-60.2423,-15.4796],[-60.3805,-15.3183],[-60.5305,-15.1432],[-60.5832,-15.0983],[-60.402,-15.0928],[-60.2733,-15.0888],[-60.2989,-14.6186],[-60.338,-14.5705],[-60.3727,-14.4187],[-60.3962,-14.3328],[-60.4602,-14.2631],[-60.4747,-14.1848],[-60.463,-14.1324],[-60.4281,-14.1],[-60.405,-14.0192],[-60.4224,-13.938],[-60.4602,-13.8624],[-60.5066,-13.7898],[-60.5953,-13.7453],[-60.7224,-13.6644],[-60.9145,-13.5614],[-61.077,-13.4897],[-61.1292,-13.4985],[-61.4161,-13.5266],[-61.5116,-13.5412],[-61.5757,-13.5248],[-61.7899,-13.5256],[-61.8741,-13.4704],[-61.9447,-13.4062],[-62.0948,-13.242],[-62.118,-13.1598],[-62.1761,-13.1337],[-62.2639,-13.1437],[-62.3528,-13.1324],[-62.5255,-13.0643],[-62.6871,-12.9943],[-62.7655,-12.9973],[-62.8352,-12.9537],[-62.9579,-12.8471],[-63.0152,-12.8056],[-63.0414,-12.7504],[-63.0675,-12.6691],[-63.1168,-12.6517],[-63.1807,-12.6662],[-63.2498,-12.7079],[-63.3467,-12.6801],[-63.4652,-12.6052],[-63.5419,-12.5467],[-63.5856,-12.5189],[-63.6886,-12.478],[-63.7881,-12.4694],[-63.9386,-12.5297],[-64.0616,-12.5051],[-64.255,-12.4833],[-64.4205,-12.4397],[-64.4808,-12.3262],[-64.5134,-12.251],[-64.6117,-12.2039],[-64.69,-12.1465],[-64.7834,-12.0594],[-64.8299,-12.0303],[-64.9144,-12.006],[-64.9925,-11.9752],[-65.0012,-11.92],[-65.0303,-11.8474],[-65.0371,-11.8294],[-65.0903,-11.7412],[-65.1151,-11.7351],[-65.1427,-11.7523],[-65.1634,-11.7651],[-65.1857,-11.7495],[-65.1897,-11.7101],[-65.1754,-11.6469],[-65.2062,-11.5806],[-65.2823,-11.511],[-65.322,-11.4392],[-65.3255,-11.3647],[-65.3424,-11.315],[-65.3729,-11.2899],[-65.3899,-11.2463],[-65.3936,-11.1843],[-65.3716,-11.1104],[-65.3238,-11.0248],[-65.334,-10.8928],[-65.4023,-10.7147],[-65.44,-10.5862],[-65.4471,-10.5074],[-65.4369,-10.449],[-65.3955,-10.3923],[-65.3131,-10.253],[-65.2986,-10.1468],[-65.3246,-10.027],[-65.3281,-9.9355],[-65.3093,-9.8727],[-65.3379,-9.7902],[-65.3961,-9.7124],[-65.4368,-9.7104],[-65.492,-9.7317],[-65.5587,-9.7975],[-65.6371,-9.8091],[-65.7068,-9.7685],[-65.9247,-9.7854],[-66.2636,-9.8261],[-66.3992,-9.8682],[-66.4789,-9.8861],[-66.5753,-9.8999],[-66.73,-9.9755],[-67.1115,-10.2689],[-67.1905,-10.3114],[-67.2805,-10.3173],[-67.3327,-10.3579],[-67.4169,-10.3898],[-67.5824,-10.506],[-67.6667,-10.5989],[-67.7218,-10.6831],[-67.7857,-10.686],[-67.835,-10.6628],[-67.9917,-10.6744],[-68.0717,-10.7031],[-68.1586,-10.7851],[-68.2666,-10.9331],[-68.3111,-10.9752],[-68.398,-11.0188],[-68.4983,-11.0548],[-68.6227,-11.1092],[-68.6784,-11.1128],[-68.7275,-11.1225],[-68.7699,-11.0977],[-68.7841,-11.0446],[-68.8483,-11.0111],[-69.0017,-10.9943],[-69.2285,-10.9557],[-69.4625,-10.9481],[-69.5786,-10.9518],[-69.674,-10.9541],[-69.8398,-10.9334],[-69.9604,-10.9299],[-70.0663,-10.9824],[-70.2201,-11.0477],[-70.2904,-11.0643],[-70.342,-11.0667],[-70.3923,-11.0586],[-70.4509,-11.0248],[-70.5333,-10.9469],[-70.5965,-10.9769],[-70.6423,-11.0103],[-70.6416,-10.8408],[-70.6403,-10.586],[-70.6394,-10.3613],[-70.6385,-10.1815],[-70.6376,-9.9718],[-70.6369,-9.8237],[-70.5938,-9.7675],[-70.5672,-9.7046],[-70.5992,-9.6205],[-70.5922,-9.5435],[-70.5702,-9.4898],[-70.5411,-9.4375],[-70.6079,-9.4637],[-70.6369,-9.4782],[-70.6725,-9.518],[-70.7585,-9.5717],[-70.8163,-9.6253],[-70.8845,-9.669],[-70.9708,-9.7657],[-71.0417,-9.8187],[-71.1153,-9.8524],[-71.2379,-9.966],[-71.3394,-9.9886],[-71.608,-10.0061],[-71.8875,-10.0056],[-72.143,-10.0052],[-72.1816,-10.0037],[-72.1791,-9.9102],[-72.1729,-9.844],[-72.26,-9.7743],[-72.2658,-9.6885],[-72.289,-9.6292],[-72.3181,-9.5566],[-72.3791,-9.5102],[-72.4647,-9.4922],[-72.6055,-9.4521],[-72.8143,-9.4104],[-73.0138,-9.4074],[-73.2094,-9.4114],[-73.0898,-9.2657],[-72.9704,-9.1201],[-72.974,-8.9932],[-73.0705,-8.8828],[-73.1226,-8.8141],[-73.2031,-8.7193],[-73.3024,-8.654],[-73.3567,-8.567],[-73.3517,-8.5142],[-73.3604,-8.4793],[-73.3981,-8.459],[-73.4359,-8.4271],[-73.4881,-8.3922],[-73.5491,-8.3458],[-73.5491,-8.2993],[-73.5724,-8.2499],[-73.6101,-8.1919],[-73.6101,-8.1454],[-73.6449,-8.0729],[-73.6827,-8.0206],[-73.7204,-7.9857],[-73.7756,-7.9364],[-73.7727,-7.8957],[-73.732,-7.8754],[-73.7146,-7.829],[-73.7204,-7.7825],[-73.7669,-7.7535],[-73.8221,-7.739],[-73.8946,-7.6548],[-73.9469,-7.6112],[-73.9817,-7.5851],[-74.0021,-7.5561],[-73.9817,-7.5357],[-73.9585,-7.5066],[-73.9527,-7.4603],[-73.9643,-7.4167],[-73.9643,-7.3789],[-73.9294,-7.3673],[-73.8917,-7.3731],[-73.854,-7.3499],[-73.8046,-7.3412],[-73.7495,-7.3354],[-73.7204,-7.3093],[-73.7233,-7.2628],[-73.7582,-7.1728],[-73.793,-7.1351],[-73.8046,-7.0799],[-73.7763,-6.9735],[-73.7581,-6.9058],[-73.6945,-6.8338],[-73.4999,-6.6795],[-73.3255,-6.5747],[-73.2403,-6.5641],[-73.1774,-6.5252],[-73.1374,-6.4658],[-73.1263,-6.4009],[-73.1354,-6.3443],[-73.1677,-6.2606],[-73.2065,-6.1564],[-73.2355,-6.0984],[-73.2094,-6.0287],[-73.1629,-5.9334],[-73.0681,-5.7896],[-72.9799,-5.6349],[-72.9702,-5.5896],[-72.9589,-5.4952],[-72.9183,-5.3025],[-72.8958,-5.1982],[-72.9075,-5.1577],[-72.8871,-5.1228],[-72.8319,-5.0938],[-72.6987,-5.0672],[-72.6084,-5.0096],[-72.469,-4.9013],[-72.3528,-4.786],[-72.2568,-4.7489],[-72.0825,-4.6423],[-71.9824,-4.5746],[-71.9432,-4.5533],[-71.8447,-4.5044],[-71.6684,-4.4873],[-71.5213,-4.4697],[-71.4383,-4.4376],[-71.3168,-4.4243],[-71.235,-4.3882],[-71.1442,-4.3872],[-70.9737,-4.3505],[-70.9156,-4.2953],[-70.866,-4.2296],[-70.7995,-4.1733],[-70.7216,-4.1589],[-70.6346,-4.1687],[-70.5307,-4.1676],[-70.4046,-4.1501],[-70.3437,-4.1937],[-70.3169,-4.247],[-70.2392,-4.3012],[-70.184,-4.2981],[-70.1288,-4.2866],[-70.0533,-4.3331],[-70.004,-4.3272],[-69.972,-4.3012],[-69.9659,-4.2359],[-69.9482,-4.2006],[-69.911,-3.9966],[-69.8498,-3.6599],[-69.7941,-3.3546],[-69.7326,-3.0167],[-69.669,-2.6677],[-69.6047,-2.3143],[-69.5519,-2.0242],[-69.5064,-1.7749],[-69.4786,-1.622],[-69.4349,-1.4217],[-69.4179,-1.2457],[-69.4002,-1.1949],[-69.4114,-1.1522],[-69.4491,-1.0916],[-69.4487,-1.0649],[-69.4443,-1.0296],[-69.4487,-0.9987],[-69.4884,-0.9657],[-69.5193,-0.9458],[-69.5436,-0.9172],[-69.5546,-0.8774],[-69.5744,-0.8378],[-69.5833,-0.7959],[-69.6119,-0.7628],[-69.6207,-0.7209],[-69.6009,-0.6813],[-69.592,-0.6394],[-69.6009,-0.5996],[-69.6119,-0.5533],[-69.634,-0.5093],[-69.6675,-0.4824],[-69.7475,-0.4525],[-69.8279,-0.3813],[-69.9228,-0.3175],[-70.044,-0.1962],[-70.0705,-0.1389],[-70.0709,0.0186],[-70.0657,0.1894],[-70.0579,0.4474],[-70.0539,0.5786],[-69.9854,0.5858],[-69.9251,0.5894],[-69.8621,0.5985],[-69.8071,0.6075],[-69.7567,0.6264],[-69.7189,0.6498],[-69.6738,0.6651],[-69.6387,0.6597],[-69.6036,0.6804],[-69.5648,0.7002],[-69.5271,0.7164],[-69.4721,0.7299],[-69.4208,0.6984],[-69.392,0.6669],[-69.3586,0.6516],[-69.3271,0.6552],[-69.3055,0.6524],[-69.283,0.6272],[-69.2542,0.6254],[-69.2128,0.6299],[-69.1741,0.6354],[-69.1561,0.6425],[-69.1533,0.6588],[-69.1632,0.6867],[-69.1768,0.7128],[-69.166,0.7533],[-69.165,0.802],[-69.1632,0.8641],[-69.1938,0.8983],[-69.2245,0.9631],[-69.2587,1.0154],[-69.3118,1.0505],[-69.3614,1.064],[-69.4028,1.0424],[-69.4415,1.0388],[-69.4703,1.0586],[-69.5171,1.0595],[-69.5676,1.0658],[-69.6209,1.0732],[-69.717,1.0591],[-69.7513,1.0766],[-69.7981,1.0784],[-69.8521,1.0595],[-69.8508,1.3088],[-69.8495,1.5439],[-69.8486,1.7087],[-69.8,1.7052],[-69.7396,1.7349],[-69.65,1.7395],[-69.5812,1.7708],[-69.5429,1.7732],[-69.4702,1.7579],[-69.3943,1.7258],[-69.3197,1.7212],[-69.1243,1.7213],[-68.9132,1.7214],[-68.6785,1.7215],[-68.4435,1.7216],[-68.2396,1.7217],[-68.1766,1.7198],[-68.2133,1.7746],[-68.256,1.8455],[-68.2395,1.9014],[-68.2184,1.9576],[-68.1938,1.987],[-68.1303,1.9558],[-68.0771,1.8601],[-68.0329,1.788],[-67.9897,1.7525],[-67.9362,1.7485],[-67.8755,1.7606],[-67.8151,1.7901],[-67.7119,1.9221],[-67.6092,2.0351],[-67.5561,2.073],[-67.4997,2.1079],[-67.4578,2.1211],[-67.4004,2.1167],[-67.352,2.0858],[-67.3206,2.0321],[-67.2058,1.8448],[-67.1192,1.7036],[-67.0901,1.6156],[-67.0883,1.4006],[-67.0937,1.21],[-67.0823,1.1854],[-67.0652,1.1784],[-66.876,1.223]]],[[[-49.6287,-0.2292],[-49.5352,-0.2336],[-49.4029,-0.2146],[-49.3143,-0.1679],[-49.2151,-0.1587],[-49.117,-0.1636],[-48.7866,-0.2155],[-48.588,-0.2316],[-48.5154,-0.2482],[-48.4445,-0.2719],[-48.3927,-0.2974],[-48.3797,-0.3528],[-48.428,-0.4415],[-48.464,-0.5348],[-48.4975,-0.6649],[-48.5233,-0.6914],[-48.5667,-0.6845],[-48.5397,-0.801],[-48.5495,-0.8476],[-48.5709,-0.8929],[-48.6241,-0.9869],[-48.7046,-1.1066],[-48.7285,-1.1317],[-48.7898,-1.1733],[-48.8397,-1.2266],[-48.829,-1.2766],[-48.8041,-1.327],[-48.8336,-1.39],[-48.9289,-1.4823],[-48.9859,-1.5047],[-49.0385,-1.5141],[-49.0869,-1.5051],[-49.1727,-1.4126],[-49.1817,-1.485],[-49.2048,-1.559],[-49.234,-1.5995],[-49.3448,-1.5952],[-49.4066,-1.5556],[-49.5066,-1.5116],[-49.5257,-1.6305],[-49.5879,-1.7124],[-49.6506,-1.7381],[-49.7488,-1.7554],[-49.8051,-1.7902],[-49.9113,-1.763],[-50.01,-1.7085],[-50.0657,-1.7038],[-50.1093,-1.7479],[-50.3384,-1.756],[-50.4435,-1.8007],[-50.5076,-1.788],[-50.6021,-1.6978],[-50.6172,-1.6377],[-50.6734,-1.516],[-50.7238,-1.3715],[-50.7598,-1.2402],[-50.7295,-1.1268],[-50.6683,-1.1306],[-50.5959,-1.1475],[-50.5805,-1.1395],[-50.577,-1.1031],[-50.5929,-1.0729],[-50.7096,-1.0777],[-50.7833,-1.0104],[-50.7961,-0.9062],[-50.781,-0.6898],[-50.7714,-0.6454],[-50.7199,-0.5834],[-50.7031,-0.5285],[-50.7158,-0.4702],[-50.6937,-0.3645],[-50.6455,-0.2729],[-50.4616,-0.1574],[-50.2482,-0.1164],[-49.6287,-0.2292]]],[[[-44.1293,-23.1419],[-44.098,-23.1693],[-44.1558,-23.1666],[-44.2205,-23.1908],[-44.3201,-23.2123],[-44.3602,-23.1721],[-44.2741,-23.1162],[-44.2429,-23.0741],[-44.2204,-23.0829],[-44.1916,-23.1133],[-44.1293,-23.1419]]],[[[-48.5844,-26.4016],[-48.6031,-26.4138],[-48.6658,-26.2896],[-48.5397,-26.1703],[-48.4976,-26.2188],[-48.5311,-26.3132],[-48.5681,-26.3797],[-48.5844,-26.4016]]],[[[-45.2603,-23.8892],[-45.2609,-23.9413],[-45.3025,-23.9147],[-45.4128,-23.935],[-45.4514,-23.8956],[-45.3023,-23.7275],[-45.2723,-23.752],[-45.2491,-23.7826],[-45.2331,-23.8254],[-45.2503,-23.853],[-45.2603,-23.8892]]],[[[-44.4993,-2.9396],[-44.5978,-3.0376],[-44.5653,-2.9239],[-44.5819,-2.8456],[-44.5691,-2.785],[-44.502,-2.7263],[-44.4814,-2.7176],[-44.4873,-2.7897],[-44.4826,-2.8119],[-44.4993,-2.9396]]],[[[-38.7438,-13.0971],[-38.783,-13.1187],[-38.787,-13.0551],[-38.6849,-12.9749],[-38.6681,-12.8802],[-38.6146,-12.924],[-38.6003,-12.9725],[-38.6012,-12.9926],[-38.7438,-13.0971]]],[[[-38.9036,-13.4734],[-38.9379,-13.5323],[-38.9776,-13.5235],[-38.9932,-13.4841],[-39.0222,-13.4456],[-39.0066,-13.4155],[-38.9801,-13.3984],[-38.9071,-13.4011],[-38.9036,-13.4734]]],[[[-44.8831,-1.3179],[-44.9471,-1.366],[-44.9679,-1.3908],[-45.0209,-1.3724],[-45.0112,-1.3447],[-44.9956,-1.3476],[-44.9787,-1.2673],[-44.8883,-1.2769],[-44.8831,-1.3179]]],[[[-49.7382,0.2682],[-49.6973,0.216],[-49.839,0.0069],[-49.9171,-0.0232],[-50.0025,-0.0293],[-50.1131,0.033],[-50.2856,0.0286],[-50.3395,0.0434],[-50.3451,0.1345],[-50.2727,0.2317],[-50.128,0.2265],[-49.879,0.3045],[-49.7382,0.2682]]],[[[-50.299,1.9385],[-50.3988,1.8929],[-50.4561,1.9105],[-50.509,2.0295],[-50.491,2.1286],[-50.4188,2.1615],[-50.3626,2.1544],[-50.342,2.1417],[-50.2921,1.9796],[-50.299,1.9385]]],[[[-50.6529,-0.1316],[-50.9264,-0.3273],[-51.019,-0.2631],[-51.0381,-0.2259],[-51.0224,-0.1884],[-51.0257,-0.1724],[-50.9951,-0.1053],[-50.8422,-0.0502],[-50.7653,-0.0409],[-50.667,-0.058],[-50.6506,-0.1059],[-50.6529,-0.1316]]],[[[-49.4439,-0.1124],[-49.7088,-0.1437],[-49.8301,-0.0939],[-49.8027,-0.0519],[-49.7123,0.0151],[-49.6022,0.0627],[-49.5035,0.0837],[-49.4005,0.0572],[-49.3723,0.0011],[-49.3809,-0.0555],[-49.4439,-0.1124]]],[[[-50.4261,0.1393],[-50.4439,-0.0077],[-50.6239,0.0544],[-50.6104,0.2048],[-50.5262,0.2469],[-50.4516,0.3269],[-50.4261,0.425],[-50.4246,0.5583],[-50.3969,0.5814],[-50.3728,0.5909],[-50.351,0.5817],[-50.3425,0.3816],[-50.3323,0.259],[-50.4261,0.1393]]],[[[-50.1529,0.393],[-50.2613,0.3592],[-50.2815,0.3908],[-50.2817,0.5165],[-50.2512,0.5854],[-50.1128,0.6047],[-50.0986,0.625],[-50.0588,0.638],[-50.0368,0.5948],[-50.04,0.5228],[-50.1529,0.393]]],[[[-51.8325,-1.4338],[-51.9384,-1.4526],[-51.8021,-1.2025],[-51.68,-1.0861],[-51.6783,-0.8551],[-51.546,-0.6496],[-51.4245,-0.5659],[-51.254,-0.5414],[-51.1607,-0.6667],[-51.2763,-1.0218],[-51.3101,-1.0238],[-51.4651,-1.2111],[-51.6377,-1.3419],[-51.8325,-1.4338]]],[[[-48.4859,-27.767],[-48.5546,-27.8122],[-48.5422,-27.5748],[-48.5052,-27.4955],[-48.4647,-27.4363],[-48.4149,-27.3996],[-48.3779,-27.4515],[-48.4096,-27.5663],[-48.4968,-27.707],[-48.4859,-27.767]]]]}},{"type":"Feature","properties":{"isoName":"FRA","fullName":"France","alternativeNames":[],"centreCoords":[45.8,2.5],"capitalCity":"Paris"},"geometry":{"type":"MultiPolygon","coordinates":[[[[9.4804,42.8054],[9.4542,42.6586],[9.4732,42.6156],[9.5094,42.5856],[9.5262,42.5526],[9.5564,42.1609],[9.5507,42.1297],[9.4284,41.9724],[9.4009,41.9262],[9.3948,41.7312],[9.3742,41.6788],[9.3309,41.6271],[9.2534,41.4601],[9.1861,41.3849],[9.003,41.4766],[8.895,41.5162],[8.8421,41.5589],[8.8075,41.5884],[8.8298,41.6277],[8.879,41.6686],[8.8868,41.7007],[8.771,41.7371],[8.718,41.7614],[8.7187,41.804],[8.7587,41.8704],[8.7404,41.9251],[8.6736,41.9224],[8.6219,41.9307],[8.6151,41.9591],[8.6534,41.9956],[8.7025,42.0431],[8.701,42.0956],[8.6416,42.1182],[8.5878,42.1608],[8.5662,42.2188],[8.6079,42.2584],[8.6755,42.284],[8.6259,42.3434],[8.5924,42.3447],[8.5656,42.3577],[8.5875,42.3853],[8.64,42.4266],[8.7131,42.5498],[8.8148,42.6079],[8.9949,42.6453],[9.0437,42.6617],[9.0884,42.705],[9.1379,42.7329],[9.198,42.7292],[9.2535,42.7125],[9.2877,42.6946],[9.3134,42.7132],[9.3384,42.7669],[9.323,42.8141],[9.331,42.9438],[9.3632,43.0174],[9.4152,43.0215],[9.4633,42.981],[9.4608,42.9452],[9.4786,42.8605],[9.4804,42.8054]]],[[[7.6156,47.5927],[7.4949,47.5474],[7.4674,47.5077],[7.42,47.4552],[7.3432,47.4331],[7.2657,47.4258],[7.2031,47.4327],[7.1675,47.4537],[7.1692,47.4732],[7.136,47.4898],[7.0534,47.4894],[6.9684,47.4532],[6.9004,47.3942],[6.9215,47.3612],[6.9841,47.3525],[7.0006,47.3395],[7.0006,47.3225],[6.9785,47.3021],[6.9521,47.2672],[6.8207,47.1632],[6.6881,47.0583],[6.6669,47.0265],[6.6248,47.0043],[6.4562,46.9483],[6.4386,46.9259],[6.429,46.8323],[6.4102,46.7554],[6.2852,46.6831],[6.1607,46.611],[6.1297,46.567],[6.107,46.5161],[6.068,46.4585],[6.0603,46.4282],[6.1232,46.3786],[6.1159,46.3376],[6.0959,46.2794],[6.0361,46.2381],[5.97,46.2147],[5.9715,46.1512],[6.0066,46.1423],[6.0866,46.147],[6.1994,46.1931],[6.2729,46.2522],[6.2296,46.3084],[6.2242,46.3194],[6.2347,46.3326],[6.3219,46.3937],[6.4289,46.4305],[6.5782,46.4374],[6.7581,46.4158],[6.7761,46.4066],[6.7674,46.3692],[6.7842,46.314],[6.8168,46.2752],[6.7721,46.1651],[6.8057,46.1307],[6.858,46.0894],[6.8973,46.0518],[6.9537,46.0171],[7.0039,45.9588],[7.0211,45.9258],[6.9408,45.8684],[6.8045,45.8146],[6.7892,45.7801],[6.7909,45.7409],[6.8063,45.71],[6.8814,45.6704],[6.9624,45.5806],[7.0137,45.5005],[7.1261,45.4237],[7.1534,45.4009],[7.1464,45.3817],[7.1168,45.349],[7.0783,45.2399],[7.0324,45.2226],[6.9813,45.2156],[6.8423,45.1356],[6.7804,45.1453],[6.6923,45.1443],[6.6277,45.118],[6.6348,45.0682],[6.6914,45.0226],[6.7247,44.973],[6.7382,44.9214],[6.8011,44.8832],[6.8894,44.8603],[6.9398,44.8587],[6.9729,44.845],[6.9927,44.8273],[7.0307,44.7167],[7.0079,44.689],[6.9604,44.6771],[6.9319,44.6316],[6.8752,44.5646],[6.843,44.5107],[6.8786,44.4633],[6.8938,44.4282],[6.8748,44.392],[6.9002,44.3357],[6.9673,44.28],[7.1494,44.2017],[7.3186,44.138],[7.3709,44.1274],[7.5994,44.1684],[7.6372,44.1648],[7.665,44.116],[7.6771,44.0832],[7.6515,44.0336],[7.5896,43.9654],[7.5227,43.9111],[7.482,43.8649],[7.4905,43.8229],[7.4932,43.7671],[7.4387,43.7504],[7.4369,43.7615],[7.4145,43.7709],[7.395,43.7653],[7.3801,43.7532],[7.3777,43.7317],[7.2615,43.6961],[7.1814,43.6591],[6.8647,43.4383],[6.7166,43.3736],[6.6874,43.3346],[6.6572,43.2617],[6.5702,43.1991],[6.494,43.1693],[6.3054,43.1387],[6.1159,43.0724],[6.0306,43.101],[5.8095,43.0979],[5.6716,43.1778],[5.4065,43.2285],[5.3202,43.3449],[5.1995,43.3525],[5.1204,43.349],[5.0731,43.3666],[5.0608,43.4063],[5.0598,43.4445],[4.976,43.427],[4.9119,43.427],[4.8737,43.4116],[4.8436,43.3939],[4.8079,43.4052],[4.7872,43.4014],[4.7891,43.3789],[4.7121,43.3733],[4.6287,43.3871],[4.4098,43.4472],[4.3762,43.4564],[4.2242,43.4796],[4.1628,43.5037],[4.1131,43.563],[4.0751,43.5818],[4.0526,43.5931],[3.9108,43.5631],[3.8616,43.5164],[3.7848,43.4616],[3.2589,43.1932],[3.1629,43.0808],[3.0518,42.9151],[3.0431,42.8379],[3.0909,42.5909],[3.1979,42.4612],[3.2114,42.4312],[3.1521,42.431],[3.0526,42.4472],[2.97,42.4672],[2.8914,42.4561],[2.8156,42.4292],[2.7494,42.413],[2.7019,42.4085],[2.67,42.393],[2.6548,42.3621],[2.6517,42.3405],[2.568,42.3458],[2.3744,42.3903],[2.2004,42.4209],[2.0983,42.3861],[2.0327,42.3535],[1.9865,42.3585],[1.9515,42.3928],[1.9279,42.4263],[1.8598,42.4571],[1.7061,42.5033],[1.714,42.5256],[1.7402,42.5567],[1.7395,42.5759],[1.7099,42.6044],[1.5682,42.635],[1.5014,42.6427],[1.4589,42.6217],[1.4283,42.5959],[1.3494,42.6907],[1.2933,42.71],[1.2083,42.7131],[1.1111,42.742],[1.0101,42.779],[0.7645,42.838],[0.6969,42.8451],[0.6698,42.8357],[0.6518,42.8004],[0.642,42.7006],[0.6316,42.6896],[0.5177,42.6863],[0.3772,42.7001],[0.3129,42.6933],[0.2555,42.6929],[0.2014,42.7193],[-0.0412,42.6891],[-0.0815,42.7039],[-0.14,42.7489],[-0.2053,42.7853],[-0.2561,42.804],[-0.2993,42.8253],[-0.3386,42.8288],[-0.3984,42.8081],[-0.4812,42.7993],[-0.5498,42.802],[-0.5864,42.799],[-0.7402,42.9095],[-0.7626,42.9398],[-0.8392,42.9482],[-0.9338,42.9495],[-1.1754,43.0211],[-1.2854,43.0596],[-1.3016,43.0825],[-1.3,43.101],[-1.3188,43.097],[-1.3527,43.0643],[-1.3705,43.0376],[-1.394,43.0326],[-1.4288,43.0368],[-1.4608,43.0518],[-1.4805,43.0711],[-1.4594,43.105],[-1.4226,43.1491],[-1.4073,43.1971],[-1.4107,43.2401],[-1.4717,43.2677],[-1.5615,43.2792],[-1.6271,43.2825],[-1.7128,43.307],[-1.7533,43.3247],[-1.7927,43.3726],[-1.794,43.4073],[-1.6314,43.438],[-1.4849,43.5638],[-1.346,44.0202],[-1.2455,44.5599],[-1.1708,44.6618],[-1.077,44.6898],[-1.1529,44.764],[-1.2004,44.7265],[-1.2203,44.6866],[-1.2452,44.6667],[-1.1891,45.1615],[-1.1491,45.3426],[-1.081,45.5324],[-0.9417,45.4571],[-0.8263,45.3807],[-0.7667,45.3144],[-0.6911,45.0935],[-0.634,45.0471],[-0.5485,45.0006],[-0.5823,45.0514],[-0.6411,45.0902],[-0.7331,45.3846],[-0.7908,45.468],[-0.8807,45.5382],[-1.17,45.6859],[-1.196,45.7145],[-1.21,45.7709],[-1.1144,45.7685],[-1.0317,45.7411],[-1.0415,45.7727],[-1.066,45.8057],[-1.1044,45.9253],[-1.1364,46.2048],[-1.132,46.2527],[-1.1463,46.3114],[-1.2388,46.3245],[-1.3128,46.3269],[-1.3925,46.3501],[-1.7865,46.5148],[-1.9214,46.6848],[-2.0594,46.8103],[-2.0925,46.865],[-2.0903,46.9205],[-2.0189,47.0376],[-2.0819,47.1116],[-2.1436,47.1263],[-2.1971,47.1629],[-2.1486,47.2239],[-2.1083,47.2629],[-2.0276,47.2736],[-1.9217,47.2606],[-1.8213,47.2253],[-1.7425,47.216],[-1.9754,47.3107],[-2.353,47.2788],[-2.4344,47.291],[-2.5031,47.3121],[-2.53,47.3816],[-2.4763,47.4129],[-2.4277,47.4709],[-2.4827,47.5116],[-2.5541,47.5271],[-2.6659,47.5262],[-2.7703,47.5139],[-2.7968,47.5373],[-2.7331,47.6018],[-2.7872,47.6255],[-2.8594,47.6145],[-2.9641,47.6011],[-3.0642,47.6213],[-3.1588,47.6947],[-3.2216,47.6941],[-3.2647,47.6851],[-3.3286,47.7133],[-3.3959,47.7204],[-3.4439,47.711],[-3.5078,47.7531],[-3.9009,47.8375],[-4.0707,47.8479],[-4.2264,47.8096],[-4.3121,47.8229],[-4.3751,47.8774],[-4.428,47.9689],[-4.6788,48.0395],[-4.6292,48.0858],[-4.5124,48.0967],[-4.3778,48.1288],[-4.3294,48.17],[-4.4346,48.218],[-4.5122,48.2297],[-4.5443,48.247],[-4.5771,48.29],[-4.5307,48.3097],[-4.4979,48.2993],[-4.4033,48.2931],[-4.2414,48.3037],[-4.3018,48.3471],[-4.3644,48.3567],[-4.3932,48.3676],[-4.5248,48.3723],[-4.5847,48.3575],[-4.7194,48.3631],[-4.7485,48.41],[-4.7625,48.4502],[-4.7208,48.5399],[-4.5312,48.62],[-4.0589,48.7075],[-3.8557,48.6947],[-3.7148,48.7105],[-3.546,48.7657],[-3.4715,48.8129],[-3.2314,48.8408],[-3.0032,48.7907],[-2.7929,48.6011],[-2.6923,48.5368],[-2.4462,48.6483],[-2.0794,48.645],[-2.0037,48.5821],[-1.9731,48.6351],[-1.9057,48.6971],[-1.852,48.6688],[-1.8247,48.6305],[-1.4376,48.6414],[-1.3765,48.6526],[-1.4805,48.6976],[-1.5655,48.8055],[-1.5831,49.2024],[-1.6903,49.3132],[-1.8134,49.4901],[-1.8701,49.5951],[-1.8754,49.6314],[-1.8564,49.6838],[-1.7051,49.681],[-1.5882,49.6677],[-1.3657,49.7073],[-1.2586,49.6802],[-1.2649,49.5982],[-1.2323,49.4949],[-1.195,49.4448],[-1.1385,49.3879],[-0.9591,49.3932],[-0.7655,49.3597],[-0.5209,49.3545],[-0.1635,49.2968],[-0.0112,49.3302],[0.1361,49.4015],[0.4169,49.4484],[0.4393,49.4732],[0.2776,49.4633],[0.1294,49.5084],[0.1094,49.5575],[0.1266,49.6016],[0.1867,49.703],[0.6162,49.8629],[0.9241,49.9102],[1.2455,49.9982],[1.4072,50.0885],[1.5141,50.2051],[1.5484,50.2307],[1.5928,50.2522],[1.5516,50.2939],[1.5795,50.7393],[1.6096,50.8195],[1.6723,50.885],[1.7677,50.9357],[1.9125,50.9906],[2.4457,51.0665],[2.5249,51.0971],[2.536,51.0495],[2.5748,50.9886],[2.6015,50.9553],[2.5793,50.9118],[2.5968,50.8759],[2.6691,50.8114],[2.7594,50.7506],[2.8397,50.7118],[2.8624,50.716],[2.922,50.7271],[3.0229,50.7669],[3.1068,50.7794],[3.1549,50.7489],[3.182,50.7317],[3.235,50.6629],[3.2498,50.5912],[3.2733,50.5315],[3.3162,50.5074],[3.477,50.4995],[3.5954,50.4773],[3.6268,50.4573],[3.6673,50.3248],[3.6894,50.3061],[3.7188,50.3217],[3.748,50.3435],[3.7886,50.347],[3.8581,50.3386],[3.9497,50.3359],[4.0441,50.3213],[4.1746,50.2465],[4.1696,50.2218],[4.1441,50.1784],[4.1353,50.1438],[4.1577,50.1299],[4.1922,50.0941],[4.1839,50.0528],[4.1503,50.0239],[4.1368,50],[4.137,49.9845],[4.1493,49.9716],[4.1761,49.9603],[4.3688,49.945],[4.545,49.9603],[4.6562,50.0024],[4.6751,50.0469],[4.7066,50.0971],[4.7729,50.1391],[4.8187,50.1532],[4.8605,50.1359],[4.79,49.9596],[4.8415,49.9145],[4.8491,49.8471],[4.8676,49.7881],[4.9306,49.7893],[5.0069,49.7784],[5.061,49.7565],[5.1241,49.7215],[5.215,49.6893],[5.2788,49.6779],[5.302,49.651],[5.3535,49.6198],[5.4347,49.5545],[5.5073,49.5109],[5.5424,49.511],[5.6101,49.5282],[5.7104,49.5392],[5.7897,49.5383],[5.8234,49.5051],[5.9014,49.4897],[5.9289,49.4775],[5.9595,49.4546],[6.0114,49.4455],[6.0741,49.4546],[6.1199,49.4852],[6.1811,49.4989],[6.2422,49.4943],[6.2773,49.4775],[6.3443,49.4527],[6.3822,49.4582],[6.4581,49.4429],[6.5343,49.3947],[6.5663,49.3462],[6.5747,49.3197],[6.6076,49.2909],[6.7354,49.1606],[6.7763,49.1542],[6.8207,49.1739],[6.8495,49.202],[6.8912,49.2075],[6.9583,49.1946],[7.0015,49.1799],[7.0222,49.1234],[7.0367,49.1127],[7.0657,49.1249],[7.1174,49.1275],[7.1999,49.1136],[7.3134,49.1295],[7.4042,49.1531],[7.4506,49.1522],[7.5255,49.0864],[7.6109,49.0618],[7.7992,49.0419],[8.0013,49.0109],[8.0807,48.9859],[8.1349,48.9736],[8.1403,48.8864],[8.124,48.8733],[7.9228,48.6985],[7.838,48.636],[7.7948,48.5468],[7.7651,48.41],[7.7057,48.28],[7.6166,48.1568],[7.5842,48.0643],[7.6085,48.0026],[7.5933,47.9057],[7.5386,47.7736],[7.5294,47.6739],[7.5654,47.6065],[7.6156,47.5927]]],[[[-1.1783,45.9041],[-1.2136,45.8166],[-1.2803,45.8971],[-1.3687,45.9677],[-1.3889,46.033],[-1.3887,46.0504],[-1.2851,46.0027],[-1.1783,45.9041]]],[[[45.1803,-12.9768],[45.1176,-12.985],[45.0877,-12.9585],[45.0694,-12.8956],[45.0883,-12.8351],[45.0936,-12.7861],[45.0426,-12.7013],[45.0924,-12.653],[45.1348,-12.7092],[45.1588,-12.713],[45.2231,-12.7521],[45.2043,-12.8243],[45.2086,-12.8479],[45.1794,-12.9202],[45.1803,-12.9768]]],[[[55.7974,-21.3394],[55.6562,-21.369],[55.5576,-21.3583],[55.3627,-21.2736],[55.3104,-21.2174],[55.2328,-21.0584],[55.25,-21.0024],[55.3113,-20.9041],[55.4505,-20.8651],[55.5965,-20.8796],[55.6619,-20.9062],[55.7392,-21.0215],[55.8391,-21.1386],[55.8225,-21.2778],[55.7974,-21.3394]]],[[[-60.8263,14.4945],[-60.8366,14.4374],[-60.8621,14.4263],[-60.8994,14.4738],[-61.0637,14.4671],[-61.0889,14.5096],[-61.0903,14.5297],[-61.0113,14.6019],[-61.1043,14.6212],[-61.1411,14.6524],[-61.2197,14.8044],[-61.2133,14.8486],[-61.1808,14.8719],[-61.1274,14.8753],[-61.0271,14.8262],[-60.9525,14.7562],[-60.9271,14.7552],[-60.9187,14.7354],[-60.9337,14.6862],[-60.8892,14.6445],[-60.87,14.6137],[-60.8263,14.4945]]],[[[-61.3271,16.2304],[-61.4448,16.2193],[-61.5222,16.228],[-61.54,16.2996],[-61.5006,16.3602],[-61.5289,16.4338],[-61.5106,16.4777],[-61.4712,16.5066],[-61.4064,16.4683],[-61.3961,16.4134],[-61.3555,16.3632],[-61.1726,16.2561],[-61.3271,16.2304]]],[[[-61.5896,16.0069],[-61.6705,15.9621],[-61.7103,15.9759],[-61.7594,16.0621],[-61.7941,16.301],[-61.7671,16.3405],[-61.748,16.3553],[-61.6415,16.326],[-61.597,16.2922],[-61.5523,16.2709],[-61.575,16.2271],[-61.5639,16.0478],[-61.5896,16.0069]]],[[[-61.2305,15.8899],[-61.2862,15.886],[-61.3107,15.8947],[-61.3184,15.9549],[-61.2753,15.9962],[-61.25,16.0063],[-61.2124,15.9599],[-61.2034,15.9212],[-61.2305,15.8899]]],[[[-54.6163,2.3268],[-54.6047,2.3358],[-54.5684,2.3426],[-54.5359,2.3433],[-54.4855,2.4161],[-54.402,2.4615],[-54.2567,2.7137],[-54.1955,2.8179],[-54.1881,2.8749],[-54.1707,2.9936],[-54.2031,3.1382],[-54.188,3.1788],[-54.0632,3.3533],[-54.0096,3.4485],[-54.006,3.5305],[-53.9905,3.5896],[-54.0059,3.6204],[-54.0342,3.6294],[-54.082,3.706],[-54.1128,3.7694],[-54.1975,3.8344],[-54.2555,3.9011],[-54.3507,4.0541],[-54.3421,4.14],[-54.3691,4.1709],[-54.3984,4.2025],[-54.3962,4.2414],[-54.416,4.3376],[-54.4407,4.428],[-54.4496,4.485],[-54.4261,4.583],[-54.4402,4.692],[-54.4711,4.7493],[-54.4797,4.8365],[-54.4733,4.9147],[-54.4469,4.9588],[-54.4522,5.0135],[-54.3316,5.1874],[-54.2402,5.2882],[-54.156,5.359],[-54.0853,5.4118],[-53.9896,5.676],[-53.9199,5.769],[-53.8472,5.7822],[-53.4544,5.5635],[-53.2704,5.5433],[-52.8993,5.425],[-52.765,5.2735],[-52.454,5.0213],[-52.2905,4.9422],[-52.2889,4.8761],[-52.3246,4.7709],[-52.22,4.8628],[-52.0581,4.7174],[-52.0123,4.646],[-51.9619,4.5144],[-51.9793,4.4299],[-52.0017,4.3862],[-52.0029,4.3523],[-51.9548,4.3991],[-51.9277,4.4361],[-51.9196,4.5243],[-51.8803,4.6337],[-51.8275,4.6357],[-51.7856,4.5705],[-51.6986,4.2868],[-51.6658,4.2288],[-51.6533,4.1388],[-51.6581,4.0985],[-51.6525,4.0613],[-51.6834,4.0397],[-51.7671,3.9927],[-51.8053,3.9299],[-51.8275,3.8696],[-51.8795,3.8286],[-51.9289,3.777],[-51.9443,3.7351],[-51.9906,3.702],[-51.9995,3.6469],[-52.1161,3.4523],[-52.1626,3.3647],[-52.2294,3.2717],[-52.2712,3.2371],[-52.3279,3.1817],[-52.3566,3.1177],[-52.3566,3.0516],[-52.3964,2.9722],[-52.4184,2.9039],[-52.4559,2.8642],[-52.5547,2.6477],[-52.5595,2.5731],[-52.583,2.5289],[-52.6532,2.4257],[-52.7006,2.3637],[-52.7834,2.3172],[-52.8704,2.2666],[-52.9035,2.2115],[-52.9648,2.1835],[-53.0097,2.1817],[-53.0823,2.2017],[-53.1801,2.2113],[-53.2298,2.2049],[-53.2522,2.2323],[-53.2855,2.2952],[-53.3344,2.3397],[-53.366,2.3242],[-53.4318,2.2794],[-53.509,2.2531],[-53.564,2.2619],[-53.6837,2.2929],[-53.7347,2.3085],[-53.7501,2.335],[-53.7678,2.3548],[-53.7942,2.346],[-53.8295,2.3129],[-53.8766,2.2783],[-53.9464,2.2326],[-54.0897,2.1505],[-54.1301,2.121],[-54.1674,2.1371],[-54.228,2.1533],[-54.2931,2.1542],[-54.4331,2.2075],[-54.5151,2.2455],[-54.5505,2.2931],[-54.5919,2.3138],[-54.6163,2.3268]]]]}},{"type":"Feature","properties":{"isoName":"ESP","fullName":"Spain","alternativeNames":[],"centreCoords":[40.5,-3.15],"capitalCity":"Madrid"},"geometry":{"type":"MultiPolygon","coordinates":[[[[1.5939,38.6721],[1.5712,38.6588],[1.505,38.671],[1.4058,38.671],[1.402,38.7114],[1.4172,38.7396],[1.4363,38.7682],[1.4969,38.7119],[1.5927,38.7015],[1.5939,38.6721]]],[[[3.1453,39.7901],[3.2411,39.7567],[3.3422,39.7867],[3.3959,39.7773],[3.4489,39.7612],[3.4618,39.6978],[3.4146,39.6271],[3.3487,39.5557],[3.293,39.4771],[3.2447,39.3866],[3.1546,39.3333],[3.0729,39.3013],[2.9001,39.3684],[2.7998,39.3851],[2.7698,39.4103],[2.746,39.5103],[2.7006,39.5421],[2.6341,39.5562],[2.5759,39.5307],[2.4995,39.4779],[2.4588,39.5305],[2.3943,39.5404],[2.37,39.5721],[2.3713,39.6131],[2.785,39.8548],[2.9048,39.9083],[3.1587,39.9705],[3.1976,39.9611],[3.1645,39.9242],[3.167,39.9077],[3.1986,39.8898],[3.1909,39.8614],[3.1587,39.8366],[3.1453,39.7901]]],[[[4.2937,39.8418],[4.2753,39.8303],[3.9677,39.9459],[3.8672,39.9587],[3.8427,39.9764],[3.8454,40.0365],[3.8534,40.063],[4.0592,40.0751],[4.2258,40.0324],[4.3151,39.9172],[4.3221,39.8975],[4.2937,39.8418]]],[[[1.4452,38.9187],[1.409,38.8573],[1.2569,38.879],[1.2233,38.9039],[1.2563,38.9734],[1.2998,38.9817],[1.3025,39.0312],[1.3486,39.0808],[1.5645,39.121],[1.6132,39.0874],[1.6236,39.0388],[1.4945,38.9325],[1.4452,38.9187]]],[[[-1.794,43.4073],[-1.7927,43.3726],[-1.7533,43.3247],[-1.7128,43.307],[-1.6271,43.2825],[-1.5615,43.2792],[-1.4717,43.2677],[-1.4107,43.2401],[-1.4073,43.1971],[-1.4226,43.1491],[-1.4594,43.105],[-1.4805,43.0711],[-1.4608,43.0518],[-1.4288,43.0368],[-1.394,43.0326],[-1.3705,43.0376],[-1.3527,43.0643],[-1.3188,43.097],[-1.3,43.101],[-1.3016,43.0825],[-1.2854,43.0596],[-1.1754,43.0211],[-0.9338,42.9495],[-0.8392,42.9482],[-0.7626,42.9398],[-0.7402,42.9095],[-0.5864,42.799],[-0.5498,42.802],[-0.4812,42.7993],[-0.3984,42.8081],[-0.3386,42.8288],[-0.2993,42.8253],[-0.2561,42.804],[-0.2053,42.7853],[-0.14,42.7489],[-0.0815,42.7039],[-0.0412,42.6891],[0.2014,42.7193],[0.2555,42.6929],[0.3129,42.6933],[0.3772,42.7001],[0.5177,42.6863],[0.6316,42.6896],[0.642,42.7006],[0.6518,42.8004],[0.6698,42.8357],[0.6969,42.8451],[0.7645,42.838],[1.0101,42.779],[1.1111,42.742],[1.2083,42.7131],[1.2933,42.71],[1.3494,42.6907],[1.4283,42.5959],[1.4148,42.5484],[1.422,42.5308],[1.4303,42.4979],[1.4281,42.4613],[1.4488,42.4375],[1.4862,42.4345],[1.5341,42.4417],[1.5864,42.456],[1.6785,42.4967],[1.7061,42.5033],[1.8598,42.4571],[1.9279,42.4263],[1.9515,42.3928],[1.9865,42.3585],[2.0327,42.3535],[2.0983,42.3861],[2.2004,42.4209],[2.3744,42.3903],[2.568,42.3458],[2.6517,42.3405],[2.6548,42.3621],[2.67,42.393],[2.7019,42.4085],[2.7494,42.413],[2.8156,42.4292],[2.8914,42.4561],[2.97,42.4672],[3.0526,42.4472],[3.1521,42.431],[3.2114,42.4312],[3.2398,42.3679],[3.2879,42.3437],[3.3067,42.289],[3.2187,42.2604],[3.1664,42.2565],[3.1504,42.1625],[3.1752,42.136],[3.2246,42.1111],[3.2381,42.0822],[3.248,41.9442],[3.1469,41.861],[3.0049,41.7674],[2.3109,41.4665],[2.1456,41.3208],[2.0826,41.2874],[1.5666,41.1956],[1.2059,41.0976],[1.0329,41.0621],[0.8169,40.8916],[0.7146,40.8229],[0.7961,40.8038],[0.8911,40.7224],[0.8592,40.6862],[0.7206,40.6305],[0.6601,40.6133],[0.6271,40.6222],[0.5961,40.6145],[0.3637,40.319],[0.1584,40.1066],[0.0431,40.014],[-0.0751,39.8759],[-0.327,39.5199],[-0.329,39.4171],[-0.2049,39.0626],[-0.1338,38.9695],[-0.0341,38.8912],[0.1549,38.8247],[0.2016,38.7592],[0.1363,38.6968],[-0.0527,38.5857],[-0.3812,38.4356],[-0.5208,38.3173],[-0.5507,38.2031],[-0.6468,38.1519],[-0.6832,37.992],[-0.7416,37.8861],[-0.7527,37.8502],[-0.8146,37.7699],[-0.8231,37.7116],[-0.7216,37.6311],[-0.7719,37.5962],[-0.8222,37.5808],[-0.9381,37.5713],[-1.3275,37.5611],[-1.641,37.387],[-1.7976,37.2329],[-1.9393,36.9459],[-2.1115,36.7767],[-2.1877,36.7455],[-2.3056,36.8198],[-2.4528,36.8312],[-2.5957,36.8065],[-2.6706,36.7476],[-2.7875,36.7147],[-2.9019,36.7432],[-3.1492,36.7585],[-3.2591,36.7558],[-3.4312,36.7079],[-3.5788,36.7398],[-3.8278,36.7561],[-4.3668,36.7181],[-4.4349,36.7002],[-4.5022,36.6292],[-4.6741,36.5064],[-4.9353,36.5021],[-5.1715,36.4238],[-5.2305,36.3736],[-5.3297,36.2357],[-5.3609,36.1349],[-5.3816,36.1341],[-5.4072,36.1589],[-5.4436,36.1506],[-5.4625,36.0738],[-5.5513,36.0388],[-5.6255,36.0259],[-5.8084,36.0883],[-5.9607,36.1817],[-6.0407,36.1884],[-6.1705,36.3338],[-6.2263,36.4265],[-6.2659,36.5265],[-6.2577,36.5648],[-6.2689,36.5967],[-6.3841,36.637],[-6.4123,36.7289],[-6.3283,36.8481],[-6.2594,36.899],[-6.2168,36.9136],[-6.3209,36.9085],[-6.3962,36.8316],[-6.4924,36.9546],[-6.8846,37.1942],[-6.8594,37.2492],[-6.8638,37.2789],[-6.9295,37.2149],[-6.9747,37.1984],[-7.175,37.2088],[-7.4062,37.1794],[-7.4672,37.428],[-7.496,37.5236],[-7.5035,37.5855],[-7.4439,37.7283],[-7.3789,37.7864],[-7.2922,37.9064],[-7.1854,38.0063],[-7.0725,38.03],[-7.0229,38.0447],[-6.9811,38.122],[-6.9576,38.1879],[-6.9748,38.1944],[-7.1064,38.181],[-7.343,38.4574],[-7.3358,38.5015],[-7.306,38.5668],[-7.2864,38.6494],[-7.2815,38.7146],[-7.2199,38.7705],[-7.1255,38.827],[-7.046,38.907],[-7.0062,38.9853],[-6.9979,39.0564],[-7.043,39.1071],[-7.1724,39.1352],[-7.3058,39.3381],[-7.3354,39.4651],[-7.3627,39.4783],[-7.4451,39.5362],[-7.5242,39.6447],[-7.5357,39.6616],[-7.4541,39.6807],[-7.1177,39.6817],[-7.0474,39.7056],[-7.0367,39.714],[-6.9754,39.7984],[-6.9112,39.9371],[-6.8961,40.0218],[-6.9164,40.0568],[-7.0278,40.1426],[-7.0326,40.1679],[-7.0147,40.2084],[-6.9484,40.2516],[-6.8589,40.3007],[-6.8102,40.3431],[-6.8218,40.3763],[-6.8479,40.411],[-6.8521,40.4433],[-6.8357,40.4832],[-6.8298,40.6191],[-6.8184,40.6541],[-6.8359,40.7775],[-6.8577,40.8783],[-6.9285,41.0091],[-6.9155,41.038],[-6.8828,41.0624],[-6.7758,41.1077],[-6.6901,41.2145],[-6.5659,41.3037],[-6.4031,41.3754],[-6.2894,41.455],[-6.2443,41.5159],[-6.2125,41.532],[-6.2217,41.5604],[-6.2431,41.6018],[-6.3081,41.6422],[-6.3917,41.6654],[-6.4847,41.6644],[-6.5422,41.6725],[-6.559,41.7041],[-6.5526,41.7896],[-6.5575,41.8741],[-6.5753,41.9131],[-6.6183,41.9424],[-6.7036,41.9346],[-6.7773,41.9585],[-6.8332,41.9642],[-6.8655,41.9453],[-7.0305,41.9506],[-7.0991,41.9642],[-7.1471,41.9812],[-7.1779,41.9717],[-7.1954,41.9552],[-7.1983,41.9294],[-7.2096,41.8953],[-7.2686,41.8644],[-7.4036,41.8337],[-7.5126,41.836],[-7.6126,41.858],[-7.6447,41.874],[-7.6931,41.8885],[-7.8964,41.8706],[-7.9208,41.8836],[-7.991,41.8519],[-8.0944,41.8142],[-8.1525,41.812],[-8.1735,41.82],[-8.1813,41.837],[-8.2248,41.8959],[-8.2133,41.9271],[-8.13,42.0182],[-8.1393,42.0399],[-8.1736,42.0694],[-8.2042,42.1119],[-8.2131,42.1337],[-8.2661,42.1374],[-8.3226,42.1151],[-8.5381,42.0693],[-8.5896,42.0527],[-8.683,42.0085],[-8.7771,41.9411],[-8.8523,41.9269],[-8.8783,41.9469],[-8.8872,42.1053],[-8.7725,42.2106],[-8.6909,42.2742],[-8.7292,42.287],[-8.8158,42.2853],[-8.81,42.3345],[-8.7694,42.3582],[-8.73,42.4117],[-8.7762,42.4348],[-8.8121,42.4701],[-8.8099,42.5624],[-8.7999,42.5999],[-8.8115,42.6403],[-8.9878,42.5856],[-9.0331,42.5938],[-9.0351,42.6624],[-8.9372,42.7667],[-8.9272,42.7986],[-9.0416,42.814],[-9.1272,42.8652],[-9.1794,42.911],[-9.2352,42.9769],[-9.2356,43.0358],[-9.1781,43.174],[-9.0956,43.2142],[-9.0245,43.239],[-8.8737,43.3344],[-8.6656,43.3166],[-8.5371,43.3371],[-8.4216,43.3858],[-8.3555,43.3968],[-8.2489,43.4394],[-8.2523,43.4969],[-8.2889,43.5396],[-8.2567,43.5799],[-8.1372,43.6291],[-8.0047,43.6944],[-7.8527,43.707],[-7.6981,43.7646],[-7.5946,43.7273],[-7.5036,43.7399],[-7.3993,43.6958],[-7.262,43.5946],[-7.061,43.554],[-6.9007,43.5856],[-6.6173,43.5924],[-6.4757,43.5789],[-6.2241,43.6039],[-6.0801,43.5949],[-5.8467,43.6451],[-5.6658,43.5825],[-5.3157,43.5532],[-5.1053,43.5019],[-4.523,43.4157],[-4.3128,43.4147],[-4.0153,43.4631],[-3.8894,43.4994],[-3.774,43.4779],[-3.6046,43.5195],[-3.5236,43.511],[-3.4179,43.4517],[-3.0456,43.3716],[-2.9477,43.4397],[-2.875,43.4544],[-2.6071,43.4127],[-2.3371,43.328],[-2.1967,43.3219],[-1.9913,43.3451],[-1.8285,43.4008],[-1.794,43.4073]]],[[[-16.3345,28.3799],[-16.4182,28.1514],[-16.4962,28.0619],[-16.5428,28.0321],[-16.658,28.0072],[-16.7947,28.1492],[-16.866,28.2933],[-16.9053,28.3396],[-16.8431,28.3761],[-16.7521,28.3698],[-16.5568,28.4005],[-16.5174,28.4127],[-16.319,28.5582],[-16.1236,28.576],[-16.1191,28.5283],[-16.3345,28.3799]]],[[[-13.716,28.9112],[-13.784,28.8455],[-13.8599,28.8691],[-13.8236,29.0133],[-13.7882,29.0561],[-13.6501,29.119],[-13.5351,29.1443],[-13.5014,29.2112],[-13.4636,29.2372],[-13.4229,29.1975],[-13.4538,29.1514],[-13.4779,29.0066],[-13.5547,28.9602],[-13.716,28.9112]]],[[[-14.1968,28.1693],[-14.3326,28.056],[-14.4686,28.0824],[-14.4918,28.1009],[-14.3556,28.1297],[-14.232,28.2158],[-14.1526,28.4066],[-14.0284,28.6174],[-14.0034,28.7067],[-13.9542,28.7415],[-13.8863,28.7447],[-13.8572,28.738],[-13.8271,28.6912],[-13.8276,28.5852],[-13.863,28.4093],[-13.928,28.2535],[-14.1968,28.1693]]],[[[-15.4006,28.1474],[-15.4067,28.0705],[-15.3832,27.9928],[-15.3892,27.8747],[-15.4368,27.8107],[-15.5594,27.747],[-15.6558,27.7584],[-15.7103,27.7841],[-15.8073,27.8875],[-15.8095,27.9945],[-15.7209,28.0642],[-15.6828,28.1541],[-15.4528,28.1369],[-15.4327,28.1542],[-15.4155,28.1593],[-15.4006,28.1474]]],[[[-17.1847,28.022],[-17.2254,28.0135],[-17.2739,28.0383],[-17.3249,28.1177],[-17.2903,28.1763],[-17.2586,28.2032],[-17.2144,28.1993],[-17.1296,28.156],[-17.1038,28.1111],[-17.1011,28.0834],[-17.1847,28.022]]],[[[-17.8879,27.8096],[-17.9848,27.6464],[-18.1066,27.7075],[-18.1359,27.7279],[-18.1605,27.7615],[-18.0434,27.7681],[-17.9245,27.8501],[-17.8879,27.8096]]],[[[-17.8343,28.4932],[-17.8594,28.4857],[-17.8821,28.5646],[-18.0008,28.7583],[-17.9288,28.8446],[-17.7976,28.8468],[-17.7445,28.7866],[-17.7266,28.7245],[-17.7516,28.6886],[-17.7444,28.616],[-17.758,28.5691],[-17.8343,28.4932]]]]}},{"type":"Feature","properties":{"isoName":"NGA","fullName":"Nigeria","alternativeNames":[],"centreCoords":[9.2,8.2],"capitalCity":"Abuja"},"geometry":{"type":"MultiPolygon","coordinates":[[[[7.3008,4.4182],[7.2039,4.3876],[7.1404,4.3951],[7.2273,4.5273],[7.2714,4.4989],[7.3279,4.4872],[7.3008,4.4182]]],[[[13.6063,13.7046],[13.7635,13.4896],[13.9323,13.2585],[14.064,13.0785],[14.1601,12.6128],[14.1703,12.5241],[14.1776,12.4841],[14.1849,12.4472],[14.1975,12.3838],[14.2729,12.3565],[14.4154,12.3441],[14.5189,12.2982],[14.581,12.2221],[14.587,12.2094],[14.6197,12.151],[14.6271,12.1087],[14.6182,11.9866],[14.5974,11.8298],[14.5618,11.7287],[14.5816,11.5912],[14.5754,11.5324],[14.5598,11.4923],[14.4961,11.4461],[14.4095,11.4012],[14.2023,11.2682],[14.1433,11.2485],[14.0567,11.245],[13.9814,11.2119],[13.8921,11.1401],[13.6999,10.8731],[13.5354,10.6051],[13.4785,10.3833],[13.4146,10.1714],[13.2699,10.0362],[13.2498,9.9601],[13.2438,9.9159],[13.2388,9.814],[13.2212,9.6452],[13.1987,9.5638],[13.1755,9.5396],[13.0194,9.4883],[12.9295,9.4263],[12.8757,9.3035],[12.856,9.1708],[12.8244,9.0194],[12.8065,8.8866],[12.7822,8.8179],[12.7312,8.7457],[12.6516,8.6678],[12.5827,8.6241],[12.4035,8.5956],[12.3113,8.4197],[12.2334,8.2823],[12.2312,8.2274],[12.156,7.9425],[12.0252,7.7278],[12.0166,7.652],[12.016,7.5897],[11.8524,7.4007],[11.8092,7.3451],[11.7674,7.2723],[11.8086,7.202],[11.8548,7.138],[11.8614,7.1164],[11.787,7.0562],[11.6575,6.9516],[11.5801,6.8889],[11.563,6.8546],[11.5517,6.6973],[11.5291,6.655],[11.4775,6.5974],[11.4018,6.5339],[11.3246,6.4847],[11.2373,6.4505],[11.1533,6.4379],[11.1064,6.4577],[11.0797,6.5055],[11.0325,6.6979],[11.0087,6.7391],[10.9542,6.7766],[10.8465,6.8818],[10.7376,6.9883],[10.6062,7.0631],[10.5781,7.0577],[10.5563,7.0375],[10.519,6.9305],[10.4823,6.8913],[10.4132,6.8777],[10.2931,6.8768],[10.2055,6.8916],[10.1855,6.9128],[10.1678,6.9592],[10.1436,6.9964],[10.0389,6.9214],[9.8742,6.8033],[9.8207,6.7839],[9.7799,6.7602],[9.7256,6.65],[9.66,6.532],[9.574,6.4704],[9.4902,6.4187],[9.4422,6.3734],[9.3733,6.3196],[9.2388,6.1861],[9.0602,6.0091],[8.9972,5.9177],[8.9351,5.781],[8.8988,5.6297],[8.8592,5.4638],[8.801,5.1975],[8.7156,5.0469],[8.6405,4.927],[8.5852,4.8328],[8.5559,4.7552],[8.5437,4.7578],[8.5148,4.7247],[8.4313,4.7462],[8.3937,4.8138],[8.3421,4.8248],[8.2527,4.924],[8.2338,4.9075],[8.328,4.6561],[8.2931,4.5576],[8.0285,4.5554],[7.8008,4.5223],[7.6442,4.5253],[7.5656,4.5609],[7.5308,4.6552],[7.5174,4.6455],[7.5095,4.5949],[7.4599,4.5552],[7.2844,4.5477],[7.2067,4.6121],[7.1438,4.6841],[7.0766,4.7162],[7.0869,4.6858],[7.1642,4.6156],[7.1547,4.5144],[7.0134,4.3973],[6.9232,4.3907],[6.8679,4.4411],[6.8392,4.5235],[6.8247,4.6453],[6.7876,4.7247],[6.7677,4.7247],[6.786,4.652],[6.7922,4.5926],[6.7931,4.4691],[6.8604,4.3733],[6.757,4.3436],[6.7151,4.3424],[6.633,4.3402],[6.6173,4.3758],[6.6016,4.4552],[6.58,4.476],[6.5546,4.3414],[6.5,4.3319],[6.4621,4.3332],[6.2998,4.3039],[6.2637,4.3094],[6.256,4.3345],[6.2753,4.3717],[6.271,4.4321],[6.2146,4.3855],[6.2056,4.2923],[6.1733,4.2774],[6.0766,4.2906],[5.9707,4.3386],[5.9064,4.3877],[5.7986,4.456],[5.5878,4.6472],[5.5536,4.7332],[5.4933,4.8388],[5.4481,4.9459],[5.3833,5.129],[5.4032,5.1423],[5.4521,5.1266],[5.476,5.1539],[5.3883,5.1738],[5.37,5.195],[5.3642,5.2593],[5.368,5.3377],[5.4393,5.3653],[5.5009,5.3786],[5.5318,5.4264],[5.5497,5.4742],[5.3858,5.4018],[5.2324,5.4838],[5.1992,5.5335],[5.2158,5.5717],[5.2891,5.5775],[5.3938,5.5745],[5.4566,5.6117],[5.4181,5.6247],[5.3503,5.6233],[5.3253,5.6479],[5.3273,5.7075],[5.3054,5.6943],[5.2763,5.6416],[5.1729,5.6027],[5.1124,5.6416],[5.1063,5.7281],[5.0931,5.7671],[5.0421,5.7975],[4.861,6.0263],[4.6336,6.2172],[4.4313,6.3486],[4.1259,6.4114],[3.4866,6.4089],[3.4508,6.4271],[3.4899,6.4573],[3.5461,6.4774],[3.7517,6.5838],[3.717,6.5979],[3.5033,6.5313],[3.4302,6.525],[3.3355,6.3969],[2.7725,6.3757],[2.7064,6.3692],[2.708,6.4277],[2.7356,6.5957],[2.7537,6.6618],[2.7746,6.7117],[2.7529,6.7716],[2.7317,6.8528],[2.7214,6.9803],[2.7478,7.0198],[2.7567,7.0679],[2.7506,7.1432],[2.7505,7.3951],[2.7658,7.4225],[2.784,7.4434],[2.7852,7.4769],[2.751,7.5419],[2.7193,7.6163],[2.7204,7.7231],[2.7077,7.8266],[2.686,7.8737],[2.7023,8.0498],[2.7115,8.273],[2.7031,8.3718],[2.7236,8.4419],[2.7347,8.614],[2.7329,8.7825],[2.7748,9.0485],[2.898,9.0614],[3.0449,9.0838],[3.1104,9.1883],[3.148,9.3206],[3.1361,9.4516],[3.1646,9.4947],[3.2234,9.5656],[3.3295,9.667],[3.3252,9.7785],[3.3545,9.8128],[3.4048,9.8386],[3.4768,9.8519],[3.5572,9.9073],[3.6021,10.0045],[3.6459,10.1602],[3.5766,10.2684],[3.5779,10.2925],[3.6041,10.3507],[3.6466,10.409],[3.6803,10.4278],[3.7585,10.4127],[3.7718,10.4176],[3.7838,10.4359],[3.8345,10.6074],[3.8297,10.6538],[3.7568,10.7688],[3.7449,10.8504],[3.7342,10.9719],[3.7164,11.0796],[3.6953,11.1203],[3.6562,11.1546],[3.6389,11.1769],[3.4878,11.3954],[3.4905,11.4992],[3.5539,11.6319],[3.5954,11.6963],[3.6531,11.7318],[3.6647,11.7625],[3.6474,11.7997],[3.6185,11.8277],[3.6118,11.8873],[3.6201,11.927],[3.6406,11.9704],[3.6325,12.0616],[3.6342,12.2016],[3.6438,12.4053],[3.6467,12.53],[3.7692,12.6222],[3.9479,12.775],[4.0388,12.9347],[4.0874,13.0555],[4.1476,13.4577],[4.1908,13.4821],[4.2422,13.5011],[4.4214,13.6475],[4.5595,13.7018],[4.6648,13.7332],[4.8233,13.7598],[4.9217,13.7491],[5.1009,13.7427],[5.2419,13.7572],[5.3616,13.8369],[5.4158,13.8592],[5.492,13.8729],[5.8382,13.7654],[6.1843,13.6637],[6.2472,13.673],[6.2998,13.6588],[6.3863,13.6036],[6.5141,13.4854],[6.5899,13.4091],[6.6266,13.3643],[6.8043,13.1077],[6.8706,13.0433],[6.9372,13.0082],[7.0051,12.9956],[7.0567,13.0002],[7.1061,13.0291],[7.173,13.0863],[7.2747,13.1123],[7.3578,13.1072],[7.7887,13.3379],[7.8305,13.3409],[7.9558,13.3228],[8.095,13.2912],[8.4561,13.0597],[8.7506,12.9082],[8.9576,12.8575],[9.2016,12.8215],[9.6159,12.8106],[9.9293,13.1353],[10.0451,13.2062],[10.1847,13.2701],[10.2296,13.281],[10.4759,13.3302],[10.9589,13.3715],[11.4119,13.3536],[11.5011,13.3405],[11.6934,13.2977],[11.99,13.1918],[12.118,13.0904],[12.319,13.0737],[12.4632,13.0938],[12.5102,13.1943],[12.6548,13.3266],[12.76,13.3804],[12.8717,13.449],[13.0484,13.5345],[13.1938,13.573],[13.3238,13.6708],[13.427,13.7018],[13.6063,13.7046]]]]}},{"type":"Feature","properties":{"isoName":"RUS","fullName":"Russia","alternativeNames":["Russian Federation"],"centreCoords":[60,87],"capitalCity":"Moscow"},"geometry":{"type":"MultiPolygon","coordinates":[[[[145.8815,43.4595],[145.8956,43.4545],[145.9139,43.4554],[145.9312,43.457],[145.9411,43.4455],[145.9436,43.4265],[145.9312,43.4256],[145.9072,43.4223],[145.8939,43.4198],[145.8865,43.4331],[145.8815,43.4438],[145.8691,43.4504],[145.8691,43.4579],[145.8815,43.4595]]],[[[146.3588,43.6254],[146.3323,43.6199],[146.2882,43.6254],[146.2738,43.6298],[146.2837,43.6386],[146.3102,43.6519],[146.3333,43.6475],[146.3498,43.6441],[146.3588,43.6254]]],[[[146.0456,43.4093],[146.0323,43.4071],[146.028,43.4204],[146.0489,43.4336],[146.0886,43.449],[146.1008,43.4402],[146.0863,43.4292],[146.0699,43.4215],[146.0456,43.4093]]],[[[137.1786,55.1004],[137.0553,54.9268],[136.9694,54.924],[136.9027,54.9606],[136.7651,54.946],[136.7146,54.9562],[136.7953,55.0094],[136.9957,55.0927],[137.0775,55.0917],[137.1561,55.1078],[137.1786,55.1004]]],[[[150.5899,59.0187],[150.5111,59.0074],[150.4718,59.0348],[150.4702,59.0541],[150.5925,59.0972],[150.6662,59.1602],[150.7127,59.1225],[150.7277,59.0952],[150.5899,59.0187]]],[[[120.2613,73.0898],[120.0079,73.0449],[119.7921,73.0454],[119.6404,73.1243],[119.7619,73.1555],[119.9645,73.1677],[120.0785,73.1567],[120.2368,73.1073],[120.2613,73.0898]]],[[[124.543,73.8501],[124.4817,73.8479],[124.3664,73.8746],[124.3357,73.9103],[124.3365,73.9284],[124.4297,73.943],[124.5477,73.9338],[124.6369,73.9004],[124.6529,73.888],[124.543,73.8501]]],[[[106.2704,78.2062],[106.1511,78.1986],[106.0236,78.2201],[106.0584,78.2646],[106.3506,78.2726],[106.4568,78.34],[106.6404,78.3362],[106.6912,78.3166],[106.7196,78.2942],[106.7189,78.265],[106.6791,78.265],[106.5047,78.2617],[106.4725,78.245],[106.2704,78.2062]]],[[[107.4147,77.2427],[107.3022,77.2415],[107.2695,77.289],[107.3664,77.3466],[107.4864,77.3471],[107.5937,77.33],[107.6293,77.3197],[107.6646,77.2998],[107.6795,77.2683],[107.4147,77.2427]]],[[[97.5884,76.5994],[97.5353,76.5844],[97.4304,76.5907],[97.3417,76.6289],[97.3104,76.6896],[97.3816,76.7067],[97.5884,76.5994]]],[[[96.8539,76.1992],[96.7979,76.1884],[96.7545,76.1958],[96.7394,76.2069],[96.7402,76.2579],[96.8329,76.3242],[96.8353,76.3448],[96.8779,76.3552],[96.9902,76.3434],[97.0453,76.3154],[97.053,76.3026],[96.9742,76.2365],[96.8539,76.1992]]],[[[100.1359,79.6142],[99.9154,79.6016],[99.9423,79.6714],[99.9558,79.6903],[100.0684,79.701],[100.1415,79.6837],[100.3003,79.6703],[100.1359,79.6142]]],[[[76.7561,73.4458],[76.6594,73.4395],[76.2345,73.4762],[76.0831,73.5235],[76.1396,73.5543],[76.2507,73.5553],[76.7561,73.4458]]],[[[82.71,74.0909],[82.6128,74.0564],[82.4781,74.0758],[82.3815,74.0992],[82.3294,74.1311],[82.3824,74.1493],[82.5256,74.1614],[82.611,74.1485],[82.689,74.1112],[82.71,74.0909]]],[[[84.759,74.4594],[84.7104,74.3998],[84.4289,74.4303],[84.3895,74.4544],[84.5403,74.4904],[84.6799,74.5124],[84.8729,74.5155],[84.759,74.4594]]],[[[86.6531,74.9813],[86.7371,74.963],[87.0006,74.9919],[87.0521,74.9826],[87.1243,74.9399],[87.0117,74.8619],[86.9271,74.8308],[86.692,74.8483],[86.3905,74.8509],[86.2586,74.8935],[86.3307,74.939],[86.5045,74.966],[86.6055,74.9928],[86.6531,74.9813]]],[[[59.3131,81.3052],[59.097,81.2923],[58.719,81.3135],[58.6102,81.3373],[58.6345,81.3604],[58.8806,81.3918],[59.075,81.3977],[59.2809,81.3661],[59.3746,81.325],[59.3131,81.3052]]],[[[-179.7985,68.9404],[-179.5954,68.9065],[-179.5145,68.9171],[-179.4709,68.9124],[-179.356,68.853],[-179.2793,68.8252],[-178.8739,68.7541],[-178.6893,68.6751],[-178.5385,68.5856],[-178.6137,68.6031],[-178.7515,68.6604],[-178.7365,68.593],[-178.6926,68.546],[-178.4739,68.5018],[-178.2445,68.4667],[-178.0975,68.4248],[-178.0487,68.3884],[-178.0187,68.3228],[-178.0558,68.2649],[-177.9224,68.2865],[-177.7968,68.338],[-177.8618,68.3782],[-178.2845,68.5186],[-178.373,68.5657],[-178.2499,68.5414],[-177.6832,68.3628],[-177.5272,68.2944],[-177.5932,68.2812],[-177.6394,68.2412],[-177.5892,68.2242],[-177.5209,68.2369],[-177.4075,68.2452],[-177.2974,68.2225],[-177.1718,68.1747],[-176.9073,68.1191],[-175.3452,67.6781],[-175.3099,67.6021],[-175.2659,67.5665],[-175.2396,67.5211],[-175.2325,67.4467],[-175.3747,67.3574],[-175.1551,67.3654],[-175.1228,67.377],[-175.0656,67.4134],[-175.0027,67.4375],[-174.9181,67.4076],[-174.8499,67.3489],[-174.8699,67.2685],[-174.9304,67.2035],[-174.9381,67.093],[-174.8851,67.0002],[-174.8287,66.9614],[-174.7836,66.9168],[-174.7712,66.7843],[-174.8701,66.7249],[-174.9249,66.6231],[-174.8643,66.6131],[-174.6747,66.6034],[-174.6125,66.5854],[-174.5038,66.5379],[-174.4777,66.4922],[-174.4538,66.4299],[-174.4187,66.372],[-174.3941,66.3442],[-174.3661,66.3483],[-174.257,66.4285],[-174.206,66.4523],[-174.0848,66.4731],[-174.0177,66.3825],[-174.065,66.2296],[-174.0254,66.2297],[-173.9945,66.2458],[-173.9555,66.2868],[-173.9,66.3105],[-173.832,66.3661],[-173.774,66.4347],[-173.8425,66.4883],[-173.9209,66.5218],[-174.1019,66.5406],[-174.1963,66.5807],[-174.2316,66.6319],[-174.1396,66.6526],[-174.0606,66.6898],[-174.0055,66.7786],[-174.0188,66.8274],[-174.041,66.8755],[-174.0864,66.9429],[-174.1543,66.982],[-174.2835,67.0016],[-174.3418,67.0397],[-174.4309,67.0376],[-174.5189,67.0491],[-174.5545,67.063],[-174.5501,67.0906],[-174.4476,67.1031],[-173.884,67.1064],[-173.6797,67.1448],[-173.5866,67.1328],[-173.494,67.1052],[-173.1578,67.0691],[-173.1676,67.0522],[-173.2242,67.0351],[-173.3235,66.9548],[-173.3431,66.9092],[-173.3474,66.8514],[-173.2589,66.8401],[-173.1754,66.8646],[-173.2162,66.9112],[-173.2283,66.9686],[-173.193,66.9936],[-173.1468,66.999],[-173.0585,66.9559],[-172.9626,66.9421],[-172.6406,66.925],[-172.5494,66.9305],[-172.5201,66.9525],[-172.583,66.9778],[-173.0019,67.034],[-173.0075,67.0649],[-172.621,67.0268],[-172.4473,66.9917],[-172.2739,66.9656],[-172.0315,66.9733],[-171.7956,66.9317],[-171.5696,66.8187],[-171.3605,66.6768],[-171.1493,66.5927],[-170.9267,66.5297],[-170.5557,66.3572],[-170.5095,66.3437],[-170.4731,66.3203],[-170.5428,66.2911],[-170.6044,66.2489],[-170.4833,66.2781],[-170.3611,66.2979],[-170.3012,66.294],[-170.247,66.2719],[-170.2116,66.2364],[-170.1919,66.2013],[-170.2439,66.1693],[-169.8888,66.1635],[-169.7779,66.1431],[-169.7292,66.0581],[-169.8317,65.9989],[-169.8917,66.0061],[-169.9493,66.031],[-170.0038,66.0335],[-170.1594,66.0081],[-170.401,65.9285],[-170.5407,65.8654],[-170.563,65.8236],[-170.5414,65.7103],[-170.561,65.6562],[-170.6663,65.6215],[-170.8969,65.6426],[-171.0015,65.6649],[-171.119,65.695],[-171.232,65.7369],[-171.3769,65.804],[-171.4215,65.8104],[-171.4512,65.7942],[-171.4017,65.7518],[-171.3032,65.6985],[-171.1344,65.6281],[-171.0542,65.55],[-171.1059,65.511],[-171.17,65.5021],[-171.216,65.5028],[-171.3638,65.5272],[-171.4663,65.5331],[-171.7904,65.5104],[-171.9071,65.4959],[-171.9472,65.508],[-171.9572,65.5421],[-172.1315,65.5669],[-172.2339,65.5705],[-172.2823,65.5823],[-172.3223,65.6175],[-172.4357,65.6696],[-172.6077,65.69],[-172.7192,65.6924],[-172.7833,65.6811],[-172.5565,65.612],[-172.354,65.496],[-172.392,65.4746],[-172.4178,65.4496],[-172.3057,65.4478],[-172.2328,65.4557],[-172.2116,65.4252],[-172.2699,65.3027],[-172.3093,65.2756],[-172.6619,65.2485],[-172.5731,65.2282],[-172.4821,65.2219],[-172.3787,65.2267],[-172.286,65.2057],[-172.2237,65.1287],[-172.2132,65.0481],[-172.3043,65.0021],[-172.3987,64.9647],[-172.5928,64.908],[-172.7925,64.8829],[-172.8974,64.8892],[-172.9991,64.8766],[-173.0662,64.8472],[-173.0858,64.8173],[-172.998,64.8371],[-172.8969,64.8261],[-172.8011,64.7905],[-172.8116,64.7612],[-172.9026,64.7292],[-172.924,64.7049],[-172.8891,64.664],[-172.9009,64.6289],[-172.8542,64.6099],[-172.7469,64.6033],[-172.6161,64.5779],[-172.4874,64.5442],[-172.4366,64.5153],[-172.3938,64.4747],[-172.3788,64.4315],[-172.4015,64.4139],[-172.6947,64.4071],[-172.7392,64.4123],[-172.756,64.46],[-172.7915,64.4989],[-172.9032,64.5261],[-172.949,64.5074],[-172.9159,64.3694],[-172.9601,64.3277],[-173.0091,64.2975],[-173.1574,64.2797],[-173.2755,64.2896],[-173.3757,64.3549],[-173.3755,64.4104],[-173.3092,64.4427],[-173.3093,64.4875],[-173.3275,64.5396],[-173.3957,64.479],[-173.475,64.4286],[-173.6036,64.3655],[-173.666,64.3573],[-173.7297,64.3645],[-173.8979,64.4097],[-174.0014,64.449],[-174.2048,64.5778],[-174.318,64.6376],[-174.5706,64.7178],[-174.8305,64.776],[-175.036,64.8137],[-175.1458,64.8093],[-175.2559,64.794],[-175.3951,64.8024],[-175.4421,64.8167],[-175.4832,64.8486],[-175.5207,64.8671],[-175.7159,64.9461],[-175.8539,65.0108],[-175.8595,65.0542],[-175.8302,65.1055],[-175.8562,65.2328],[-175.9229,65.3525],[-176.0933,65.471],[-176.5475,65.5476],[-176.9221,65.6014],[-177.0563,65.6136],[-177.1752,65.6017],[-177.4888,65.5037],[-177.6986,65.4897],[-178.3102,65.4849],[-178.4125,65.4956],[-178.5046,65.5372],[-178.5259,65.593],[-178.4993,65.6966],[-178.5023,65.7404],[-178.5262,65.7552],[-178.5585,65.754],[-178.6791,65.7954],[-178.7911,65.8647],[-178.8793,65.9365],[-178.9391,66.0328],[-178.8583,66.0375],[-178.7467,66.0137],[-178.7306,66.0373],[-178.6938,66.1242],[-178.6163,66.166],[-178.5865,66.1984],[-178.5341,66.3166],[-178.5266,66.4016],[-178.6158,66.3552],[-178.7528,66.2373],[-178.8209,66.2027],[-178.8681,66.1871],[-178.9155,66.1799],[-179.0261,66.2035],[-179.1051,66.2319],[-179.1069,66.3461],[-179.1434,66.375],[-179.1784,66.3533],[-179.1927,66.3125],[-179.2932,66.3051],[-179.3401,66.2875],[-179.3162,66.2198],[-179.3272,66.1626],[-179.4227,66.1411],[-179.6162,66.1279],[-179.6833,66.1841],[-179.7409,66.1058],[-179.7836,66.018],[-179.7897,65.9009],[-179.7283,65.8038],[-179.6406,65.7576],[-179.4491,65.6878],[-179.366,65.6386],[-179.3444,65.5752],[-179.3521,65.5167],[-179.4517,65.4453],[-179.5193,65.3863],[-179.6352,65.2441],[-179.7046,65.1872],[-180,65.0672],[-180,65.312],[-180,65.5568],[-180,65.8016],[-180,66.0463],[-180,66.2911],[-180,66.5358],[-180,66.7806],[-180,67.0253],[-180,67.2701],[-180,67.5148],[-180,67.7596],[-180,68.0044],[-180,68.2491],[-180,68.4939],[-180,68.7387],[-180,68.9834],[-179.7985,68.9404]]],[[[130.6873,42.3025],[130.658,42.3278],[130.6516,42.3725],[130.618,42.4156],[130.5541,42.4747],[130.527,42.5354],[130.5845,42.5673],[130.5766,42.6232],[130.5206,42.6743],[130.4393,42.6855],[130.4199,42.6999],[130.4248,42.7271],[130.4527,42.7554],[130.493,42.7791],[130.5772,42.8116],[130.7225,42.8358],[130.8033,42.8568],[130.8686,42.8633],[130.9429,42.8518],[131.0056,42.8831],[131.0686,42.9022],[131.0835,42.9563],[131.0861,43.0381],[131.109,43.0625],[131.1355,43.0976],[131.1756,43.1422],[131.2119,43.2578],[131.2394,43.3376],[131.2573,43.3781],[131.2618,43.4331],[131.2439,43.469],[131.2092,43.4904],[131.1824,43.5056],[131.1801,43.5671],[131.1836,43.6509],[131.1742,43.7047],[131.2133,44.0029],[131.2553,44.0716],[131.1258,44.4692],[131.0869,44.5957],[131.0606,44.6597],[131.0039,44.7532],[130.9678,44.8],[130.9816,44.8443],[131.033,44.8889],[131.0823,44.91],[131.2279,44.9202],[131.2683,44.9361],[131.4469,44.984],[131.4875,45.0131],[131.5787,45.0836],[131.614,45.1366],[131.654,45.2054],[131.7421,45.2426],[131.7949,45.3053],[131.8519,45.3269],[131.9093,45.2737],[131.9775,45.244],[132.0674,45.226],[132.1813,45.2033],[132.363,45.16],[132.549,45.1228],[132.6656,45.0937],[132.7231,45.0806],[132.8387,45.0611],[132.8888,45.046],[132.936,45.0299],[133.0117,45.0746],[133.1135,45.1307],[133.0969,45.2205],[133.1134,45.3214],[133.186,45.4948],[133.267,45.5453],[133.3096,45.5531],[133.3555,45.5722],[133.4364,45.6047],[133.4656,45.6512],[133.4491,45.7051],[133.4758,45.7577],[133.4847,45.8104],[133.5131,45.8788],[133.5512,45.8978],[133.608,45.9203],[133.6479,45.9552],[133.6857,46.0089],[133.7111,46.0696],[133.7007,46.1397],[133.7502,46.1859],[133.8328,46.2243],[133.8613,46.2478],[133.8748,46.3091],[133.8803,46.336],[133.9027,46.3669],[133.8867,46.4306],[133.8666,46.4991],[133.9575,46.6143],[134.0227,46.7132],[134.0386,46.8582],[134.046,46.882],[134.0714,46.9508],[134.0864,46.9781],[134.1369,47.069],[134.2021,47.1281],[134.1893,47.1942],[134.163,47.2587],[134.1677,47.3022],[134.2252,47.3526],[134.2601,47.3777],[134.2908,47.4136],[134.3395,47.4295],[134.3825,47.4382],[134.4835,47.4474],[134.5419,47.4852],[134.5962,47.5239],[134.6958,47.6249],[134.7281,47.6845],[134.7523,47.7154],[134.6986,47.8014],[134.6503,47.8743],[134.5913,47.9752],[134.566,48.0225],[134.6054,48.0829],[134.6473,48.1202],[134.6693,48.1533],[134.6809,48.2104],[134.6652,48.2539],[134.5636,48.3217],[134.4562,48.3553],[134.335,48.3688],[134.2934,48.3734],[134.2059,48.3599],[133.8422,48.2737],[133.6718,48.2077],[133.5732,48.133],[133.4684,48.0972],[133.3012,48.1015],[133.144,48.1057],[133.0201,48.0644],[132.8771,47.9791],[132.7729,47.9401],[132.7072,47.9473],[132.6369,47.8901],[132.5619,47.7685],[132.4763,47.715],[132.3802,47.7295],[132.1498,47.718],[131.7853,47.6805],[131.5567,47.682],[131.4643,47.7226],[131.3193,47.7278],[131.1219,47.6977],[131.0027,47.6915],[130.9619,47.7093],[130.9328,47.7598],[130.9154,47.8429],[130.8486,47.9294],[130.7326,48.0192],[130.7121,48.1276],[130.7872,48.2546],[130.8043,48.3415],[130.7635,48.3884],[130.7469,48.4304],[130.6592,48.4834],[130.5973,48.5747],[130.5521,48.6025],[130.5656,48.6801],[130.6172,48.7732],[130.5531,48.8612],[130.3553,48.8664],[130.196,48.8916],[130.0371,48.9723],[129.7926,49.1989],[129.6711,49.2785],[129.5914,49.2867],[129.5337,49.3234],[129.4981,49.3888],[129.4407,49.3895],[129.3847,49.3895],[129.3501,49.3624],[129.3099,49.3539],[129.2484,49.3787],[129.1852,49.3814],[129.1201,49.3621],[129.0651,49.3747],[129.0203,49.4192],[128.9383,49.4489],[128.8193,49.4638],[128.7703,49.4947],[128.791,49.5418],[128.769,49.577],[128.704,49.6001],[128.5268,49.5942],[128.2371,49.5593],[127.9996,49.5686],[127.8143,49.6221],[127.7111,49.6715],[127.6901,49.7167],[127.6367,49.7602],[127.5508,49.8018],[127.5024,49.8734],[127.4918,49.975],[127.5123,50.0717],[127.5902,50.209],[127.3953,50.2986],[127.3372,50.3501],[127.3512,50.3936],[127.3408,50.4281],[127.3061,50.4535],[127.3082,50.4942],[127.3472,50.5501],[127.3469,50.6213],[127.307,50.708],[127.1982,50.8294],[127.0204,50.9859],[126.9248,51.1001],[126.9115,51.1723],[126.8877,51.2301],[126.8544,51.2614],[126.8338,51.3149],[126.8478,51.3742],[126.8273,51.4123],[126.8018,51.448],[126.8055,51.5057],[126.7745,51.5451],[126.7092,51.5663],[126.6887,51.6099],[126.7008,51.703],[126.6537,51.7813],[126.5105,51.9258],[126.4681,52.0313],[126.4556,52.1265],[126.3948,52.173],[126.3915,52.2145],[126.3835,52.2865],[126.3463,52.3062],[126.3242,52.3316],[126.3417,52.362],[126.3129,52.3998],[126.2376,52.4448],[126.2029,52.4838],[126.1944,52.5191],[126.1566,52.5466],[126.0459,52.5733],[126.016,52.6102],[126.0232,52.643],[126.0471,52.6735],[126.0602,52.692],[126.0561,52.7159],[126.0481,52.7395],[126.0043,52.7679],[125.9416,52.8007],[125.8719,52.8715],[125.7828,52.8907],[125.7281,52.8907],[125.6808,52.9308],[125.6953,52.9563],[125.6917,53.0037],[125.649,53.0423],[125.596,53.0575],[125.546,53.0476],[125.4225,53.0837],[125.2256,53.1658],[125.075,53.2037],[124.9709,53.1973],[124.9066,53.1727],[124.8821,53.1297],[124.8123,53.1338],[124.6398,53.2106],[124.4659,53.2296],[124.3691,53.2709],[124.2914,53.3409],[124.2199,53.3701],[124.1543,53.3587],[123.9947,53.4056],[123.7409,53.511],[123.6078,53.5465],[123.5598,53.5267],[123.5348,53.5265],[123.4895,53.5294],[123.424,53.5308],[123.3096,53.5556],[123.1541,53.5446],[122.9576,53.4977],[122.7447,53.4685],[122.5158,53.457],[122.3802,53.4625],[122.3378,53.485],[122.0889,53.4515],[121.7439,53.3836],[121.4055,53.317],[120.9854,53.2846],[120.7041,53.1718],[120.4213,52.9681],[120.2182,52.8399],[120.0945,52.7872],[120.0443,52.7182],[120.0676,52.6329],[120.1728,52.6025],[120.3601,52.627],[120.5211,52.615],[120.6562,52.5667],[120.6992,52.4936],[120.6504,52.3959],[120.6654,52.2999],[120.7445,52.2055],[120.7498,52.0965],[120.6814,51.973],[120.5105,51.8485],[120.237,51.723],[120.0669,51.6007],[119.967,51.4221],[119.8132,51.267],[119.7566,51.1795],[119.746,51.1077],[119.685,51.0301],[119.5734,50.9468],[119.5123,50.8631],[119.5018,50.7792],[119.4457,50.7028],[119.344,50.6339],[119.2807,50.561],[119.2559,50.4842],[119.2167,50.4325],[119.1637,50.406],[119.1919,50.3798],[119.3016,50.3539],[119.3463,50.279],[119.3261,50.1549],[119.2599,50.0664],[119.1475,50.0134],[118.9795,49.9789],[118.756,49.9628],[118.4516,49.8445],[118.1866,49.6928],[117.8734,49.5135],[117.8126,49.5135],[117.6984,49.5358],[117.4771,49.6094],[117.2456,49.6249],[117.0217,49.693],[116.889,49.7378],[116.6833,49.8238],[116.6315,49.8771],[116.5512,49.9203],[116.3512,49.9781],[116.2168,50.0093],[116.1346,50.0108],[115.926,49.9521],[115.7952,49.9059],[115.7178,49.8806],[115.588,49.886],[115.4292,49.8965],[115.365,49.9118],[115.2745,49.9489],[115.098,50.0594],[115.0033,50.1386],[114.8796,50.1831],[114.7432,50.2337],[114.6749,50.2457],[114.554,50.2415],[114.3863,50.2555],[114.2971,50.2744],[114.2218,50.2573],[114.0707,50.2047],[113.8812,50.1011],[113.7324,50.0615],[113.5742,50.007],[113.4455,49.9416],[113.319,49.8743],[113.1642,49.7972],[113.0921,49.6925],[113.0556,49.6163],[112.9148,49.5692],[112.8064,49.5236],[112.6974,49.5073],[112.4949,49.5323],[112.3752,49.5146],[112.0797,49.4242],[111.9345,49.416],[111.8334,49.4036],[111.7355,49.3978],[111.5748,49.3764],[111.5119,49.3609],[111.4293,49.3426],[111.3366,49.3559],[111.2042,49.3043],[110.8279,49.1662],[110.7098,49.143],[110.6311,49.1376],[110.5296,49.1871],[110.4278,49.22],[110.3214,49.2159],[110.1999,49.1704],[109.9945,49.2056],[109.7504,49.2393],[109.5287,49.2699],[109.4537,49.2963],[109.2367,49.3349],[108.9199,49.3354],[108.733,49.3356],[108.6137,49.3228],[108.5225,49.3415],[108.4069,49.3964],[108.2131,49.5248],[108.098,49.5626],[108.0338,49.594],[108.0096,49.6469],[107.9654,49.6535],[107.9367,49.691],[107.9388,49.7407],[107.9349,49.849],[107.9479,49.9247],[107.9166,49.9478],[107.7868,49.96],[107.631,49.9831],[107.3471,49.9867],[107.2333,49.9894],[107.1431,50.033],[107.0402,50.0865],[106.9413,50.1967],[106.8537,50.2483],[106.7111,50.3126],[106.5744,50.3288],[106.3685,50.3176],[106.2179,50.3046],[106.0825,50.3326],[105.9965,50.3679],[105.8752,50.4054],[105.6926,50.4142],[105.5416,50.4413],[105.3836,50.4737],[105.2667,50.4605],[105.1859,50.4296],[105.0947,50.3899],[104.977,50.3829],[104.6854,50.3418],[104.5964,50.3172],[104.4663,50.3062],[104.3539,50.2753],[104.26,50.2145],[104.1797,50.1694],[104.0787,50.1542],[103.9585,50.1573],[103.8562,50.1718],[103.8026,50.1761],[103.7232,50.1539],[103.6329,50.1386],[103.4963,50.1649],[103.4212,50.1871],[103.3044,50.2003],[103.2338,50.2643],[103.1617,50.2907],[103.0395,50.3006],[102.8597,50.3333],[102.7654,50.3666],[102.6833,50.3872],[102.5463,50.4613],[102.4694,50.5257],[102.4068,50.5362],[102.3364,50.5442],[102.2884,50.5851],[102.2857,50.6347],[102.3033,50.6655],[102.3166,50.7185],[102.2766,50.7687],[102.2351,50.7912],[102.215,50.8294],[102.2262,50.9015],[102.2103,50.9743],[102.1945,51.0507],[102.152,51.1075],[102.1424,51.2161],[102.1601,51.2608],[102.1557,51.3138],[102.1115,51.3535],[101.9792,51.3822],[101.8212,51.421],[101.5709,51.4672],[101.4644,51.4715],[101.3812,51.4526],[101.3045,51.4748],[101.2232,51.5133],[101.0854,51.553],[100.9036,51.6042],[100.7107,51.6616],[100.5362,51.7135],[100.4689,51.7261],[100.2304,51.7298],[100.0346,51.7371],[99.9217,51.7555],[99.7879,51.8275],[99.7192,51.8716],[99.6129,51.8925],[99.5323,51.8999],[99.407,51.9235],[99.1762,51.9989],[99.0914,52.0349],[99.0343,52.0354],[98.9581,52.1017],[98.8932,52.1173],[98.8486,52.0701],[98.8025,51.9575],[98.7602,51.9051],[98.6405,51.8012],[98.3527,51.7176],[98.3031,51.6743],[98.2769,51.6346],[98.2375,51.5784],[98.2199,51.5056],[98.1847,51.4857],[98.1031,51.4835],[98.0376,51.45],[97.9892,51.3771],[97.9469,51.3484],[97.9232,51.2805],[97.9273,51.2507],[97.9179,51.2179],[97.9108,51.1652],[97.8357,51.0517],[97.8253,50.9853],[97.8562,50.9434],[97.9198,50.8872],[97.9531,50.8552],[97.9642,50.8177],[97.9619,50.7691],[98.0012,50.7021],[98.0298,50.6446],[98.0789,50.6038],[98.145,50.5686],[98.2205,50.5572],[98.2795,50.5333],[98.2927,50.487],[98.2773,50.423],[98.2503,50.3024],[98.2,50.2277],[98.1701,50.1806],[98.122,50.1066],[98.1034,50.0778],[98.0039,50.0143],[97.9366,49.9968],[97.8539,49.9468],[97.7855,49.9445],[97.7207,49.9446],[97.651,49.9336],[97.5894,49.9115],[97.5408,49.8431],[97.4184,49.773],[97.3598,49.7415],[97.2086,49.7308],[97.1369,49.7617],[97.0977,49.805],[97.0491,49.8299],[96.9857,49.8828],[96.7117,49.9116],[96.6402,49.8979],[96.5984,49.8784],[96.5433,49.8925],[96.5058,49.9187],[96.4664,49.9115],[96.3812,49.896],[96.315,49.9011],[96.2297,49.9541],[96.1117,49.9825],[96.0655,49.9987],[96.0186,49.9988],[95.9896,49.9736],[95.9357,49.96],[95.8994,49.9906],[95.852,50.0129],[95.7894,50.0125],[95.7078,49.966],[95.5672,49.9438],[95.5227,49.9112],[95.4418,49.9155],[95.3856,49.9412],[95.3295,49.9441],[95.1662,49.9438],[95.1114,49.9354],[95.0443,49.9616],[95.0129,50.0083],[94.9303,50.0438],[94.8112,50.0482],[94.7181,50.0433],[94.6755,50.0281],[94.6147,50.0237],[94.5646,50.0879],[94.4969,50.1328],[94.4585,50.1657],[94.4002,50.1796],[94.3547,50.2218],[94.3469,50.3034],[94.3193,50.4049],[94.287,50.5114],[94.2511,50.5564],[94.0758,50.5729],[93.9898,50.5688],[93.7954,50.5776],[93.662,50.5837],[93.6256,50.5855],[93.5011,50.5975],[93.3868,50.6085],[93.2705,50.6156],[93.2226,50.6065],[93.1031,50.6039],[93.0099,50.6545],[92.9707,50.7125],[92.9636,50.7449],[92.9413,50.7782],[92.8564,50.7891],[92.7793,50.7787],[92.7387,50.7109],[92.6813,50.6832],[92.6267,50.6883],[92.5789,50.7254],[92.4864,50.7651],[92.4264,50.8031],[92.3548,50.8642],[92.2958,50.8498],[92.279,50.8122],[92.2653,50.7752],[92.1924,50.7006],[92.104,50.692],[91.9565,50.6976],[91.8043,50.6936],[91.7063,50.6655],[91.6342,50.6151],[91.5969,50.5755],[91.5217,50.562],[91.4465,50.5222],[91.415,50.468],[91.3408,50.4701],[91.3006,50.4634],[91.2338,50.4524],[91.0628,50.4226],[91.0216,50.4155],[90.9172,50.3642],[90.8381,50.3237],[90.7607,50.306],[90.7144,50.2594],[90.6551,50.2224],[90.5169,50.2133],[90.3648,50.1669],[90.3113,50.1512],[90.2245,50.1167],[90.1037,50.1033],[90.0537,50.0938],[90.005,50.0693],[89.9773,49.9843],[89.878,49.9535],[89.7442,49.9481],[89.6438,49.903],[89.6343,49.8233],[89.6695,49.7505],[89.6541,49.7175],[89.5792,49.6997],[89.475,49.6605],[89.3956,49.6115],[89.2992,49.6111],[89.2439,49.6271],[89.2029,49.5957],[89.18,49.5322],[89.1095,49.5014],[89.0084,49.4728],[88.9706,49.4837],[88.9454,49.5077],[88.9002,49.5397],[88.8639,49.5276],[88.8604,49.4815],[88.8316,49.4484],[88.7479,49.4462],[88.6827,49.4646],[88.6332,49.4861],[88.5443,49.4826],[88.4524,49.4727],[88.3934,49.4829],[88.3378,49.4726],[88.1926,49.4517],[88.1355,49.3815],[88.1343,49.2984],[88.1157,49.2563],[88.0285,49.2198],[87.9881,49.1869],[87.9348,49.1646],[87.8183,49.1621],[87.8143,49.1623],[87.7625,49.1658],[87.6684,49.1472],[87.5766,49.1324],[87.5158,49.1224],[87.4762,49.0915],[87.4167,49.0766],[87.3229,49.0858],[87.2969,49.1477],[87.2337,49.2162],[87.148,49.2398],[87.0706,49.2546],[87.001,49.2873],[86.9529,49.3221],[86.8121,49.4879],[86.7144,49.5586],[86.6265,49.5627],[86.6143,49.6097],[86.6653,49.6567],[86.7307,49.6956],[86.7287,49.7487],[86.6755,49.7773],[86.6102,49.7691],[86.5223,49.7078],[86.418,49.6385],[86.2924,49.5875],[86.2422,49.5463],[86.1809,49.4993],[86.093,49.5055],[86.0296,49.5034],[85.9744,49.4993],[85.9336,49.5504],[85.8805,49.5565],[85.4984,49.6054],[85.3716,49.6239],[85.2919,49.5995],[85.2326,49.6158],[85.2102,49.6648],[85.1365,49.7507],[85.0765,49.8216],[85.0008,49.8941],[84.9752,49.9511],[84.9997,50.0103],[84.9895,50.0614],[84.924,50.088],[84.839,50.0913],[84.6073,50.2024],[84.499,50.2188],[84.401,50.2392],[84.3232,50.2392],[84.2578,50.2882],[84.1945,50.4375],[84.176,50.5206],[84.0993,50.6047],[84.0023,50.6769],[83.9451,50.7747],[83.8598,50.818],[83.7178,50.8872],[83.5814,50.9357],[83.3573,50.9946],[83.2737,50.9946],[83.1603,50.9892],[83.0928,50.9606],[83.0192,50.8973],[82.919,50.8931],[82.7608,50.8934],[82.7186,50.8695],[82.693,50.8263],[82.6117,50.7715],[82.4939,50.7276],[82.3264,50.7419],[82.2119,50.7194],[82.098,50.7108],[81.9337,50.7664],[81.7521,50.7644],[81.6339,50.7391],[81.4659,50.7398],[81.4314,50.7711],[81.4516,50.8237],[81.4377,50.871],[81.4102,50.9098],[81.3883,50.9565],[81.3191,50.9664],[81.1246,50.9463],[81.0715,50.9688],[81.0775,51.0149],[81.1124,51.0724],[81.141,51.1466],[81.1272,51.1911],[81.0268,51.1857],[80.9656,51.1898],[80.9341,51.2428],[80.8773,51.2814],[80.8131,51.2835],[80.7353,51.2934],[80.6505,51.2773],[80.6055,51.2242],[80.5507,51.2166],[80.491,51.2018],[80.448,51.1833],[80.4215,51.1364],[80.4336,51.0926],[80.4522,50.9976],[80.4236,50.9463],[80.3452,50.9191],[80.2704,50.9246],[80.2202,50.9118],[80.1272,50.8584],[80.0863,50.84],[80.0721,50.8073],[80.0659,50.7582],[79.9862,50.7746],[79.8597,50.9555],[79.7164,51.16],[79.5543,51.378],[79.4688,51.4931],[79.1487,51.8681],[78.9921,52.0474],[78.7215,52.357],[78.4755,52.6384],[78.198,52.9297],[78.0335,53.095],[77.86,53.2692],[77.7994,53.3174],[77.7044,53.3792],[77.4692,53.4988],[77.1324,53.6701],[76.8207,53.8227],[76.5757,53.9425],[76.5131,53.9932],[76.4848,54.0226],[76.4586,54.0553],[76.4221,54.1135],[76.4217,54.1515],[76.6546,54.1453],[76.703,54.1825],[76.789,54.3219],[76.8373,54.4424],[76.7594,54.4369],[76.6155,54.3871],[76.5392,54.3511],[76.4965,54.3357],[76.2666,54.312],[76.1405,54.2585],[75.8807,54.168],[75.6929,54.1148],[75.6568,54.106],[75.4372,54.0896],[75.3981,54.0685],[75.3924,54.0217],[75.3771,53.9701],[75.2202,53.8938],[75.0521,53.8267],[74.989,53.8192],[74.8868,53.834],[74.8342,53.8257],[74.6814,53.7544],[74.452,53.6473],[74.4305,53.6037],[74.4293,53.5507],[74.4027,53.5044],[74.3516,53.4876],[74.2773,53.5277],[74.21,53.5765],[74.0687,53.6114],[73.859,53.6197],[73.7312,53.6028],[73.643,53.5763],[73.4699,53.4689],[73.4069,53.4476],[73.3719,53.4544],[73.3619,53.5062],[73.3269,53.5432],[73.2857,53.5984],[73.3057,53.7072],[73.3994,53.8115],[73.5542,53.8683],[73.6789,53.9294],[73.7155,53.9962],[73.7124,54.0424],[73.6664,54.0635],[73.618,54.0674],[73.5899,54.045],[73.5057,53.9993],[73.3807,53.9628],[73.2766,53.9556],[73.2299,53.9578],[73.1193,53.9808],[72.9141,54.1073],[72.741,54.1245],[72.6223,54.1343],[72.5827,54.1216],[72.5643,54.0904],[72.5756,54.0565],[72.5992,54.023],[72.5859,53.9959],[72.5303,53.9758],[72.4468,53.9418],[72.4043,53.9645],[72.383,54.0537],[72.3873,54.123],[72.3295,54.1814],[72.2691,54.2721],[72.186,54.3256],[72.1054,54.3084],[72.0656,54.2316],[72.0045,54.2057],[71.8874,54.2215],[71.6771,54.178],[71.3364,54.1583],[71.0932,54.2122],[71.0527,54.2605],[71.1521,54.3641],[71.1598,54.4554],[71.1592,54.5386],[71.1855,54.5993],[71.1263,54.715],[70.9918,54.9505],[70.9102,55.128],[70.7903,55.2611],[70.7381,55.3052],[70.4863,55.2824],[70.4172,55.2532],[70.3715,55.2123],[70.2934,55.1836],[70.1824,55.1625],[70.0874,55.1768],[69.9817,55.1991],[69.8702,55.2457],[69.7402,55.3074],[69.4933,55.3569],[69.247,55.3725],[68.9772,55.3896],[68.843,55.3584],[68.7129,55.3085],[68.5248,55.2048],[68.4385,55.1944],[68.302,55.1865],[68.2062,55.1609],[68.2253,55.1152],[68.244,55.0524],[68.2094,55.003],[68.1559,54.9767],[68.0738,54.9596],[67.9399,54.9537],[67.8299,54.9436],[67.6934,54.8724],[67.4847,54.8545],[67.2573,54.8288],[67.0983,54.7882],[66.7545,54.7379],[66.5554,54.7154],[66.2227,54.6674],[65.9547,54.6595],[65.9143,54.6933],[65.7078,54.6187],[65.477,54.6233],[65.4344,54.5933],[65.3781,54.5645],[65.3159,54.5516],[65.2374,54.5161],[65.1922,54.4411],[65.1578,54.3644],[65.0884,54.3402],[64.9954,54.3687],[64.9268,54.3966],[64.8093,54.3686],[64.6499,54.3522],[64.5251,54.3622],[64.4612,54.3842],[64.1994,54.3474],[64.0629,54.3029],[64.0374,54.2797],[64.0039,54.2671],[63.8471,54.2365],[63.7212,54.245],[63.7014,54.2432],[63.582,54.2219],[63.4137,54.1832],[63.2927,54.1705],[63.1913,54.171],[63.1266,54.1393],[63.0739,54.1052],[62.6327,54.0693],[62.5883,54.0444],[62.499,54.0132],[62.0402,54.0026],[62.0023,53.9799],[61.9856,53.9544],[61.9287,53.9465],[61.5981,53.9949],[61.3337,54.0493],[61.2311,54.0195],[61.1437,53.9638],[61.1132,53.8825],[61.1132,53.813],[61.1132,53.7535],[61.0735,53.7104],[60.9855,53.6574],[60.9795,53.6217],[61.0985,53.5831],[61.2479,53.551],[61.3361,53.5652],[61.41,53.5871],[61.4741,53.5803],[61.5191,53.5545],[61.535,53.5233],[61.5266,53.5016],[61.4985,53.4847],[61.401,53.4558],[61.3116,53.4657],[61.2289,53.4459],[61.1859,53.4062],[61.1628,53.3368],[61.1992,53.2872],[61.3109,53.2752],[61.4368,53.2394],[61.5762,53.2225],[61.6599,53.2285],[61.7662,53.1739],[62.0146,53.1079],[62.0811,53.0574],[62.0827,53.0054],[62.0371,52.9661],[61.9742,52.9438],[61.8886,52.9559],[61.7193,52.9694],[61.5336,52.9785],[61.4008,52.996],[61.2069,52.9891],[61.0475,52.9725],[61.0065,52.9333],[60.9447,52.8602],[60.8933,52.8194],[60.8023,52.7447],[60.7744,52.6758],[60.8213,52.5698],[60.9795,52.3948],[60.9945,52.3369],[60.9376,52.2806],[60.8284,52.2334],[60.6703,52.1508],[60.4993,52.1463],[60.4255,52.1256],[60.2337,52.0245],[60.0655,51.9765],[60.0303,51.9333],[60.0675,51.8906],[60.2804,51.8346],[60.3875,51.773],[60.4184,51.7039],[60.4647,51.6512],[60.6304,51.6169],[60.9735,51.5371],[60.9934,51.5287],[61.0148,51.4924],[61.3631,51.4419],[61.4113,51.4147],[61.5547,51.3246],[61.5851,51.2297],[61.5122,51.137],[61.465,50.9902],[61.3895,50.861],[61.2269,50.7748],[60.9423,50.6955],[60.638,50.6637],[60.5085,50.6692],[60.4248,50.6791],[60.2881,50.7041],[60.1867,50.7698],[60.1121,50.8342],[60.0586,50.8503],[60.0053,50.8397],[59.9552,50.7993],[59.8878,50.6902],[59.8124,50.582],[59.7512,50.5439],[59.523,50.4929],[59.4979,50.5111],[59.5239,50.5828],[59.4951,50.6043],[59.4523,50.6204],[59.1709,50.6479],[59.0644,50.6682],[58.9849,50.6761],[58.8837,50.6944],[58.8141,50.7372],[58.6646,50.8683],[58.5475,50.971],[58.3592,51.0638],[58.1885,51.0817],[58.1747,51.0723],[58.0451,51.0688],[57.8389,51.0917],[57.8289,51.089],[57.7648,51.0469],[57.717,50.981],[57.6538,50.9251],[57.5578,50.8956],[57.4422,50.8889],[57.3125,50.9465],[57.179,51.036],[57.0117,51.0652],[56.8496,51.0456],[56.7903,51.0316],[56.6202,50.9809],[56.5669,51.0045],[56.4914,51.0195],[56.3256,50.9361],[56.1439,50.8446],[56.1045,50.7763],[56.0497,50.7135],[55.9292,50.6538],[55.7977,50.6021],[55.6862,50.5829],[55.5423,50.6018],[55.3611,50.6653],[55.1952,50.7447],[55.0148,50.8698],[54.868,50.9414],[54.7271,50.9981],[54.6416,51.0116],[54.5729,50.9902],[54.5461,50.946],[54.5656,50.9113],[54.6063,50.8799],[54.6379,50.7811],[54.65,50.6602],[54.6361,50.5916],[54.5962,50.5507],[54.5553,50.5358],[54.5174,50.5412],[54.4715,50.5838],[54.4434,50.6739],[54.4215,50.7803],[54.2979,50.9141],[54.1911,50.9957],[54.1397,51.0408],[54.0415,51.1152],[53.9568,51.1612],[53.7765,51.2137],[53.6881,51.2518],[53.5347,51.3996],[53.4486,51.4445],[53.3381,51.4824],[53.2473,51.4936],[53.2273,51.485],[53.0384,51.4637],[52.9026,51.4669],[52.8205,51.4946],[52.7351,51.4979],[52.7281,51.4981],[52.6352,51.4795],[52.6178,51.4808],[52.5712,51.4816],[52.4962,51.5122],[52.423,51.5942],[52.3311,51.6813],[52.2191,51.7094],[52.0071,51.6727],[51.7754,51.5542],[51.6091,51.484],[51.4734,51.482],[51.396,51.4713],[51.3445,51.4753],[51.3011,51.4974],[51.2907,51.5402],[51.2699,51.5945],[51.1635,51.6475],[51.0179,51.6816],[50.8824,51.7192],[50.7939,51.7292],[50.7562,51.6751],[50.6439,51.5892],[50.5163,51.5056],[50.3537,51.3697],[50.3093,51.3216],[50.2469,51.2895],[50.1049,51.2546],[49.9323,51.1972],[49.8223,51.1319],[49.6663,51.1023],[49.498,51.0836],[49.4246,51.027],[49.3795,50.9347],[49.3234,50.8517],[49.0587,50.7261],[48.9138,50.6446],[48.8084,50.6013],[48.7348,50.6069],[48.6552,50.6199],[48.6251,50.6127],[48.666,50.5503],[48.7005,50.3538],[48.7494,50.2285],[48.7848,50.1564],[48.818,50.0999],[48.8433,50.0131],[48.8103,49.9624],[48.759,49.9283],[48.6,49.8747],[48.4343,49.8285],[48.335,49.8583],[48.2248,49.9319],[48.1813,49.97],[48.0607,50.0936],[47.8496,50.2823],[47.7058,50.378],[47.5996,50.4136],[47.5036,50.4027],[47.4292,50.358],[47.3764,50.3181],[47.3265,50.2735],[47.2947,50.2175],[47.2977,50.1402],[47.2952,50.0585],[47.2483,50.0009],[47.1296,49.9391],[46.992,49.8527],[46.8896,49.697],[46.8231,49.5022],[46.8021,49.3671],[46.8529,49.3039],[46.9534,49.2526],[47.0182,49.1999],[47.0313,49.1503],[47.0143,49.0983],[46.9622,49.0383],[46.8529,48.9696],[46.7026,48.8056],[46.6092,48.5739],[46.6609,48.4123],[46.8531,48.3236],[47.0043,48.2845],[47.0646,48.2325],[47.119,48.127],[47.1115,48.0201],[47.0933,47.9477],[47.1308,47.8768],[47.2021,47.7925],[47.2924,47.7409],[47.3873,47.7687],[47.4819,47.8039],[47.6002,47.79],[47.9347,47.7607],[48.11,47.7454],[48.167,47.7088],[48.2757,47.5899],[48.4131,47.4565],[48.5525,47.321],[48.6007,47.2623],[48.7144,47.1005],[48.8318,46.9549],[48.9594,46.7746],[48.9503,46.7258],[48.8836,46.7054],[48.7764,46.7104],[48.6936,46.7368],[48.6471,46.7587],[48.6053,46.7659],[48.5584,46.7571],[48.5186,46.7343],[48.5023,46.6986],[48.5092,46.65],[48.5412,46.6056],[48.586,46.5771],[48.6102,46.5665],[48.7743,46.508],[48.959,46.4421],[49.1843,46.3488],[49.2322,46.3372],[49.2459,46.2916],[49.1255,46.2817],[49.1106,46.2285],[49.0796,46.1892],[48.81,46.1005],[48.7426,46.1007],[48.6837,46.0862],[48.6873,46.0288],[48.7034,45.9762],[48.7496,45.9206],[48.7296,45.8968],[48.6896,45.8889],[48.6374,45.9058],[48.5891,45.9349],[48.5373,45.9421],[48.487,45.9349],[48.2576,45.7778],[48.1592,45.737],[48.0528,45.721],[47.8302,45.663],[47.764,45.666],[47.7011,45.6862],[47.6498,45.6567],[47.6333,45.584],[47.574,45.6343],[47.5084,45.6742],[47.4794,45.6876],[47.4633,45.6797],[47.5242,45.6017],[47.5295,45.5302],[47.5146,45.4909],[47.4887,45.4551],[47.4545,45.4331],[47.4131,45.421],[47.3911,45.2948],[47.3513,45.2177],[47.2962,45.1495],[47.2215,45.0243],[47.1615,44.9696],[47.1147,44.906],[47.0838,44.817],[47.0393,44.8379],[47.0029,44.8761],[46.9837,44.8256],[46.9574,44.7826],[46.8412,44.7183],[46.7553,44.6565],[46.7161,44.5607],[46.7072,44.5033],[46.7209,44.4517],[46.753,44.4207],[46.9157,44.3872],[47.0236,44.3433],[47.1227,44.2617],[47.2299,44.1924],[47.307,44.1031],[47.3615,43.9934],[47.4292,43.7799],[47.4628,43.555],[47.5626,43.8347],[47.6465,43.8846],[47.6278,43.806],[47.568,43.685],[47.509,43.5097],[47.4898,43.3817],[47.5116,43.2708],[47.5129,43.2188],[47.4632,43.0351],[47.4889,42.9998],[47.529,42.9671],[47.6349,42.9035],[47.7091,42.8109],[47.7277,42.6807],[47.7697,42.6448],[47.8224,42.6135],[48.0802,42.3537],[48.2286,42.181],[48.303,42.0802],[48.3838,41.9534],[48.4264,41.924],[48.4768,41.9051],[48.5729,41.8445],[48.5187,41.7793],[48.4307,41.6633],[48.3914,41.6019],[48.2981,41.545],[48.1423,41.4848],[48.0561,41.4587],[47.9637,41.334],[47.8611,41.2127],[47.791,41.1993],[47.5918,41.2181],[47.5206,41.2291],[47.3177,41.2824],[47.2611,41.3151],[47.2053,41.4556],[47.1426,41.5161],[47.064,41.5547],[47.0102,41.5875],[46.9878,41.6214],[46.9309,41.6704],[46.8256,41.7434],[46.7493,41.8126],[46.6903,41.8313],[46.616,41.8069],[46.5713,41.8001],[46.5521,41.8123],[46.5377,41.8704],[46.4299,41.891],[46.4115,41.9046],[46.2678,41.9604],[46.2127,41.9899],[46.1598,41.992],[46.0484,42.0087],[45.954,42.0354],[45.9104,42.0707],[45.846,42.11],[45.7266,42.1589],[45.6386,42.2051],[45.6343,42.2347],[45.6884,42.3574],[45.7275,42.475],[45.7053,42.4981],[45.6556,42.5177],[45.5629,42.5357],[45.3438,42.5298],[45.2082,42.6482],[45.1603,42.675],[45.0716,42.6941],[44.9434,42.7303],[44.871,42.7564],[44.8505,42.7468],[44.7711,42.6168],[44.6918,42.7096],[44.6443,42.7347],[44.5765,42.7485],[44.5059,42.7486],[44.3295,42.7035],[44.1997,42.6536],[44.1027,42.6164],[44.0047,42.5956],[43.9574,42.5666],[43.826,42.5715],[43.7599,42.5938],[43.7384,42.617],[43.7499,42.6575],[43.7954,42.703],[43.7987,42.7278],[43.7826,42.747],[43.623,42.8077],[43.5578,42.8445],[43.3479,42.8967],[43.0892,42.9891],[43.0002,43.0497],[42.9916,43.0915],[42.89,43.1326],[42.7606,43.1696],[42.6603,43.1591],[42.566,43.1551],[42.419,43.2242],[42.2797,43.2281],[42.1223,43.2073],[42.0878,43.1991],[42.05,43.1901],[41.5806,43.2192],[41.4607,43.2763],[41.3582,43.3334],[41.0831,43.3745],[40.942,43.4181],[40.8017,43.4799],[40.648,43.5339],[40.5189,43.512],[40.3423,43.5427],[40.1502,43.5698],[40.0846,43.5531],[40.0237,43.4849],[39.9783,43.4198],[39.8736,43.4728],[39.5167,43.7279],[39.3294,43.8973],[38.7173,44.2881],[38.6358,44.318],[38.3118,44.3745],[38.1812,44.4197],[37.8515,44.6988],[37.7049,44.6614],[37.5725,44.6709],[37.4951,44.6953],[37.4113,44.7354],[37.3523,44.7884],[37.2841,44.905],[37.2048,44.972],[36.9444,45.0696],[36.6508,45.1265],[36.6276,45.1513],[36.6191,45.1855],[36.873,45.2518],[36.9412,45.2897],[36.811,45.34],[36.7616,45.3483],[36.7204,45.3719],[36.7938,45.4097],[36.8659,45.4271],[36.9778,45.3836],[37.1035,45.3029],[37.2136,45.2723],[37.2643,45.3109],[37.6472,45.3772],[37.6729,45.4297],[37.6719,45.4884],[37.6344,45.4863],[37.61,45.4995],[37.6124,45.5647],[37.6692,45.6541],[37.8409,45.7996],[37.9331,46.0017],[38.0143,46.0478],[38.0738,46.0171],[38.0697,45.9699],[38.0796,45.9348],[38.1328,46.0028],[38.1836,46.0948],[38.3118,46.0954],[38.4004,46.08],[38.4923,46.0905],[38.3152,46.2419],[38.0777,46.3943],[37.9775,46.3829],[37.9139,46.4065],[37.8096,46.5321],[37.7665,46.6361],[37.8674,46.6338],[37.968,46.618],[38.1595,46.6907],[38.23,46.7013],[38.3435,46.6783],[38.501,46.6637],[38.488,46.7322],[38.4387,46.8131],[38.6308,46.873],[38.8011,46.9062],[39.1268,47.0234],[39.2707,47.0441],[39.2891,47.0709],[39.2935,47.1058],[39.2445,47.1995],[39.1957,47.2688],[39.0237,47.2722],[38.9283,47.1757],[38.6682,47.1439],[38.5524,47.1503],[38.6443,47.2122],[38.736,47.2358],[38.7619,47.2616],[38.5772,47.2391],[38.4848,47.1755],[38.2144,47.0915],[38.2059,47.1356],[38.2014,47.1752],[38.2212,47.2127],[38.2653,47.237],[38.2808,47.259],[38.2808,47.2767],[38.241,47.2877],[38.208,47.2965],[38.2014,47.3208],[38.2124,47.3428],[38.2433,47.3737],[38.2565,47.4089],[38.2588,47.4795],[38.2874,47.5592],[38.3688,47.61],[38.5109,47.6224],[38.6406,47.6659],[38.7189,47.7141],[38.8223,47.837],[38.9003,47.8551],[39.0578,47.8485],[39.1585,47.8374],[39.391,47.8337],[39.6585,47.8412],[39.7359,47.8448],[39.7787,47.8875],[39.7758,47.9645],[39.814,48.0353],[39.8851,48.1684],[39.961,48.2379],[39.9579,48.2689],[39.9182,48.2819],[39.8663,48.2884],[39.8475,48.3028],[39.8499,48.3319],[39.8898,48.3604],[39.8826,48.4191],[39.8575,48.4842],[39.8356,48.5428],[39.7654,48.5719],[39.6447,48.5912],[39.6704,48.6625],[39.7046,48.7394],[39.7559,48.7821],[39.7929,48.8077],[39.9041,48.7938],[39.9845,48.8074],[40.0036,48.8221],[39.9892,48.8514],[39.8638,48.878],[39.7533,48.9145],[39.7057,48.9596],[39.6865,49.0079],[39.7595,49.0366],[39.8897,49.0641],[39.9764,49.1298],[40.07,49.2003],[40.1088,49.2516],[40.1283,49.3072],[40.1262,49.3688],[40.0578,49.4315],[40.0578,49.4971],[40.0949,49.5427],[40.0807,49.5769],[40.0307,49.5967],[39.9585,49.5908],[39.8769,49.5677],[39.7806,49.572],[39.6266,49.6507],[39.4628,49.728],[39.3685,49.7307],[39.3029,49.742],[39.246,49.7819],[39.2118,49.8332],[39.1748,49.856],[39.1149,49.8417],[39.0277,49.8184],[38.9184,49.8247],[38.7767,49.8843],[38.6478,49.9529],[38.552,49.9546],[38.4512,49.9641],[38.2586,50.0523],[38.2087,50.0515],[38.1775,50.0254],[38.1627,49.9545],[38.1468,49.9394],[38.1125,49.9278],[38.0469,49.92],[37.9503,49.9642],[37.7042,50.1091],[37.6051,50.2149],[37.5823,50.2918],[37.5014,50.3407],[37.4229,50.4115],[37.3432,50.4176],[37.2549,50.395],[37.1711,50.3609],[37.1313,50.3515],[36.9885,50.3396],[36.7591,50.2918],[36.6964,50.2462],[36.6194,50.2092],[36.5597,50.2349],[36.4998,50.2805],[36.3688,50.2968],[36.3061,50.2805],[36.2434,50.3118],[36.1895,50.3678],[36.1164,50.4085],[36.0078,50.4197],[35.8902,50.4371],[35.7962,50.4058],[35.6737,50.346],[35.5911,50.3687],[35.5455,50.44],[35.4885,50.4599],[35.4116,50.5397],[35.3917,50.6109],[35.4116,50.6422],[35.4401,50.6821],[35.4401,50.7277],[35.4174,50.7676],[35.3832,50.7989],[35.3461,50.9043],[35.3147,50.9499],[35.3091,50.9869],[35.3348,51.0211],[35.3119,51.0439],[35.2691,51.0468],[35.198,51.0439],[35.1581,51.061],[35.1153,51.1208],[35.0926,51.1807],[35.0641,51.2034],[34.9902,51.2018],[34.8686,51.1892],[34.7604,51.1693],[34.7123,51.1722],[34.6168,51.2031],[34.491,51.2371],[34.2342,51.2438],[34.2139,51.2554],[34.2284,51.2769],[34.2807,51.3117],[34.275,51.3402],[34.2299,51.3632],[34.2065,51.4199],[34.2093,51.4841],[34.2009,51.5538],[34.1468,51.608],[34.1154,51.645],[34.1211,51.6791],[34.2392,51.6922],[34.3793,51.7165],[34.4027,51.7415],[34.3979,51.7804],[34.1131,51.9796],[34.0153,52.156],[33.9221,52.2515],[33.8188,52.3156],[33.7353,52.3448],[33.6134,52.3326],[33.4519,52.3338],[33.2871,52.3536],[33.1484,52.3404],[32.8997,52.2563],[32.8064,52.2526],[32.6454,52.2791],[32.5079,52.3085],[32.4354,52.3072],[32.3913,52.2948],[32.363,52.2721],[32.2828,52.114],[32.2168,52.083],[32.1223,52.0506],[32.0416,52.045],[31.9738,52.0466],[31.8756,52.0709],[31.7824,52.0994],[31.7634,52.1011],[31.7586,52.1258],[31.6906,52.2207],[31.6499,52.2622],[31.6016,52.2848],[31.5773,52.3123],[31.5766,52.426],[31.5855,52.5325],[31.6159,52.5462],[31.5262,52.633],[31.5194,52.6987],[31.5635,52.7314],[31.5648,52.7592],[31.5352,52.7982],[31.4428,52.8618],[31.353,52.9334],[31.2951,52.9898],[31.2588,53.0167],[31.3029,53.0609],[31.3646,53.139],[31.3884,53.1848],[31.4179,53.196],[31.563,53.2025],[31.6683,53.2009],[31.7475,53.1842],[31.7774,53.1469],[31.8497,53.1062],[32.0555,53.0895],[32.142,53.0912],[32.2507,53.1284],[32.4263,53.2106],[32.4693,53.2703],[32.578,53.3124],[32.6444,53.3289],[32.7043,53.3363],[32.7103,53.3714],[32.7064,53.4194],[32.6857,53.4481],[32.4696,53.547],[32.4424,53.5792],[32.4252,53.6173],[32.451,53.6533],[32.4502,53.6929],[32.2004,53.7812],[31.9922,53.7969],[31.8208,53.7919],[31.7542,53.8104],[31.783,53.855],[31.8253,53.935],[31.8378,54.0008],[31.826,54.0307],[31.792,54.0559],[31.6284,54.1112],[31.4036,54.1959],[31.2991,54.2917],[31.2455,54.3916],[31.1848,54.453],[31.0748,54.4918],[31.0819,54.5171],[31.1549,54.6109],[31.1521,54.6253],[31.1213,54.6485],[30.9842,54.6959],[30.7988,54.7833],[30.791,54.806],[30.8045,54.8609],[30.8299,54.915],[30.8668,54.9407],[30.9777,55.0505],[30.9777,55.0878],[30.9589,55.1376],[30.8774,55.2234],[30.8145,55.2787],[30.8105,55.307],[30.821,55.3303],[30.8618,55.3604],[30.9006,55.3974],[30.9088,55.5253],[30.9068,55.57],[30.8822,55.5964],[30.856,55.6075],[30.8008,55.6011],[30.7217,55.6221],[30.6623,55.6555],[30.6256,55.6663],[30.5867,55.7003],[30.4754,55.7688],[30.4563,55.7868],[30.2336,55.8452],[30.0427,55.8364],[29.937,55.8453],[29.8816,55.8323],[29.8239,55.7951],[29.7441,55.7704],[29.6846,55.7697],[29.6301,55.7512],[29.4822,55.6846],[29.413,55.7249],[29.3534,55.7844],[29.3731,55.8347],[29.3979,55.8811],[29.3961,55.9122],[29.375,55.9387],[29.283,55.9679],[29.0874,56.0211],[29.0317,56.0218],[28.9475,56.0021],[28.7947,55.9426],[28.7408,55.9554],[28.6908,56.0026],[28.6369,56.0618],[28.564,56.092],[28.407,56.089],[28.3921,56.0867],[28.3163,56.0525],[28.2843,56.0559],[28.1479,56.1429],[28.1733,56.1903],[28.2021,56.2604],[28.1917,56.3156],[28.1692,56.3869],[28.1108,56.5107],[28.1031,56.5457],[28.0075,56.5999],[27.9916,56.6453],[27.9414,56.7037],[27.8921,56.7411],[27.8815,56.8242],[27.8486,56.8534],[27.8061,56.8671],[27.6557,56.8432],[27.6395,56.8457],[27.7111,56.9781],[27.7174,57.0546],[27.7628,57.1351],[27.8146,57.1669],[27.8303,57.1945],[27.8383,57.2477],[27.8286,57.2933],[27.7969,57.3169],[27.6728,57.3681],[27.5387,57.4298],[27.5111,57.5082],[27.4697,57.524],[27.352,57.5281],[27.3543,57.5503],[27.3718,57.6125],[27.4,57.6668],[27.492,57.725],[27.5147,57.7642],[27.5421,57.7994],[27.7528,57.841],[27.777,57.8567],[27.7785,57.8707],[27.7688,57.8841],[27.722,57.9055],[27.6734,57.9346],[27.6441,58.0139],[27.5711,58.1381],[27.5024,58.2213],[27.4878,58.2701],[27.5056,58.3263],[27.5301,58.3815],[27.5313,58.4353],[27.4271,58.7331],[27.4342,58.7873],[27.4645,58.8413],[27.5131,58.8863],[27.6218,58.945],[27.7576,59.052],[27.8495,59.1927],[27.8977,59.2776],[27.9382,59.297],[28.0164,59.3017],[28.0461,59.3278],[28.0613,59.3433],[28.1283,59.3576],[28.1511,59.3744],[28.133,59.4031],[28.0658,59.4532],[28.0125,59.4843],[28.064,59.554],[28.0463,59.6472],[28.014,59.7248],[28.058,59.7815],[28.1312,59.7865],[28.2125,59.7247],[28.3346,59.6925],[28.4237,59.7341],[28.4539,59.8143],[28.5182,59.8496],[28.6039,59.8181],[28.7477,59.8067],[28.8669,59.8119],[28.9473,59.8288],[28.9815,59.8548],[29.0134,59.9016],[29.0791,59.961],[29.1473,59.9998],[29.6697,59.9557],[30.1226,59.8736],[30.1568,59.9043],[30.1727,59.9571],[30.06,60.0026],[29.9768,60.0264],[29.8723,60.1208],[29.7212,60.1953],[29.5693,60.2019],[29.3704,60.1759],[29.0691,60.1915],[28.8127,60.3315],[28.6432,60.3753],[28.5223,60.483],[28.4916,60.5401],[28.6225,60.4916],[28.6403,60.5429],[28.6506,60.611],[28.5778,60.6525],[28.5128,60.6773],[28.1793,60.571],[27.7977,60.5361],[28.152,60.7458],[28.4074,60.8969],[28.4551,60.9196],[28.5682,60.9602],[28.6629,61.0028],[28.7391,61.0587],[28.993,61.169],[29.2517,61.2878],[29.4924,61.4442],[29.5794,61.4935],[29.6901,61.5461],[29.9332,61.7116],[30.01,61.7574],[30.3064,61.9648],[30.4797,62.0682],[30.5656,62.1276],[30.9357,62.3238],[31.1867,62.4814],[31.2856,62.5678],[31.3824,62.6917],[31.4373,62.7761],[31.534,62.8854],[31.5365,62.9216],[31.5093,62.9553],[31.437,63.0077],[31.3367,63.0681],[31.2475,63.1419],[31.1809,63.2083],[30.9748,63.3006],[30.6553,63.4175],[30.4186,63.5041],[30.0554,63.689],[29.9915,63.7352],[30.0041,63.7473],[30.2103,63.8033],[30.4153,63.9475],[30.5039,64.0206],[30.5261,64.0773],[30.5279,64.1411],[30.5138,64.2],[30.4879,64.2365],[30.3906,64.2824],[30.1081,64.3661],[30.0419,64.4434],[29.9866,64.5243],[29.9855,64.5577],[30.1201,64.6446],[30.1262,64.6881],[30.1103,64.7326],[30.0729,64.765],[29.7832,64.8043],[29.7017,64.8458],[29.6375,64.9118],[29.6042,64.9684],[29.6009,65.002],[29.6225,65.0395],[29.72,65.0803],[29.8108,65.1079],[29.827,65.1451],[29.8262,65.1853],[29.8105,65.2047],[29.6297,65.2239],[29.6124,65.2348],[29.608,65.2487],[29.6172,65.2653],[29.7148,65.337],[29.728,65.4734],[29.8194,65.5687],[29.7159,65.6246],[29.7239,65.6344],[29.8826,65.6636],[30.029,65.6707],[30.0953,65.6817],[30.1027,65.7263],[30.0875,65.7865],[29.9366,66.0229],[29.9034,66.0911],[29.8035,66.1771],[29.7207,66.2349],[29.6709,66.2761],[29.5907,66.3568],[29.5443,66.4397],[29.4644,66.5322],[29.3712,66.617],[29.2933,66.6955],[29.0931,66.8492],[29.0662,66.8917],[29.069,66.9302],[29.087,66.9709],[29.2434,67.0966],[29.3877,67.2014],[29.5723,67.3244],[29.7506,67.4264],[29.9412,67.5475],[29.9881,67.6683],[29.9792,67.6886],[29.8216,67.754],[29.5242,67.9291],[29.3438,68.0619],[29.063,68.118],[28.6852,68.1898],[28.5602,68.3514],[28.4707,68.4884],[28.4793,68.5376],[28.7521,68.7714],[28.7776,68.8138],[28.7729,68.84],[28.7448,68.8564],[28.706,68.8655],[28.4535,68.8723],[28.4141,68.9042],[28.566,68.9282],[28.6922,68.961],[28.8989,69.0097],[28.9658,69.022],[29.1186,69.05],[29.1709,69.0715],[29.21,69.097],[29.353,69.2706],[29.3883,69.2981],[29.8327,69.3604],[29.994,69.3925],[30.0873,69.4329],[30.1318,69.4643],[30.1638,69.5016],[30.1867,69.5428],[30.1965,69.5806],[30.1598,69.6299],[30.1802,69.6358],[30.2275,69.6338],[30.3797,69.5847],[30.6154,69.5326],[30.7889,69.5285],[30.8607,69.5384],[30.8967,69.5612],[30.9225,69.6058],[30.9241,69.6518],[30.8697,69.7834],[31.0495,69.7692],[31.4527,69.6896],[31.547,69.6969],[31.6662,69.721],[31.7886,69.8158],[31.8794,69.832],[31.9979,69.8099],[32.0306,69.8353],[31.9693,69.9139],[31.9846,69.9537],[32.3916,69.8687],[32.5654,69.8065],[32.9417,69.7519],[33.0078,69.7221],[33.0126,69.6705],[32.9946,69.6262],[32.915,69.6017],[32.7543,69.6057],[32.1768,69.674],[32.0915,69.6326],[32.1613,69.5966],[32.3306,69.5542],[32.3777,69.4791],[32.6368,69.4895],[32.8838,69.4608],[32.9998,69.4701],[33.021,69.4456],[32.9416,69.3833],[32.9789,69.3673],[33.2559,69.4277],[33.3849,69.4443],[33.4543,69.4282],[33.4637,69.3782],[33.418,69.3153],[33.413,69.2674],[33.3277,69.1519],[33.1964,69.1168],[33.1412,69.0687],[33.3334,69.0982],[33.4356,69.1304],[33.6271,69.2892],[33.6844,69.3103],[34.2294,69.3131],[34.3527,69.3029],[34.864,69.2281],[35.0096,69.2212],[35.1759,69.2308],[35.2332,69.2656],[35.2898,69.2754],[35.8579,69.1917],[36.6183,69.0035],[37.7306,68.6921],[38.3576,68.4151],[38.4302,68.3556],[38.6568,68.3219],[38.7056,68.3447],[38.8315,68.3249],[39.5689,68.0717],[39.8233,68.0586],[39.7897,68.1122],[39.7463,68.1622],[39.8093,68.1508],[39.8956,68.1145],[40.0357,68.0154],[40.2066,67.9419],[40.3807,67.8319],[40.5258,67.7897],[40.6565,67.7741],[40.7663,67.743],[40.9664,67.7135],[41.0609,67.4442],[41.1339,67.386],[41.1339,67.2669],[41.2617,67.2185],[41.3588,67.2097],[41.3543,67.1214],[41.2756,66.9143],[41.189,66.8262],[40.5216,66.4466],[40.1033,66.3],[39.2891,66.132],[38.6539,66.069],[38.3976,66.0645],[37.9007,66.0956],[37.6282,66.1296],[37.2948,66.225],[36.9837,66.2726],[36.7699,66.2936],[36.3734,66.3023],[35.5135,66.3958],[35.364,66.4287],[34.8246,66.6111],[34.6103,66.5596],[34.4826,66.5503],[34.3961,66.6132],[34.4309,66.6298],[34.4516,66.6512],[34.1461,66.7033],[33.8937,66.7067],[33.7596,66.751],[33.5954,66.7846],[33.5229,66.7644],[33.482,66.7646],[33.1502,66.8439],[33.002,66.9083],[32.8476,67.0215],[32.8853,67.0611],[32.9305,67.0868],[32.3999,67.1527],[31.8953,67.1614],[31.983,67.1298],[32.2016,67.1132],[32.3406,67.0679],[32.501,67.0039],[32.4637,66.9163],[32.6864,66.8295],[32.8573,66.7469],[32.8624,66.7214],[32.9287,66.7041],[33.1806,66.6799],[33.2244,66.6039],[33.1829,66.5739],[33.2174,66.5316],[33.4053,66.4843],[33.5177,66.4714],[33.656,66.4426],[33.5933,66.3846],[33.477,66.3469],[33.3605,66.3295],[33.4158,66.3156],[33.5667,66.321],[34.1127,66.2252],[34.3998,66.1284],[34.6918,65.9519],[34.7863,65.8646],[34.7932,65.8164],[34.777,65.7683],[34.7348,65.7163],[34.7155,65.6641],[34.6157,65.5099],[34.5441,65.4567],[34.4064,65.3958],[34.5359,65.2779],[34.6711,65.1681],[34.8035,64.986],[34.8271,64.9127],[34.8326,64.8002],[34.9522,64.756],[34.9055,64.7387],[34.8583,64.7067],[34.8695,64.56],[35.0354,64.4402],[35.2841,64.3625],[35.432,64.3468],[35.6471,64.3783],[35.8021,64.3354],[36.1465,64.189],[36.302,64.0344],[36.3649,64.0028],[36.7138,63.9451],[36.9752,63.9095],[37.3728,63.8167],[37.4422,63.8134],[37.6354,63.8934],[37.968,63.9491],[38.0708,64.0258],[38.0622,64.091],[37.9771,64.207],[37.9537,64.3201],[37.8436,64.3663],[37.7406,64.397],[37.4296,64.3736],[37.2896,64.3779],[37.1837,64.4085],[37.0404,64.4892],[36.7693,64.6853],[36.6242,64.7505],[36.5787,64.791],[36.5282,64.8474],[36.5346,64.9386],[36.6529,64.9354],[36.7859,64.9872],[36.8828,65.1724],[37.0502,65.1959],[37.1408,65.1943],[37.5281,65.1083],[38.0094,64.8788],[38.1157,64.8546],[38.2282,64.8512],[38.4121,64.8571],[38.442,64.8271],[38.5409,64.7913],[38.6131,64.7867],[39.0535,64.7139],[39.5674,64.5706],[39.758,64.5771],[39.833,64.6564],[39.8486,64.6905],[40.0578,64.7708],[40.2037,64.784],[40.4078,64.7549],[40.4449,64.7787],[40.3754,64.8963],[40.2812,64.9981],[40.1427,65.0633],[39.8965,65.2548],[39.798,65.3499],[39.7491,65.4479],[39.7812,65.5347],[39.8165,65.5979],[40.3278,65.7517],[40.5128,65.8438],[40.6916,65.9634],[40.7744,65.9879],[41.0761,66.0211],[41.4758,66.1234],[41.7809,66.2593],[42.0836,66.4659],[42.2105,66.5197],[42.3137,66.5147],[42.4508,66.4824],[42.6021,66.4225],[42.8065,66.4113],[43.006,66.4209],[43.2332,66.4155],[43.5509,66.3213],[43.6033,66.2912],[43.6531,66.251],[43.5504,66.1734],[43.5419,66.1234],[43.6239,66.1467],[43.737,66.1584],[43.8438,66.1424],[43.9441,66.0987],[44.0167,66.0498],[44.1044,66.0086],[44.1324,66.0646],[44.1453,66.1127],[44.0972,66.2351],[44.2207,66.4071],[44.3164,66.4817],[44.4887,66.6718],[44.4371,66.7946],[44.4293,66.9377],[44.4039,67.0042],[44.2918,67.0997],[44.0744,67.1673],[43.8554,67.1886],[43.7824,67.2545],[43.7957,67.3296],[43.8563,67.4393],[44.0364,67.6707],[44.2254,67.9956],[44.2315,68.0712],[44.2139,68.1126],[44.2265,68.1544],[44.2047,68.2538],[44.1691,68.3271],[43.404,68.6085],[43.358,68.6358],[43.3332,68.6734],[43.4133,68.6817],[43.472,68.6798],[44.048,68.5488],[44.1753,68.5417],[45.0781,68.5782],[45.5194,68.5465],[45.892,68.4797],[46.1584,68.2914],[46.4297,68.1188],[46.6836,67.9705],[46.6904,67.8488],[46.4289,67.8237],[46.1742,67.8182],[45.5287,67.7576],[45.3741,67.6889],[44.9395,67.4774],[44.9021,67.4131],[44.9395,67.3508],[45.1389,67.2847],[45.5622,67.1856],[45.7525,66.9892],[45.8854,66.8911],[45.986,66.8531],[46.084,66.8435],[46.2978,66.8428],[46.4485,66.819],[46.4924,66.8002],[46.5523,66.819],[46.6908,66.8255],[47.4965,66.9298],[47.6559,66.9759],[47.7091,67.045],[47.7681,67.2756],[47.8393,67.3557],[47.9082,67.4547],[47.8826,67.5153],[47.8747,67.5842],[48.2787,67.6504],[48.6538,67.6953],[48.8332,67.6815],[48.8779,67.7313],[48.7627,67.827],[48.6957,67.8742],[48.7543,67.8959],[48.8406,67.8697],[48.9539,67.8538],[49.1553,67.8704],[49.9312,68.0651],[50.2332,68.1753],[50.4141,68.2184],[50.6994,68.3177],[50.8389,68.35],[51.0785,68.3633],[51.3361,68.4024],[51.6167,68.4763],[51.9947,68.5388],[52.0557,68.5413],[52.1288,68.532],[52.2854,68.4594],[52.2274,68.4186],[52.1835,68.3743],[52.2592,68.3509],[52.3223,68.3397],[52.3967,68.3517],[52.475,68.3821],[52.6697,68.4268],[52.7227,68.484],[52.6477,68.5062],[52.5501,68.5924],[52.4351,68.6102],[52.344,68.6082],[52.6836,68.7312],[53.4129,68.9125],[53.802,68.9959],[54.1858,69.0033],[54.4912,68.9923],[54.3763,68.9647],[53.8744,68.9266],[53.7977,68.9075],[53.7982,68.8847],[53.9195,68.8712],[53.9706,68.8443],[53.9293,68.8119],[53.8912,68.8015],[53.8339,68.7089],[53.7589,68.634],[53.9177,68.537],[53.9309,68.4355],[53.8295,68.3827],[53.69,68.4025],[53.5667,68.3671],[53.3426,68.3432],[53.2934,68.3117],[53.2605,68.2675],[53.4031,68.2568],[53.5151,68.2597],[53.9137,68.2312],[53.9679,68.2273],[54.0992,68.259],[54.2329,68.2663],[54.3939,68.2751],[54.4762,68.2941],[54.5612,68.273],[54.718,68.1842],[54.8613,68.2019],[54.923,68.3738],[55.1509,68.48],[55.4181,68.5678],[55.6753,68.5759],[55.9246,68.6373],[56.0437,68.6489],[56.2757,68.6241],[56.6202,68.619],[56.9094,68.5667],[57.1269,68.554],[57.4443,68.6415],[58.173,68.8897],[58.237,68.8339],[58.3539,68.9162],[58.9189,69.0038],[59.0573,69.0061],[59.0599,68.9726],[59.1102,68.8963],[59.2204,68.8496],[59.3705,68.7384],[59.2983,68.7084],[59.2226,68.6913],[59.1123,68.6163],[59.099,68.4443],[59.3107,68.4003],[59.6043,68.3511],[59.7257,68.3516],[59.8275,68.3803],[59.8588,68.396],[59.8974,68.4219],[59.9229,68.4713],[59.9414,68.5105],[59.8651,68.6049],[59.896,68.7063],[60.1603,68.6995],[60.4892,68.729],[60.6377,68.787],[60.8151,68.8952],[60.9336,68.9868],[60.8586,69.1455],[60.6646,69.1103],[60.3373,69.457],[60.1706,69.5909],[60.2765,69.6526],[60.5587,69.6923],[60.813,69.8211],[60.9091,69.8471],[61.0159,69.8515],[61.7705,69.763],[62.6313,69.7431],[63.3614,69.6753],[64.1904,69.5347],[64.5922,69.4356],[64.9285,69.3254],[64.8963,69.2478],[65.0315,69.2698],[65.3268,69.2014],[65.5279,69.1734],[65.7357,69.1323],[65.8127,69.077],[66.0848,69.0363],[66.3656,68.9613],[66.4161,68.9479],[66.7564,68.892],[67.0024,68.8736],[67.1492,68.754],[67.6396,68.5793],[67.7308,68.5137],[68.1569,68.4037],[68.3712,68.3143],[68.5042,68.3484],[68.8295,68.5674],[69.0243,68.818],[69.1405,68.9506],[68.9244,68.9562],[68.7629,68.9174],[68.6596,68.9274],[68.5428,68.9671],[68.3551,69.0676],[68.1174,69.2362],[68.073,69.4208],[68.0059,69.48],[67.7743,69.53],[67.6241,69.5844],[67.0645,69.6937],[66.9641,69.6556],[66.9342,69.5967],[66.8967,69.5538],[66.8402,69.6092],[66.804,69.6592],[66.8029,69.7401],[66.8322,69.8422],[66.9264,70.0143],[67.069,70.0056],[67.1444,70.0306],[67.2393,70.1081],[67.1975,70.1716],[67.1465,70.2199],[67.1568,70.2951],[67.2469,70.5001],[67.2848,70.7387],[67.2115,70.7984],[67.1434,70.8375],[66.8225,70.7974],[66.7022,70.8185],[66.6752,70.8647],[66.6661,70.9006],[66.7588,70.9624],[66.8471,71.0637],[66.6926,71.0417],[66.6396,71.0814],[66.7681,71.1399],[66.9176,71.2824],[67.2742,71.3479],[67.5418,71.412],[67.9594,71.5484],[68.2692,71.6828],[68.4694,71.8526],[68.6074,72.0127],[68.8297,72.3916],[69.0391,72.6699],[69.3914,72.9555],[69.6118,72.9819],[69.6943,72.9775],[69.709,72.9564],[69.6588,72.9318],[69.6451,72.8976],[69.7383,72.885],[69.8875,72.8826],[70.1722,72.9012],[70.6554,72.8904],[71.5002,72.9137],[71.617,72.9021],[71.9296,72.8197],[72.101,72.829],[72.4464,72.7903],[72.6338,72.7445],[72.8121,72.6914],[72.7874,72.483],[72.7529,72.3432],[72.6244,72.0794],[72.5741,72.0125],[72.375,71.8216],[72.2795,71.6955],[72.1297,71.6092],[71.912,71.5479],[71.8844,71.5114],[71.8673,71.4574],[72.0793,71.3067],[72.5813,71.1511],[72.7045,70.9632],[72.7316,70.8229],[72.7,70.4573],[72.6533,70.4034],[72.5619,70.3456],[72.4694,70.275],[72.5297,70.1725],[72.5994,69.7932],[72.6156,69.484],[72.5573,69.3784],[72.5271,69.1542],[72.5273,69.0805],[72.5768,68.9687],[72.6783,68.8749],[72.8119,68.8152],[73.1907,68.7068],[73.548,68.5745],[73.5734,68.5326],[73.5917,68.4819],[73.4652,68.4308],[73.2664,68.2945],[73.1395,68.1813],[73.1294,68.0909],[73.173,67.973],[73.1521,67.865],[73.0668,67.7669],[72.9487,67.6962],[72.5943,67.587],[71.8475,67.0076],[71.6682,66.9397],[71.3652,66.9615],[71.4489,66.879],[71.5512,66.7604],[71.5396,66.6831],[71.342,66.6867],[71.0656,66.6045],[70.9395,66.5481],[70.7249,66.5194],[70.5614,66.5487],[70.3828,66.6025],[70.4089,66.6476],[70.4426,66.6683],[70.568,66.7009],[70.6907,66.7453],[70.6308,66.7542],[70.5791,66.7538],[70.4439,66.6973],[70.2834,66.6858],[70.0938,66.7543],[69.9486,66.83],[69.8771,66.8455],[69.7404,66.8146],[69.2178,66.8286],[69.0787,66.8159],[69.0135,66.7883],[69.0512,66.7664],[69.0911,66.7236],[69.1439,66.6407],[69.1943,66.5787],[69.412,66.5107],[69.701,66.4846],[69.9824,66.4014],[70.3395,66.3424],[71.1455,66.3667],[71.358,66.3594],[71.5656,66.3337],[71.917,66.2467],[72.0676,66.2533],[72.3216,66.3321],[72.384,66.5065],[72.4174,66.5608],[73.3416,66.8068],[73.5136,66.8611],[73.7921,66.9953],[73.8833,67.085],[73.9862,67.3277],[74.0745,67.4141],[74.6761,67.6946],[74.7695,67.7664],[74.7873,67.8975],[74.7782,67.9859],[74.7427,68.0735],[74.6324,68.2183],[74.5112,68.3031],[74.3914,68.4206],[74.481,68.6589],[74.5796,68.7512],[75.1246,68.8617],[75.5896,68.9012],[76.1075,68.9757],[76.316,68.9915],[76.4592,68.9783],[76.6058,68.8976],[76.7351,68.7769],[77.1117,68.5962],[77.2385,68.4696],[77.261,68.3156],[77.2484,67.941],[77.1744,67.7785],[77.3251,67.7356],[77.3956,67.6987],[77.5792,67.6439],[77.6751,67.5896],[77.7716,67.5703],[77.9855,67.5592],[78.5896,67.5785],[78.9225,67.5891],[78.8876,67.6131],[78.8391,67.6312],[78.5591,67.6391],[78.1612,67.6784],[77.5883,67.7519],[77.5201,67.9096],[77.5359,68.0077],[77.6648,68.1904],[77.7568,68.2224],[77.8683,68.2347],[77.9951,68.2595],[77.9587,68.3771],[77.9068,68.4823],[77.7853,68.6305],[77.6507,68.903],[77.4663,68.9051],[77.3283,68.9586],[76.6449,69.1174],[76.001,69.2351],[75.5611,69.2518],[75.42,69.2386],[75.0535,69.1163],[74.8148,69.0906],[74.3626,69.1446],[73.9774,69.1146],[73.836,69.1432],[73.7757,69.1982],[73.8909,69.418],[73.8327,69.5039],[73.6633,69.6171],[73.5602,69.7072],[73.5781,69.803],[73.8302,70.1757],[73.9374,70.2729],[74.2067,70.4455],[74.3434,70.5787],[74.3109,70.6536],[73.7315,71.0687],[73.5766,71.2165],[73.5072,71.2635],[73.3652,71.3198],[73.1505,71.3852],[73.0862,71.4449],[73.6718,71.8451],[73.9395,71.9147],[74.3112,71.9578],[74.4891,71.997],[74.8041,72.0774],[74.9922,72.1448],[75.0532,72.1992],[75.0899,72.2631],[75.0971,72.4207],[75.0604,72.5488],[75.008,72.6194],[74.8969,72.7101],[74.7868,72.8119],[74.8649,72.8384],[74.9422,72.8538],[75.1524,72.8527],[75.3693,72.7966],[75.4749,72.685],[75.6035,72.5811],[75.6031,72.5122],[75.5914,72.4572],[75.6443,72.3823],[75.6911,72.35],[75.7414,72.2962],[75.6944,72.2535],[75.6443,72.2323],[75.5502,72.1708],[75.3945,71.9832],[75.2738,71.9589],[75.2475,71.8134],[75.5032,71.6546],[75.4686,71.5344],[75.4172,71.4947],[75.2803,71.4301],[75.298,71.3785],[75.332,71.3417],[75.7336,71.2659],[76.1104,71.2186],[76.742,71.2021],[76.929,71.1279],[76.9952,71.1811],[77.5896,71.1679],[78.0683,70.9863],[78.3206,70.9304],[78.5258,70.9118],[78.9422,70.9338],[79.0154,70.9502],[79.0839,71.002],[78.8887,70.9972],[78.8035,70.9735],[78.7239,70.976],[78.5877,70.9939],[78.4914,71.0254],[78.3865,71.0871],[78.2126,71.2663],[77.9084,71.3241],[77.7066,71.3006],[77.4811,71.3116],[77.1137,71.4094],[76.8712,71.4466],[76.4334,71.5525],[76.3121,71.5955],[76.2157,71.6829],[76.1036,71.829],[76.0324,71.9104],[76.124,71.9266],[76.4217,72.006],[76.8714,72.033],[77.0613,72.0042],[77.5508,71.8421],[77.7775,71.8364],[78.1869,71.9071],[78.2324,71.9523],[78.1408,72.0447],[78.0164,72.092],[77.7807,72.1143],[77.4929,72.0717],[77.4108,72.1078],[77.4397,72.1565],[77.4716,72.1921],[77.6253,72.2014],[77.7332,72.2292],[77.9682,72.3287],[78.2254,72.3774],[78.4826,72.395],[79.4221,72.3808],[79.9539,72.223],[80.474,72.1531],[80.6992,72.0983],[80.7625,72.0892],[80.8147,72.0543],[80.8561,71.9702],[81.5112,71.7461],[81.6616,71.716],[82.0799,71.7068],[82.5473,71.7586],[82.7578,71.7641],[82.9861,71.7487],[83.1066,71.7205],[83.2336,71.6682],[83.1655,71.6022],[83.1057,71.5625],[82.9771,71.4514],[82.918,71.4199],[82.4932,71.2929],[82.3229,71.26],[82.277,71.0935],[82.2543,71.0562],[82.2392,70.9977],[82.316,70.8794],[82.3359,70.8074],[82.2707,70.7067],[82.1632,70.5981],[82.1824,70.5115],[82.2212,70.3957],[82.2358,70.4303],[82.2314,70.4829],[82.2584,70.5436],[82.4517,70.6901],[82.5925,70.8899],[82.7378,70.9421],[82.8691,70.9548],[83.0102,70.8954],[83.0511,70.8152],[83.0584,70.6947],[83.0302,70.5805],[82.9198,70.4074],[82.7425,70.2865],[82.6823,70.2177],[82.7673,70.1541],[82.8565,70.1045],[82.961,70.0883],[83.0808,70.093],[83.1096,70.1096],[83.132,70.1572],[83.0941,70.2211],[83.0738,70.2767],[83.2935,70.3213],[83.4971,70.3453],[83.6599,70.4184],[83.7005,70.4664],[83.7359,70.5465],[83.6513,70.6722],[83.5789,70.7659],[83.3339,70.9885],[83.1513,71.1036],[83.266,71.2759],[83.4576,71.4675],[83.5311,71.5143],[83.5505,71.5437],[83.5713,71.5944],[83.5535,71.6498],[83.5344,71.6839],[83.3404,71.8275],[83.2003,71.8747],[82.7551,71.9028],[82.6454,71.9252],[82.3191,72.0718],[82.2807,72.1051],[82.2093,72.2112],[82.1836,72.2375],[82.0937,72.2654],[81.7929,72.3266],[81.5862,72.3517],[81.2827,72.3588],[81.0981,72.3897],[80.8271,72.4883],[80.7978,72.52],[80.7196,72.6479],[80.6562,72.712],[80.6754,72.7592],[80.7737,72.8608],[80.8416,72.9492],[80.7574,73.0252],[80.6387,73.0492],[80.5097,73.0861],[80.4555,73.1552],[80.4245,73.2312],[80.4189,73.2896],[80.398,73.3568],[80.4583,73.4137],[80.5959,73.474],[80.5619,73.515],[80.5832,73.5685],[81.4688,73.6404],[81.817,73.6588],[83.5447,73.6665],[83.667,73.6865],[84.4174,73.722],[84.7379,73.7628],[85.0774,73.7195],[85.2006,73.7215],[85.4483,73.7346],[85.6114,73.8216],[85.9793,73.8569],[86.5914,73.8943],[86.893,73.8871],[86.9613,73.8607],[87.0295,73.8242],[86.6977,73.7168],[86.3659,73.6198],[86.0941,73.5783],[85.8271,73.4928],[85.8005,73.4589],[85.7926,73.4383],[85.8024,73.3717],[85.8182,73.327],[86.0981,73.2726],[86.3079,73.1958],[86.5144,73.1405],[86.6771,73.1068],[86.715,73.1258],[86.1217,73.3067],[85.9708,73.3471],[85.9101,73.3904],[85.939,73.4565],[85.9989,73.4858],[86.0924,73.5191],[86.1551,73.5347],[86.3763,73.5688],[87.1201,73.615],[87.2944,73.7047],[87.3695,73.7559],[87.5712,73.8107],[87.5032,73.8325],[87.3375,73.846],[87.2097,73.8787],[86.6971,74.1953],[86.5711,74.2438],[86.1778,74.2794],[86.0014,74.316],[86.1829,74.423],[86.3958,74.4501],[86.5385,74.4442],[86.6647,74.4143],[86.8979,74.3253],[87.2297,74.3639],[87.1062,74.4036],[86.8942,74.4497],[86.7001,74.5225],[86.4257,74.5855],[86.1161,74.6286],[85.791,74.6451],[85.8808,74.7402],[86.0589,74.7282],[86.1195,74.7574],[86.2013,74.8162],[86.6515,74.6824],[86.8629,74.7179],[87.0418,74.7789],[87.4193,74.9409],[87.4676,75.0132],[87.2874,75.0525],[87.1407,75.0723],[86.9391,75.0681],[86.9217,75.1128],[87.006,75.1698],[87.1708,75.1917],[87.6714,75.1296],[88.5037,75.2905],[88.7331,75.3692],[89.3103,75.4701],[89.5951,75.4583],[90.185,75.5911],[91.0047,75.6496],[91.4795,75.6497],[91.8454,75.7237],[92.4075,75.7497],[92.6025,75.7791],[93.5498,75.8541],[94.0752,75.9129],[94.1563,75.9592],[93.687,75.9216],[93.574,75.9563],[93.4755,75.9329],[93.4061,75.9013],[93.1781,75.959],[93.1163,75.9446],[93.0687,75.9128],[92.9866,75.9027],[92.8904,75.91],[92.8586,75.9795],[92.9716,76.0751],[93.1049,76.0258],[93.2593,76.0988],[93.3596,76.1007],[93.6484,76.0542],[93.8429,76.1013],[94.1023,76.1236],[94.3883,76.1028],[94.5067,76.108],[94.5756,76.1518],[95.0385,76.1135],[95.3593,76.1396],[95.5787,76.1373],[95.9199,76.1131],[96.0755,76.082],[95.986,76.0097],[95.6533,75.8922],[95.7438,75.8723],[95.9348,75.926],[96.5086,76.0056],[96.6006,75.9899],[96.5377,75.9216],[96.4971,75.8912],[96.8792,75.9311],[97.2055,76.0187],[97.3507,76.0334],[97.4992,75.9802],[97.6377,76.0291],[97.6698,76.078],[97.9184,76.0887],[98.02,76.1337],[98.1946,76.1664],[98.342,76.1806],[98.662,76.2427],[98.7713,76.224],[98.9847,76.2076],[99.1873,76.1776],[99.5627,76.1093],[99.6156,76.0823],[99.6632,76.078],[99.7704,76.0288],[99.6893,75.9563],[99.6023,75.8521],[99.4422,75.8032],[99.5407,75.7986],[99.6094,75.8113],[99.7375,75.8807],[99.8514,75.9303],[99.8254,76.1359],[99.6168,76.2402],[99.4606,76.2751],[99.0938,76.3843],[98.9695,76.4308],[98.8057,76.4807],[98.8694,76.5096],[99.5763,76.4714],[99.9357,76.4899],[100.3224,76.4792],[100.8438,76.5252],[101.0607,76.4772],[101.3107,76.4789],[101.5978,76.4392],[101.6838,76.4855],[101.213,76.5357],[101.0026,76.5305],[100.928,76.5567],[101.0062,76.6151],[101.0993,76.704],[101.0082,76.7813],[100.9204,76.8225],[100.9059,76.9007],[100.9899,76.9905],[101.1857,77.0286],[101.2929,77.1016],[101.5177,77.1981],[102.6102,77.5085],[103.1314,77.6265],[103.3312,77.6411],[103.5607,77.6319],[104.0146,77.7304],[104.1849,77.7305],[104.8143,77.6521],[104.9652,77.5947],[105.309,77.5492],[105.7103,77.5252],[105.8945,77.4889],[105.9834,77.4476],[106.0596,77.3905],[105.7342,77.352],[105.3846,77.2378],[104.9119,77.1747],[104.3236,77.1327],[104.2024,77.1018],[105.3202,77.0923],[105.6459,77.1007],[105.712,77.0015],[105.8222,76.9975],[106.1454,77.0453],[106.3387,77.0479],[106.7051,77.0138],[106.7837,77.0318],[106.9416,77.0344],[107.2789,76.991],[107.4298,76.9266],[107.1902,76.822],[106.9409,76.7305],[106.6388,76.5734],[106.5455,76.5863],[106.3847,76.5895],[106.4136,76.5123],[106.6832,76.5147],[106.8254,76.4801],[107.1577,76.5241],[107.6242,76.5101],[107.7222,76.5223],[107.9022,76.5697],[107.9499,76.6606],[108.0279,76.7185],[108.1816,76.7378],[108.3521,76.7195],[108.6384,76.7201],[109.3693,76.7492],[109.9812,76.7119],[110.4715,76.7584],[111.1148,76.723],[111.3925,76.6867],[111.6006,76.6223],[111.7861,76.6036],[111.9387,76.5534],[112.0939,76.4803],[112.0168,76.4206],[111.9427,76.3805],[112.1428,76.424],[112.2971,76.4347],[112.4133,76.4083],[112.6195,76.3835],[112.6842,76.2188],[112.7426,76.1869],[112.7984,76.1296],[112.7219,76.0772],[112.6562,76.0536],[112.8189,76.0586],[113.0467,76.1141],[113.094,76.1329],[113.1504,76.1745],[113.066,76.2152],[112.988,76.2397],[113.086,76.2581],[113.2727,76.2517],[113.3655,76.1789],[113.4277,76.1121],[113.5639,75.8916],[113.8572,75.9213],[113.871,75.856],[113.7487,75.7048],[113.6199,75.5927],[113.5676,75.5684],[113.4859,75.564],[113.5172,75.6219],[113.469,75.6567],[113.3916,75.6779],[113.1264,75.6987],[112.6292,75.8354],[112.4967,75.8499],[112.4661,75.8437],[112.453,75.8302],[112.7296,75.7376],[112.9557,75.5719],[113.1615,75.6205],[113.243,75.6114],[113.3563,75.5343],[113.5589,75.5021],[113.7262,75.4506],[113.6136,75.293],[112.9249,75.015],[112.192,74.8532],[111.8683,74.74],[111.299,74.6584],[110.8928,74.5481],[110.3735,74.4661],[110.2259,74.3787],[109.8403,74.322],[109.8664,74.2931],[109.9113,74.2613],[109.8639,74.2089],[109.8103,74.1692],[109.5108,74.0888],[109.075,74.0323],[108.1995,73.6941],[107.7654,73.625],[107.2711,73.621],[107.167,73.5894],[106.7942,73.3767],[106.6794,73.3307],[106.1887,73.308],[105.6771,72.9593],[105.3928,72.841],[105.1439,72.7771],[105.4027,72.7899],[105.7082,72.8367],[106.0667,72.9499],[106.1596,73.002],[106.2088,73.0605],[106.315,73.1064],[106.4779,73.1394],[107.1088,73.1773],[107.3688,73.1631],[107.7504,73.1731],[108.0013,73.2356],[108.151,73.2579],[108.2854,73.2659],[108.3515,73.3102],[108.5754,73.319],[109.0899,73.3784],[109.1656,73.3996],[109.3311,73.4875],[109.6371,73.454],[109.8553,73.4725],[110.4287,73.6289],[110.7733,73.6892],[110.8682,73.7307],[110.7992,73.7598],[110.7224,73.7799],[110.3883,73.726],[110.0912,73.7085],[109.7527,73.7226],[109.7067,73.7438],[109.6656,73.8002],[109.7741,73.8812],[109.8691,73.9306],[110.0839,73.9944],[110.2614,74.0174],[110.9201,73.9479],[111.0563,73.9394],[111.1309,74.0528],[111.3414,74.0474],[111.5506,74.0285],[111.46,74.0048],[111.2281,73.9686],[111.2995,73.8849],[111.4004,73.8277],[111.8037,73.7453],[112.1473,73.7089],[112.4,73.7111],[112.7954,73.7461],[112.856,73.7711],[112.9396,73.8356],[112.8359,73.9621],[112.935,73.9457],[113.0328,73.9139],[113.1815,73.8374],[113.3269,73.7074],[113.4162,73.6476],[113.3645,73.5828],[113.1569,73.4596],[113.277,73.3915],[113.4909,73.3461],[113.4876,73.1451],[113.4746,73.0479],[113.3693,72.9419],[113.2474,72.8972],[113.1278,72.8307],[113.1582,72.7695],[113.1861,72.7302],[113.3122,72.6574],[113.6646,72.6345],[113.7119,72.6542],[113.6301,72.6771],[113.3914,72.711],[113.2981,72.7389],[113.2155,72.8059],[113.3115,72.8783],[113.4175,72.9322],[113.5428,73.0543],[113.5814,73.1422],[113.5589,73.2326],[113.6392,73.2736],[113.7652,73.318],[113.8293,73.3266],[113.8862,73.3458],[113.7951,73.3674],[113.7113,73.3786],[113.5395,73.4336],[113.5104,73.505],[113.8569,73.5334],[114.0605,73.5847],[114.816,73.6072],[115.3377,73.7026],[116.4955,73.6761],[117.3086,73.5992],[118.4502,73.5898],[118.8709,73.5379],[118.9112,73.5184],[118.9364,73.4812],[118.7545,73.4645],[118.457,73.4644],[118.3766,73.3672],[118.4303,73.2465],[118.9604,73.1173],[119.4253,73.064],[119.7504,72.9791],[119.9217,72.9713],[120.5979,72.9811],[120.9972,72.9367],[121.3543,72.9708],[121.7479,72.9697],[121.886,72.9609],[122.0298,72.8972],[122.2602,72.8806],[122.5375,72.8778],[122.6921,72.8908],[122.752,72.9065],[122.7309,72.9313],[122.502,72.9707],[122.5268,73.0167],[122.6152,73.0279],[122.9993,72.9646],[123.1604,72.9549],[123.3012,73.0018],[123.4046,73.0856],[123.4616,73.1442],[123.5219,73.1729],[123.5725,73.1773],[123.6223,73.1933],[123.501,73.2616],[123.3839,73.3473],[123.3553,73.4025],[123.3227,73.4308],[123.3051,73.5329],[123.4162,73.6369],[123.4911,73.6664],[123.7969,73.6268],[123.9339,73.6893],[124.019,73.7123],[124.3881,73.7548],[124.5412,73.7513],[124.7963,73.7118],[125.6171,73.5206],[125.5985,73.4474],[125.7944,73.4685],[125.8879,73.4981],[126.1074,73.5175],[126.2545,73.5482],[126.296,73.5367],[126.3449,73.5063],[126.3089,73.4637],[126.2574,73.4198],[126.2925,73.3942],[126.3354,73.3888],[126.5525,73.3349],[126.8385,73.4342],[126.9552,73.5282],[127.0313,73.5475],[127.7403,73.4815],[127.9551,73.4456],[127.9969,73.4256],[128.0257,73.3908],[128.1417,73.3524],[128.2814,73.3306],[128.2642,73.3007],[128.2578,73.2675],[128.587,73.2624],[128.7305,73.2334],[128.8887,73.1902],[128.8717,73.1394],[128.9134,73.1106],[129.0592,73.1075],[129.1006,73.1124],[129.0537,73.0454],[128.8535,72.9726],[128.7353,72.9433],[128.599,72.8952],[128.674,72.8859],[129.0173,72.8725],[129.2291,72.7757],[129.2504,72.7052],[129.1176,72.677],[128.8153,72.5859],[128.6334,72.5501],[128.5085,72.5473],[128.4183,72.5352],[128.5494,72.4959],[129.1166,72.4857],[129.2813,72.4377],[129.4117,72.3155],[129.4106,72.1663],[129.2835,72.092],[128.935,72.0795],[128.4752,72.2456],[128.197,72.3096],[127.8034,72.434],[127.7261,72.4132],[127.8414,72.3083],[128.0266,72.25],[128.3588,72.0883],[128.9114,71.7553],[129.0401,71.7824],[129.1166,71.8246],[129.1542,71.8787],[129.1216,71.9532],[129.2103,71.9169],[129.2918,71.8502],[129.4608,71.7393],[129.2342,71.7448],[128.949,71.7076],[128.8433,71.6635],[128.9227,71.6018],[129.1343,71.5929],[129.2245,71.5088],[129.3898,71.4049],[129.7619,71.1195],[130.026,71.0654],[130.2812,70.9473],[130.5371,70.8925],[130.6685,70.8883],[130.7571,70.9624],[130.8319,70.9359],[130.898,70.8036],[131.0216,70.7461],[131.1574,70.7422],[131.2683,70.7655],[131.4323,70.8283],[131.562,70.901],[131.769,71.1014],[131.9064,71.2026],[132.0354,71.244],[131.9908,71.2932],[132.0037,71.3502],[132.0988,71.484],[132.2276,71.6428],[132.3258,71.7262],[132.5623,71.8953],[132.6539,71.926],[132.7158,71.8715],[132.7686,71.7987],[132.8036,71.7676],[132.8393,71.7552],[133.1309,71.6067],[133.4262,71.491],[133.6889,71.4342],[134.1028,71.379],[134.7027,71.3868],[134.8139,71.4606],[135.0224,71.515],[135.3594,71.5435],[135.5592,71.6104],[135.8848,71.6306],[136.0903,71.6196],[136.4062,71.5708],[137.1158,71.4157],[137.3154,71.3594],[137.4175,71.299],[137.6506,71.2082],[137.7979,71.1639],[137.9396,71.1334],[137.9917,71.1427],[137.9737,71.1687],[137.902,71.194],[137.844,71.2268],[138.0127,71.2608],[138.0325,71.2858],[138.0906,71.3074],[138.3141,71.3255],[138.0972,71.3586],[138.0222,71.3634],[137.9184,71.3841],[137.9273,71.4298],[137.9957,71.4635],[138.0483,71.526],[138.1185,71.5662],[138.2342,71.5963],[138.3181,71.6028],[138.5252,71.5627],[138.67,71.6348],[138.7802,71.629],[139.0049,71.5561],[139.2094,71.4448],[139.3202,71.4447],[139.6321,71.4893],[139.9842,71.4915],[139.9388,71.5577],[139.6951,71.7004],[139.7229,71.885],[139.5523,71.9267],[139.3593,71.9514],[139.6402,71.9983],[139.8471,72.1486],[140.0141,72.1621],[140.1877,72.1913],[140.1344,72.2096],[139.617,72.2257],[139.5053,72.2077],[139.4305,72.1635],[139.1764,72.1635],[139.145,72.2644],[139.1408,72.3297],[139.4736,72.4665],[139.6012,72.4961],[140.4506,72.4931],[140.7051,72.5189],[141.0793,72.5869],[140.9832,72.63],[140.9729,72.717],[140.6523,72.8428],[140.676,72.8716],[140.7081,72.89],[140.8082,72.891],[141.3098,72.8577],[141.5184,72.7887],[142.0614,72.7208],[143.5158,72.6982],[143.681,72.6732],[144.3039,72.643],[144.5687,72.6099],[145.1993,72.5702],[145.4857,72.5421],[145.7142,72.4974],[146.0833,72.4714],[146.2529,72.4422],[146.2348,72.3497],[145.4671,72.3621],[145.2129,72.3927],[144.8975,72.3962],[144.7764,72.3823],[144.5876,72.3055],[144.3609,72.2653],[144.1692,72.2588],[144.2949,72.1926],[144.4707,72.1748],[145.0392,72.2599],[146.5941,72.3024],[146.8318,72.2954],[146.807,72.2366],[146.5992,72.1235],[146.4017,72.0355],[146.1133,71.945],[146.0059,71.9455],[146.2303,72.1375],[146.1373,72.1465],[146.0515,72.1423],[145.7994,72.2219],[145.7586,72.2259],[145.7097,72.2063],[145.7102,72.1776],[145.6641,72.067],[145.7567,72.0207],[145.7567,71.9413],[145.4072,71.8901],[145.2712,71.8946],[145.1258,71.9271],[145.064,71.9261],[145.0469,71.901],[145.0777,71.8546],[145.0737,71.8309],[145.0179,71.7937],[144.9896,71.7534],[145.0756,71.7074],[145.1886,71.6958],[145.8048,71.7465],[146.0732,71.8084],[146.368,71.9221],[146.8947,72.1975],[147.1271,72.292],[147.2618,72.3279],[147.434,72.3409],[148.4021,72.312],[148.9648,72.2523],[149.5016,72.1643],[149.7662,72.0913],[149.9631,71.9922],[149.9981,71.9505],[150.0169,71.8957],[149.8811,71.843],[149.2797,71.8255],[149.0487,71.7958],[148.9653,71.7628],[148.9549,71.7441],[148.9233,71.7146],[148.9682,71.6905],[149.2379,71.6879],[149.498,71.664],[149.8571,71.6015],[149.9127,71.5807],[150.0265,71.5213],[150.0608,71.5108],[150.5998,71.5201],[150.6349,71.4989],[150.6678,71.4552],[150.5251,71.3858],[150.3848,71.3388],[150.0977,71.2266],[150.243,71.2672],[150.8217,71.3629],[150.9678,71.3805],[151.1453,71.3737],[151.5824,71.287],[151.7598,71.2178],[152.0928,71.0233],[151.9998,71.0025],[151.762,70.9825],[152.5088,70.8345],[152.7983,70.8356],[153.4606,70.8786],[153.7941,70.88],[154.414,70.9745],[155.0295,71.0342],[155.5959,71.0386],[155.8952,71.0955],[156.6846,71.0938],[157.4474,71.0745],[158.037,71.0393],[158.7021,70.935],[159.3507,70.7907],[159.7279,70.6497],[159.8047,70.6049],[159.9118,70.5061],[159.9586,70.4236],[160.0064,70.3097],[159.9834,70.2214],[159.8896,70.1588],[159.8314,70.0814],[159.8392,69.99],[159.7294,69.8702],[159.8325,69.785],[160.1191,69.7298],[160.7395,69.6552],[160.9107,69.6063],[160.9289,69.4585],[160.982,69.3345],[161.0355,69.0982],[161.1408,69.0389],[161.3099,68.9823],[161.3406,68.9052],[161.129,68.6539],[160.9967,68.6075],[160.8561,68.5383],[161.1045,68.5625],[161.2302,68.6539],[161.3651,68.823],[161.4953,68.8499],[161.5656,68.9052],[161.5656,69.064],[161.4801,69.2017],[161.4801,69.3001],[161.5369,69.3795],[161.9451,69.5451],[162.166,69.6116],[162.3757,69.6491],[162.9446,69.6828],[163.2014,69.7147],[163.498,69.6933],[163.7053,69.7018],[163.946,69.7352],[164.1596,69.7193],[164.5133,69.6091],[165.7607,69.5844],[165.9805,69.546],[166.8203,69.4996],[166.8844,69.4999],[167.0731,69.5544],[167.6281,69.7403],[167.8568,69.7282],[167.9501,69.6992],[168.0477,69.6256],[168.15,69.5774],[168.23,69.447],[168.303,69.2715],[168.423,69.2395],[168.5876,69.2284],[168.9462,69.1633],[169.3106,69.0795],[169.4146,68.9196],[169.6099,68.786],[170.0656,68.7987],[170.5376,68.8254],[170.9954,69.0453],[170.9967,69.1347],[170.8838,69.2636],[170.7142,69.3882],[170.5822,69.5833],[170.1609,69.6266],[170.2012,69.6832],[170.3596,69.751],[170.5031,69.8565],[170.5254,69.9379],[170.4868,70.1076],[170.868,70.096],[171.2467,70.0761],[171.9705,70.0003],[172.5596,69.9684],[172.8692,69.9198],[173.0563,69.8649],[173.2774,69.8238],[173.3533,69.924],[173.4387,69.9468],[173.7334,69.8911],[173.948,69.8741],[174.3194,69.8816],[174.7855,69.8557],[175.2956,69.8601],[175.7512,69.9042],[175.9215,69.8953],[176.1075,69.8603],[176.4104,69.7685],[176.9244,69.646],[177.3945,69.6116],[177.9337,69.4956],[178.4428,69.453],[178.8483,69.3872],[178.9069,69.3621],[178.925,69.326],[178.9507,69.2958],[179.2727,69.2597],[179.8683,69.0127],[180,68.9834],[180,65.0672],[179.8273,65.0342],[179.6514,64.9209],[179.4482,64.822],[179.15,64.7816],[178.6984,64.6311],[178.5195,64.603],[178.2854,64.6723],[177.7486,64.717],[177.5816,64.7779],[177.337,64.9313],[177.2519,64.9536],[177.1792,65.0141],[176.8809,65.0819],[176.6248,65.0376],[176.4131,65.0712],[176.341,65.0473],[176.4521,65.0252],[176.6455,65.0072],[176.94,65.016],[177.0373,64.9997],[177.1234,64.947],[177.2229,64.8617],[177.1482,64.8048],[177.0687,64.7867],[176.8311,64.8492],[176.5566,64.84],[176.4295,64.8552],[176.0611,64.9609],[175.7812,64.844],[175.3965,64.7837],[175.0978,64.7769],[174.5488,64.6839],[174.6986,64.6814],[175.0971,64.7466],[175.3307,64.7466],[175.6779,64.7825],[175.8586,64.8253],[175.9459,64.8652],[176.0565,64.9047],[176.1692,64.8848],[176.247,64.843],[176.3009,64.7838],[176.351,64.7051],[176.2832,64.6638],[176.2194,64.6419],[176.1409,64.5858],[176.5076,64.6824],[176.731,64.6249],[176.8429,64.6338],[177.0498,64.7192],[177.3875,64.774],[177.4274,64.7634],[177.4672,64.7368],[177.4099,64.5728],[177.4329,64.4445],[177.6875,64.3047],[177.9533,64.2223],[178.0447,64.2196],[178.1306,64.2353],[178.164,64.3091],[178.2295,64.3644],[178.313,64.3144],[178.3814,64.2609],[178.4771,64.1279],[178.4748,64.089],[178.4514,64.0114],[178.536,63.9756],[178.6503,63.9653],[178.6925,63.8423],[178.7314,63.6671],[178.6813,63.6507],[178.626,63.6507],[178.4404,63.6056],[178.4661,63.5741],[178.6537,63.5566],[178.7064,63.5215],[178.6688,63.4399],[178.6787,63.4023],[178.744,63.3948],[178.7867,63.4424],[178.7754,63.5103],[178.793,63.5403],[178.9186,63.4002],[178.9215,63.345],[179.0281,63.2824],[179.3323,63.1902],[179.3886,63.1472],[179.4051,63.0777],[179.329,63.0579],[179.2596,63.0083],[179.3021,62.9398],[179.3811,62.8837],[179.5109,62.8628],[179.5705,62.7735],[179.5705,62.6875],[179.4772,62.6131],[179.2887,62.5104],[179.177,62.4692],[179.1339,62.3964],[179.1207,62.3204],[179.0446,62.3237],[178.9639,62.3553],[178.0192,62.547],[177.6631,62.5828],[177.3513,62.5875],[177.2926,62.599],[177.2959,62.6445],[177.3158,62.6853],[177.3597,62.737],[177.339,62.7813],[177.2983,62.7842],[177.2587,62.7504],[177.1727,62.7503],[177.0912,62.7896],[177.0235,62.7772],[176.99,62.7222],[176.9635,62.6933],[176.9647,62.6586],[177.008,62.6266],[177.1896,62.5916],[177.1595,62.561],[176.9074,62.5361],[176.7025,62.5058],[176.4365,62.4108],[176.3284,62.346],[175.6139,62.1844],[175.442,62.1279],[175.3658,62.1213],[175.2679,62.1024],[175.1924,62.0344],[174.7976,61.9389],[174.715,61.9479],[174.6105,61.8676],[174.5144,61.8236],[174.285,61.8175],[174.1389,61.7952],[173.8224,61.6794],[173.6234,61.7161],[173.3907,61.5567],[173.1318,61.4066],[173.0546,61.4062],[172.8565,61.4692],[172.8068,61.4361],[172.8379,61.3756],[172.908,61.3116],[172.8678,61.2931],[172.7891,61.3107],[172.7307,61.3144],[172.69,61.2952],[172.697,61.2493],[172.5848,61.1904],[172.4971,61.1859],[172.3961,61.1674],[172.3624,61.1166],[172.3928,61.0618],[172.2133,60.9979],[172.0673,60.9157],[171.9977,60.9007],[171.918,60.8641],[171.8306,60.8374],[171.7295,60.8431],[171.4897,60.7257],[170.9493,60.5229],[170.7993,60.4965],[170.6082,60.4349],[170.5897,60.3937],[170.5886,60.3429],[170.5123,60.2595],[170.4234,60.0478],[170.3965,60.0098],[170.351,59.9655],[170.1541,59.9861],[169.9826,60.0671],[169.9272,60.1042],[169.8976,60.1479],[169.887,60.2179],[169.8543,60.2502],[169.8147,60.2654],[169.6184,60.438],[169.2757,60.5566],[169.2268,60.5959],[168.7883,60.5638],[168.6703,60.5629],[168.4628,60.5922],[168.1375,60.5739],[167.746,60.5093],[167.6261,60.4689],[167.2268,60.4063],[166.9641,60.307],[166.4525,59.947],[166.3318,59.8724],[166.273,59.8563],[166.1865,59.8495],[166.1489,59.9221],[166.136,59.9793],[166.1684,60.0888],[166.2298,60.1783],[166.2925,60.3461],[166.3081,60.4143],[166.3521,60.4848],[166.1802,60.4804],[165.942,60.3569],[165.583,60.2365],[165.4158,60.2052],[165.2853,60.1349],[165.1926,60.1248],[165.0846,60.0986],[165.0736,59.9456],[165.0189,59.8607],[164.9537,59.8436],[164.8543,59.841],[164.7794,59.8742],[164.6697,59.9975],[164.5253,60.0613],[164.44,60.0727],[164.3769,60.0581],[164.2516,59.9738],[164.1133,59.8976],[164.1351,59.9844],[164.0176,60.0173],[163.9129,60.0371],[163.7801,60.0411],[163.7438,60.028],[163.69,59.9784],[163.5743,59.9141],[163.4938,59.8868],[163.41,59.835],[163.3648,59.7814],[163.3212,59.7054],[163.269,59.52],[163.2729,59.3026],[163.0849,59.1314],[163.0102,59.1483],[162.9749,59.1371],[162.94,59.1143],[163.0043,59.0202],[162.9698,58.9865],[162.9346,58.964],[162.8473,58.9393],[162.6434,58.7999],[162.453,58.7086],[162.1416,58.4474],[162.0492,58.2729],[161.9601,58.0769],[162.002,57.981],[162.0396,57.9183],[162.0979,57.8747],[162.1975,57.8291],[162.4114,57.7784],[162.3922,57.745],[162.3914,57.7172],[162.467,57.7662],[162.522,57.9041],[162.6543,57.9482],[162.7184,57.9461],[163.145,57.8373],[163.2258,57.7904],[163.2139,57.6868],[163.1879,57.6374],[163.1088,57.5648],[162.957,57.4775],[162.7793,57.3576],[162.7623,57.2841],[162.7615,57.2439],[162.8081,57.1028],[162.8148,57.0234],[162.7911,56.8754],[162.8026,56.8115],[162.8499,56.7568],[162.9221,56.7227],[163.0464,56.7413],[163.1654,56.7255],[163.2565,56.688],[163.2433,56.5646],[163.294,56.4477],[163.3355,56.2325],[163.2613,56.1737],[163.1893,56.137],[163.0474,56.0447],[162.9717,56.0338],[162.8403,56.0656],[162.6281,56.2323],[162.7132,56.3309],[162.8933,56.3995],[162.9752,56.449],[163.0384,56.5219],[162.9441,56.5081],[162.8776,56.4764],[162.6715,56.4901],[162.5891,56.4549],[162.4887,56.3991],[162.5282,56.2607],[162.4611,56.2355],[162.3341,56.1877],[162.1461,56.1283],[162.085,56.0896],[161.924,55.8404],[161.7756,55.6548],[161.7239,55.4961],[161.7294,55.358],[161.785,55.2053],[161.8242,55.1389],[161.9961,54.998],[162.0803,54.8861],[162.1056,54.7521],[161.9669,54.6887],[161.7257,54.533],[161.6248,54.5163],[161.294,54.5206],[161.1299,54.5982],[160.9355,54.5784],[160.7727,54.5414],[160.5172,54.4309],[160.2889,54.2882],[160.0744,54.1892],[160.0102,54.1309],[159.9218,54.0084],[159.8438,53.7836],[159.8709,53.6727],[159.9143,53.6208],[159.9559,53.5522],[159.8991,53.4477],[159.8977,53.3808],[160.0021,53.2749],[160.0251,53.1296],[159.9475,53.1251],[159.7716,53.2297],[159.5859,53.2377],[159.1361,53.1171],[158.9521,53.0476],[158.7454,52.9089],[158.6837,52.9354],[158.6396,53.0148],[158.5646,53.05],[158.4721,53.0324],[158.4323,52.9574],[158.5602,52.9222],[158.6088,52.8736],[158.5337,52.6884],[158.4808,52.6267],[158.5004,52.4603],[158.4932,52.3832],[158.4635,52.305],[158.3316,52.0909],[158.1035,51.8096],[157.8232,51.6053],[157.6289,51.5346],[157.531,51.4799],[157.4898,51.4089],[157.2022,51.2127],[156.8475,51.0066],[156.7478,50.9693],[156.7243,51.0471],[156.7135,51.1241],[156.6708,51.2269],[156.5435,51.3116],[156.5212,51.3803],[156.5004,51.4751],[156.4898,51.913],[156.3773,52.3666],[156.3647,52.5094],[156.2286,52.6263],[156.1544,52.7473],[156.1104,52.8662],[156.0988,53.0065],[155.9502,53.7443],[155.9049,53.9281],[155.7064,54.5215],[155.6203,54.8646],[155.5639,55.1991],[155.5549,55.3485],[155.6435,55.7936],[155.7166,56.0722],[155.9825,56.6952],[156.0254,56.752],[156.0675,56.7816],[156.5293,57.0212],[156.7284,57.1522],[156.8488,57.2902],[156.9768,57.4663],[156.9636,57.5609],[156.9482,57.6158],[156.8999,57.6769],[156.7916,57.7479],[156.8299,57.7796],[156.872,57.8037],[156.9857,57.8302],[157.2168,57.7768],[157.4504,57.7993],[157.6664,58.0198],[157.9746,57.9859],[158.2104,58.0253],[158.2752,58.009],[158.3211,58.0834],[158.4494,58.1628],[158.687,58.2813],[159.0369,58.4239],[159.2106,58.5194],[159.3084,58.6105],[159.4526,58.6959],[159.5915,58.8037],[159.8474,59.1271],[160.3504,59.394],[160.5475,59.5474],[160.7114,59.6017],[160.8553,59.6269],[161.2189,59.8456],[161.4493,60.0273],[161.7535,60.1523],[161.846,60.2322],[162.0036,60.4202],[162.0682,60.4664],[162.2663,60.5367],[162.7132,60.6595],[162.9731,60.7829],[163.3523,60.8004],[163.4664,60.8498],[163.5852,60.8771],[163.71,60.9168],[163.5535,61.0256],[163.5893,61.0844],[163.6196,61.1113],[163.8934,61.2405],[164.0055,61.3438],[163.9921,61.3882],[163.9728,61.4199],[163.8044,61.4614],[163.8371,61.5583],[163.8827,61.6401],[164.0195,61.7107],[164.068,61.8739],[164.0742,62.045],[164.2072,62.2922],[164.2875,62.3466],[164.5983,62.4706],[164.6707,62.4738],[164.8877,62.4319],[165.1241,62.4115],[165.2081,62.374],[165.2257,62.4058],[165.2139,62.4482],[165.2804,62.463],[165.4174,62.4471],[165.3966,62.4939],[165.044,62.517],[164.7924,62.5711],[164.567,62.6755],[164.4184,62.7046],[164.2557,62.6966],[163.3317,62.5509],[163.2871,62.5114],[163.2442,62.4554],[163.3021,62.373],[163.258,62.3369],[163.2133,62.3134],[163.1635,62.2596],[163.1185,62.1529],[163.1311,62.0499],[163.0177,61.8911],[163.0093,61.7915],[163.2076,61.7366],[163.2578,61.6995],[163.1979,61.6448],[163.1389,61.6114],[163.0853,61.5706],[163.0473,61.5541],[162.9939,61.5442],[162.9217,61.5977],[162.856,61.705],[162.7523,61.7113],[162.7179,61.6951],[162.699,61.6526],[162.6076,61.65],[162.5064,61.6701],[162.3926,61.6621],[162.1884,61.5407],[161.0371,60.9629],[160.915,60.8927],[160.7666,60.7533],[160.482,60.7398],[160.3682,60.7085],[160.2873,60.667],[160.1736,60.6384],[160.1773,60.6907],[160.2011,60.7296],[160.2258,60.8315],[160.3789,61.0255],[160.2812,61.0448],[160.1843,61.0477],[160.004,61.0074],[159.8831,60.9434],[159.7904,60.9566],[159.8346,61.014],[159.9492,61.1286],[159.914,61.2345],[159.8831,61.2918],[159.9309,61.3239],[160.1627,61.5375],[160.2469,61.6476],[160.3174,61.7934],[160.3215,61.8386],[160.3094,61.8944],[160.2378,61.9039],[160.1825,61.9028],[159.7222,61.7584],[159.5523,61.7195],[159.4963,61.7814],[159.423,61.8081],[159.295,61.9142],[159.1893,61.9294],[159.0767,61.9223],[158.8243,61.8502],[158.5472,61.8109],[158.3337,61.8257],[158.1516,61.7648],[158.0701,61.7536],[157.7993,61.7953],[157.4693,61.7989],[157.3707,61.7471],[157.0842,61.6757],[156.8918,61.5652],[156.7906,61.5296],[156.6803,61.4806],[156.6297,61.2725],[156.4826,61.206],[156.3441,61.1551],[156.056,60.9956],[155.8533,60.7771],[155.7161,60.6824],[155.4278,60.5499],[154.9708,60.3767],[154.5782,60.095],[154.4407,59.8838],[154.3898,59.8768],[154.2931,59.8334],[154.2666,59.7304],[154.2688,59.6584],[154.2092,59.6003],[154.1498,59.5285],[154.2129,59.4834],[154.2722,59.4751],[154.3576,59.4814],[154.5825,59.5401],[154.9713,59.4496],[155.1667,59.3602],[155.153,59.2702],[155.1604,59.1901],[155.0167,59.1956],[154.8237,59.1875],[154.7035,59.1413],[154.458,59.2166],[154.376,59.1878],[154.2467,59.1086],[154.0109,59.0755],[153.8917,59.1142],[153.6952,59.2248],[153.3611,59.2148],[153.2729,59.0913],[153.1961,59.0944],[153.0777,59.0819],[152.8822,58.9391],[152.8179,58.9263],[152.5756,58.9541],[152.4007,59.0264],[152.3196,59.0308],[152.1652,58.997],[152.0879,58.9104],[151.7046,58.8667],[151.3268,58.8751],[151.1211,59.0825],[151.505,59.164],[151.7335,59.1467],[151.99,59.1601],[152.2606,59.2236],[152.1695,59.2779],[152.1045,59.2906],[151.9424,59.2841],[151.798,59.3232],[151.4857,59.5241],[151.3482,59.5611],[151.1703,59.5833],[151.0336,59.5856],[150.9825,59.5713],[150.9119,59.523],[150.8633,59.4754],[150.8234,59.4607],[150.7295,59.4691],[150.6152,59.5065],[150.4836,59.4944],[150.5398,59.525],[150.6673,59.5563],[150.4572,59.5907],[150.3256,59.6389],[150.2025,59.6513],[149.6426,59.7704],[149.4245,59.761],[149.2904,59.7285],[149.0652,59.6305],[149.1277,59.5588],[149.1754,59.5268],[149.205,59.4882],[149.133,59.4805],[148.925,59.475],[148.7971,59.5323],[148.7089,59.4485],[148.7441,59.3735],[148.8896,59.4],[148.9646,59.3691],[148.9141,59.2827],[148.7267,59.2579],[148.4912,59.2623],[148.2574,59.4142],[147.8746,59.388],[147.6879,59.2907],[147.5145,59.2686],[147.04,59.3657],[146.8037,59.3729],[146.5372,59.457],[146.4443,59.4305],[146.2734,59.2215],[146.0495,59.1706],[145.9316,59.1984],[145.8291,59.3303],[145.7564,59.3737],[145.5546,59.4135],[144.4834,59.3763],[144.1234,59.4083],[143.8688,59.4114],[143.5238,59.3437],[143.1922,59.3701],[142.5803,59.2401],[142.3304,59.1526],[142.0254,58.9997],[141.7547,58.7453],[141.6029,58.649],[141.3471,58.5281],[140.9877,58.4168],[140.7902,58.3035],[140.685,58.2122],[140.4951,57.8654],[140.4469,57.8137],[140.0023,57.6875],[139.8615,57.5493],[139.8033,57.5142],[139.6192,57.4557],[139.5066,57.3583],[139.4438,57.3297],[139.1816,57.2615],[138.9657,57.0881],[138.6621,56.9655],[138.2178,56.629],[138.1801,56.5885],[138.1406,56.4987],[138.0738,56.4331],[137.6915,56.1394],[137.5729,56.1121],[137.3841,55.9748],[137.1898,55.8923],[137.0121,55.7953],[136.7936,55.6942],[136.4603,55.5767],[136.3512,55.51],[136.1752,55.3522],[135.7508,55.1606],[135.5406,55.1138],[135.2625,54.9433],[135.2348,54.9032],[135.2115,54.8408],[135.2577,54.7315],[135.3254,54.7074],[135.4378,54.6925],[135.8516,54.5839],[136.238,54.6141],[136.5803,54.6136],[136.7146,54.6243],[136.7973,54.621],[136.8237,54.5615],[136.8204,54.4523],[136.7704,54.3533],[136.7294,54.0606],[136.683,53.9313],[136.7188,53.8041],[136.8026,53.782],[136.8864,53.8394],[137.0188,53.8481],[137.1554,53.8217],[137.258,54.0252],[137.1725,54.0569],[137.0962,54.1286],[137.1416,54.1822],[137.3777,54.2823],[137.5251,54.2912],[137.666,54.2833],[137.5132,54.1564],[137.4513,54.1305],[137.4034,54.1235],[137.3393,54.1005],[137.4765,54.0276],[137.6228,53.9705],[137.8348,53.9467],[137.7861,53.9033],[137.6448,53.8658],[137.517,53.7071],[137.3137,53.6316],[137.2215,53.5792],[137.2537,53.5461],[137.3283,53.539],[137.7382,53.5603],[137.9505,53.6036],[138.2529,53.7264],[138.3789,53.9093],[138.4936,53.9597],[138.5279,53.9599],[138.5682,53.9472],[138.5691,53.8188],[138.407,53.6742],[138.2922,53.5924],[138.2497,53.524],[138.3203,53.5229],[138.4507,53.537],[138.5109,53.57],[138.6607,53.7448],[138.6994,53.8697],[138.7217,54.0438],[138.7047,54.1477],[138.7159,54.2227],[138.6572,54.2983],[138.6957,54.32],[139.1051,54.2178],[139.3197,54.193],[139.7074,54.2771],[139.7955,54.2564],[139.8584,54.2053],[140.1787,54.0516],[140.2417,54.001],[140.3471,53.8126],[140.6876,53.5964],[141.0057,53.4946],[141.015,53.4542],[141.2177,53.3345],[141.3737,53.2928],[141.4021,53.184],[141.3279,53.0973],[141.1813,53.0153],[140.8873,53.0915],[140.8396,53.0879],[140.8745,53.0398],[141.0868,52.8976],[141.2559,52.8401],[141.2659,52.6526],[141.245,52.5501],[141.1324,52.4357],[141.1698,52.3684],[141.3297,52.2711],[141.4091,52.2343],[141.4853,52.1785],[141.3855,52.0572],[141.3669,51.9207],[141.2584,51.8607],[141.1294,51.7278],[140.9326,51.6199],[140.8386,51.4142],[140.6877,51.2323],[140.6707,51.0513],[140.6456,50.9868],[140.5209,50.8002],[140.4764,50.546],[140.5354,50.1308],[140.5641,50.1067],[140.6245,50.0824],[140.6133,50.0537],[140.5846,50.0333],[140.4627,49.9115],[140.4646,49.8256],[140.5113,49.7617],[140.5172,49.5961],[140.4311,49.3315],[140.3991,49.2898],[140.3644,49.2208],[140.3486,49.1592],[140.3256,49.12],[140.309,49.0539],[140.3337,48.9948],[140.3783,48.9641],[140.2242,48.7729],[140.1706,48.5237],[140.1133,48.4227],[139.9984,48.3238],[139.7607,48.1806],[139.6763,48.0899],[139.5205,47.9753],[139.3727,47.8874],[139.167,47.6349],[139.0014,47.3833],[138.5868,47.0572],[138.5297,46.9762],[138.5005,46.8898],[138.3918,46.7451],[138.3369,46.5434],[138.2102,46.4629],[138.1063,46.2507],[137.7691,45.9285],[137.6854,45.8184],[137.4252,45.64],[137.147,45.3935],[136.8035,45.1711],[136.7372,45.08],[136.6041,44.9782],[136.4604,44.8221],[136.2512,44.6668],[136.2087,44.562],[136.1423,44.4891],[135.987,44.4398],[135.8746,44.3735],[135.5332,43.9715],[135.4891,43.8988],[135.4834,43.835],[135.2602,43.6846],[135.1311,43.5257],[134.917,43.4266],[134.6918,43.2906],[134.1564,43.0421],[134.0104,42.9475],[133.7094,42.8299],[133.5867,42.8282],[133.3295,42.7639],[133.16,42.697],[133.0594,42.7228],[132.9966,42.808],[132.9239,42.8053],[132.8636,42.7938],[132.709,42.8758],[132.5765,42.8716],[132.4813,42.9098],[132.3038,42.8833],[132.3344,43.2387],[132.3096,43.3135],[132.2332,43.2451],[132.0287,43.1189],[131.9473,43.0954],[131.8666,43.0952],[131.8983,43.1708],[132.0131,43.28],[131.9763,43.296],[131.939,43.302],[131.7947,43.2553],[131.7221,43.2026],[131.5164,42.9964],[131.3933,42.8223],[131.2925,42.7721],[131.2453,42.6974],[131.1583,42.626],[131.0248,42.6452],[130.9457,42.6339],[130.7562,42.6733],[130.7094,42.6564],[130.8342,42.5229],[130.7299,42.3258],[130.6873,42.3025]]],[[[47.442,80.8537],[47.8995,80.8127],[48.2433,80.8235],[48.3452,80.819],[48.4457,80.806],[48.5474,80.7791],[48.6865,80.7178],[48.6836,80.6333],[48.6255,80.6293],[48.0443,80.6682],[47.7773,80.7562],[47.7053,80.7652],[47.6001,80.7419],[47.5123,80.6879],[47.4142,80.6745],[47.3039,80.6062],[47.1982,80.6149],[47.1449,80.609],[47.011,80.5621],[46.6775,80.5613],[46.6239,80.5407],[46.5137,80.4755],[46.3781,80.4568],[46.1414,80.4467],[46.0599,80.4838],[46.0236,80.5409],[45.969,80.5695],[45.6408,80.537],[45.3893,80.5603],[45.1492,80.5987],[44.905,80.6113],[45.1245,80.6522],[46.3274,80.7352],[46.7991,80.7552],[47.0206,80.8144],[47.3523,80.8529],[47.442,80.8537]]],[[[50.2781,80.9272],[50.4314,80.9109],[50.8011,80.9142],[50.9177,80.8904],[51.4548,80.7447],[51.591,80.7408],[51.7036,80.6876],[51.1462,80.604],[50.9608,80.5405],[50.2797,80.5273],[49.846,80.4977],[49.7498,80.4721],[49.7941,80.4253],[49.5859,80.3766],[48.8961,80.3692],[48.811,80.3537],[48.6771,80.3],[48.689,80.2903],[48.922,80.2768],[48.9596,80.2657],[48.9908,80.2424],[49.0107,80.2074],[48.9775,80.1626],[48.8919,80.1553],[48.7974,80.1611],[48.5817,80.1954],[48.5546,80.1833],[48.5326,80.1583],[48.4668,80.1101],[48.3862,80.0958],[48.1672,80.1328],[48.0959,80.1223],[48.0258,80.0995],[47.9399,80.0886],[47.7373,80.0817],[47.6324,80.112],[47.7231,80.1514],[47.9775,80.2125],[47.893,80.2393],[47.6424,80.2453],[47.4443,80.2301],[47.3431,80.1885],[47.2486,80.1802],[46.991,80.1828],[46.8459,80.2372],[46.7382,80.2577],[46.6444,80.3003],[47.4029,80.4448],[47.6561,80.5005],[47.8958,80.5291],[48.2082,80.5439],[48.3062,80.5616],[48.4026,80.5688],[48.4647,80.5581],[48.6251,80.5083],[49.0878,80.5158],[49.1853,80.5586],[49.1927,80.656],[49.1475,80.7121],[49.2443,80.8214],[49.5078,80.8653],[50.1243,80.9239],[50.2781,80.9272]]],[[[67.7653,76.2376],[67.3652,76.1613],[67.127,76.1082],[66.8932,76.0723],[66.6574,76.047],[66.2824,75.9837],[65.6191,75.9046],[65.2016,75.8395],[64.7445,75.7882],[64.2626,75.7197],[63.7793,75.6726],[63.6595,75.6688],[63.3167,75.6031],[63.046,75.5757],[62.0661,75.4277],[61.6162,75.3196],[61.4865,75.3108],[61.356,75.3148],[61.2488,75.281],[61.1473,75.2226],[60.9356,75.1637],[60.8292,75.1108],[60.7192,75.0686],[60.6554,75.055],[60.5338,75.0593],[60.4756,75.0547],[60.2769,75.0076],[60.2411,74.9708],[60.4549,74.9461],[60.5014,74.9046],[60.4392,74.8753],[60.3008,74.837],[60.2225,74.7966],[60.0801,74.7559],[59.9823,74.7446],[59.7473,74.7459],[59.7347,74.6955],[59.7715,74.6645],[59.7527,74.637],[59.674,74.6102],[59.596,74.6137],[59.2401,74.693],[59.182,74.6658],[59.157,74.6108],[59.1461,74.5519],[59.101,74.5075],[59.0404,74.4855],[58.9282,74.4627],[58.5347,74.4989],[58.5021,74.4642],[58.562,74.4218],[58.6457,74.328],[58.665,74.2893],[58.6179,74.2274],[58.4414,74.1289],[57.7674,74.0138],[57.7784,73.9739],[57.8534,73.8979],[57.8723,73.8504],[57.8449,73.8051],[57.756,73.7692],[57.6574,73.7682],[57.6037,73.7755],[57.4485,73.8256],[57.3131,73.838],[57.2909,73.8146],[57.4643,73.746],[57.5426,73.6582],[57.4598,73.6103],[57.1344,73.5044],[56.9639,73.3666],[56.6342,73.3043],[56.4304,73.2972],[56.2283,73.3141],[56.0346,73.3459],[55.5492,73.3568],[55.2802,73.392],[55.0068,73.4539],[54.7687,73.4494],[54.5658,73.4185],[54.2999,73.351],[54.1315,73.481],[54.2046,73.542],[53.8387,73.6971],[53.7629,73.7662],[53.8514,73.8005],[53.9635,73.8223],[54.174,73.8857],[54.3863,73.9356],[54.6057,73.9513],[54.6427,73.9596],[54.7334,74.034],[54.8312,74.0958],[54.9203,74.1291],[55.0229,74.1866],[55.3409,74.4196],[55.4164,74.4361],[56.0783,74.4813],[56.1371,74.4961],[55.9475,74.5422],[55.7518,74.5412],[55.6615,74.5561],[55.6104,74.5905],[55.5822,74.6277],[55.6597,74.6563],[55.9137,74.7961],[56.2179,74.8975],[56.4987,74.9571],[56.4285,74.9729],[56.34,75.0135],[55.998,75.0034],[55.8632,75.0587],[55.8212,75.0906],[55.8101,75.1249],[55.9207,75.1684],[56.0355,75.1942],[56.1622,75.1866],[56.2887,75.1643],[56.3891,75.1382],[56.4853,75.0961],[56.5703,75.0978],[56.8763,75.2444],[56.8293,75.2777],[56.8095,75.3284],[56.8444,75.3514],[56.9895,75.3751],[57.0875,75.3838],[57.3018,75.3732],[57.6068,75.3413],[57.6315,75.3564],[57.7082,75.4545],[57.7834,75.5067],[58.0937,75.5925],[58.0726,75.619],[58.0583,75.6631],[58.4184,75.7198],[58.6527,75.7768],[58.8813,75.8548],[58.9947,75.8717],[59.1104,75.8737],[59.3466,75.907],[59.7819,75.9458],[60.0361,75.9838],[60.1182,76.0666],[60.2793,76.0962],[60.6062,76.1086],[60.7306,76.1041],[60.8012,76.0688],[60.9422,76.0713],[60.9978,76.0893],[61.0539,76.1199],[61.0369,76.169],[61.0344,76.233],[61.1569,76.2735],[61.2017,76.282],[61.5694,76.2985],[61.7871,76.291],[62.2373,76.2416],[62.4711,76.2305],[62.782,76.2452],[62.9715,76.2367],[63.5262,76.3095],[64.4635,76.3782],[64.7076,76.426],[64.95,76.4843],[65.0729,76.4967],[65.1972,76.4997],[65.3098,76.5179],[65.5284,76.5678],[65.6369,76.5787],[65.7552,76.5793],[65.8629,76.6133],[65.9589,76.6879],[66.063,76.7461],[66.3452,76.821],[66.8288,76.9238],[67.2637,76.9638],[67.535,77.0078],[67.6519,77.0116],[68.0173,76.9906],[68.4857,76.9337],[68.6991,76.8707],[68.8733,76.7896],[68.9117,76.7605],[68.9417,76.7077],[68.8905,76.6597],[68.858,76.6105],[68.8998,76.5729],[68.5586,76.4494],[68.2224,76.3135],[68.1654,76.2849],[67.7653,76.2376]]],[[[55.3198,73.3083],[55.7873,73.2686],[56.1377,73.2562],[56.3505,73.2255],[56.4296,73.2012],[56.3975,73.1392],[56.3347,73.1137],[56.189,73.033],[56.167,72.9832],[56.1929,72.905],[56.1705,72.8481],[56.1217,72.8066],[56.0838,72.7894],[55.8197,72.7895],[55.7234,72.7664],[55.7185,72.7215],[55.701,72.6717],[55.6164,72.5991],[55.4413,72.5754],[55.4033,72.5491],[55.4169,72.5013],[55.356,72.4651],[55.3596,72.4087],[55.3904,72.3778],[55.3991,72.3136],[55.5181,72.2207],[55.4949,72.1823],[55.4033,72.1069],[55.375,72.0149],[55.2979,71.9354],[55.4711,71.8692],[55.5467,71.7833],[55.6137,71.6899],[55.8193,71.5076],[56.0432,71.3456],[56.4544,71.1074],[56.8948,70.927],[57.0656,70.876],[57.4836,70.7923],[57.5564,70.7658],[57.6254,70.7288],[57.4472,70.661],[57.2637,70.636],[57.247,70.6051],[57.1459,70.5891],[56.6488,70.6465],[56.6217,70.6554],[56.5687,70.6975],[56.5101,70.7288],[56.3857,70.7341],[56.2601,70.7147],[56.3348,70.6767],[56.4172,70.6649],[56.5613,70.5936],[56.4997,70.5664],[56.4346,70.563],[56.1425,70.6579],[56.1147,70.6461],[56.0871,70.6184],[55.9416,70.6493],[55.9072,70.6263],[55.7969,70.6156],[55.7067,70.6419],[55.7064,70.6752],[55.6873,70.6922],[55.2369,70.666],[55.0517,70.6667],[54.8671,70.6781],[54.6451,70.7418],[54.6082,70.7132],[54.6012,70.6801],[54.5174,70.6933],[54.3326,70.7447],[54.1994,70.7649],[53.7224,70.8145],[53.3836,70.8735],[53.4678,70.9006],[53.6136,70.9146],[53.6156,70.9508],[53.5926,71.0007],[53.5878,71.0523],[53.6705,71.0869],[53.857,71.0704],[53.8343,71.1267],[53.9223,71.1376],[54.0939,71.1052],[54.1557,71.1255],[53.8861,71.1963],[53.5908,71.2967],[53.6222,71.3328],[53.5152,71.3425],[53.41,71.3401],[53.319,71.3992],[53.3325,71.4772],[53.4116,71.5301],[53.3639,71.5417],[52.909,71.495],[52.6787,71.5057],[52.4188,71.5369],[52.18,71.4902],[51.9379,71.4747],[51.8126,71.4913],[51.6916,71.5251],[51.5904,71.5711],[51.5113,71.6481],[51.4387,71.7768],[51.4286,71.8255],[51.4436,71.9344],[51.4822,71.9798],[51.5825,72.0712],[51.6531,72.0994],[51.8055,72.1421],[51.8854,72.1532],[52.0687,72.1312],[52.2521,72.1297],[52.3323,72.154],[52.4067,72.1967],[52.4619,72.2523],[52.5861,72.284],[52.6221,72.301],[52.6619,72.3369],[52.7058,72.391],[52.7139,72.437],[52.7487,72.483],[52.8637,72.5499],[52.8232,72.5913],[52.8391,72.6193],[52.9166,72.6689],[52.6831,72.6823],[52.605,72.7041],[52.5285,72.7374],[52.5506,72.7686],[52.5793,72.7914],[52.8122,72.8752],[52.9132,72.9],[53.0242,72.9136],[53.135,72.9132],[53.2535,72.9038],[53.3698,72.9167],[53.2473,72.9731],[53.2371,73.0112],[53.189,73.104],[53.1979,73.1476],[53.2512,73.183],[53.3576,73.2246],[53.5122,73.2384],[53.6337,73.2603],[53.7532,73.2933],[53.8656,73.299],[54.091,73.2765],[54.2023,73.2813],[54.3276,73.2995],[54.6761,73.37],[54.8039,73.3876],[54.9406,73.3833],[55.1214,73.3568],[55.3198,73.3083]]],[[[96.5266,81.0756],[96.5631,81.0301],[96.6933,80.9942],[96.755,80.9579],[97.4137,80.8418],[97.703,80.8267],[97.8318,80.7983],[97.8699,80.7633],[97.8564,80.6981],[97.7472,80.6987],[97.6654,80.6781],[97.2214,80.6524],[97.1131,80.6141],[97.0254,80.5355],[97.0726,80.5199],[97.115,80.4966],[97.2502,80.363],[97.2868,80.3425],[97.417,80.3231],[97.2984,80.2728],[97.1752,80.241],[95.8558,80.177],[94.9613,80.1504],[94.6612,80.1228],[94.565,80.1261],[94.3284,80.076],[93.8724,80.0101],[93.6547,80.0096],[93.0023,80.1021],[92.2016,80.1793],[92.0922,80.2233],[91.8916,80.2493],[91.6374,80.2699],[91.5238,80.3585],[91.6878,80.4185],[91.8967,80.4775],[92.2467,80.4991],[92.5779,80.5333],[92.8268,80.6186],[92.9811,80.703],[93.2625,80.7913],[92.7729,80.7687],[92.5926,80.7809],[92.6102,80.81],[92.7104,80.8722],[92.7646,80.8931],[92.9387,80.9258],[93.0651,80.9885],[93.3587,81.0317],[93.4974,81.0392],[93.6367,81.0381],[93.8889,81.0584],[94.1401,81.0895],[94.3755,81.1074],[94.6116,81.1146],[94.8379,81.1394],[95.0609,81.1881],[95.1596,81.271],[95.8007,81.2805],[95.902,81.2606],[95.984,81.2114],[96.0752,81.1928],[96.1869,81.1839],[96.4711,81.0993],[96.5266,81.0756]]],[[[97.6745,80.1583],[97.9036,80.095],[98.0178,80.0229],[97.9067,80.0038],[97.8079,79.9563],[97.76,79.8958],[97.627,79.8504],[97.5913,79.775],[97.6517,79.7606],[97.7245,79.7814],[97.8707,79.8526],[98.0646,79.9011],[98.2732,79.8741],[98.3531,79.8843],[98.499,79.9531],[98.4719,80.0091],[98.5318,80.0436],[98.5965,80.0522],[98.8659,80.0454],[99.2949,80.0164],[99.3707,79.9864],[99.473,79.9702],[99.5361,79.9413],[99.7266,79.9199],[99.8184,79.8982],[99.9466,79.849],[100.0612,79.7771],[99.9158,79.7383],[99.8393,79.6689],[99.8055,79.6531],[99.7816,79.6283],[99.7711,79.5677],[99.7488,79.5152],[99.7212,79.4918],[99.7062,79.4635],[99.7216,79.3851],[99.6807,79.3233],[99.5373,79.2766],[99.3878,79.2748],[99.1671,79.3063],[99.1044,79.3054],[99.0418,79.293],[99.3174,79.2272],[99.5173,79.1302],[99.7508,79.1077],[99.8146,79.0958],[99.8996,79.0064],[99.9293,78.9614],[99.5408,78.8527],[99.4396,78.8342],[98.8195,78.8183],[98.4111,78.7878],[98.2825,78.795],[98.0542,78.821],[97.9052,78.8102],[97.6886,78.8273],[97.5555,78.8266],[97.2481,78.868],[96.9329,78.9339],[96.8712,78.9638],[96.8078,78.985],[96.43,79.003],[96.3474,79.0159],[95.7965,79.0014],[95.7028,79.012],[95.5311,79.0981],[95.4369,79.0993],[95.1332,79.0496],[95.0204,79.0527],[94.791,79.0866],[94.6523,79.1275],[94.6316,79.1409],[94.6197,79.1924],[94.4821,79.2186],[94.3138,79.3075],[94.2188,79.4023],[93.7586,79.4514],[93.4787,79.4627],[93.2723,79.4584],[93.0708,79.4953],[93.4047,79.6316],[93.8473,79.7017],[94.0382,79.756],[94.2571,79.8297],[94.3473,79.9419],[94.7194,80.0112],[94.815,80.0348],[94.9468,80.0893],[94.9873,80.0968],[95.2813,80.0305],[95.338,80.0421],[95.3907,80.0728],[95.4976,80.1056],[95.8578,80.11],[96.1625,80.0968],[96.2773,80.1101],[96.4166,80.1043],[97.1205,80.153],[97.5868,80.1683],[97.6745,80.1583]]],[[[102.8848,79.254],[102.7873,79.1764],[102.7458,79.1061],[102.4479,78.8767],[102.4123,78.8354],[102.5873,78.8713],[102.7477,78.9496],[102.8448,79.0144],[102.9504,79.0558],[103.0757,79.0565],[103.1991,79.0713],[103.4334,79.1261],[103.6729,79.15],[103.8008,79.1493],[103.9257,79.1232],[104.004,79.0625],[104.0911,79.0132],[104.4042,78.9771],[104.4492,78.9639],[104.477,78.9233],[104.4521,78.88],[104.6332,78.8352],[104.8811,78.8549],[105.0146,78.8433],[105.146,78.8188],[105.2046,78.7799],[105.2561,78.733],[105.3102,78.6662],[105.3427,78.5939],[105.3126,78.4999],[104.8326,78.3527],[104.7418,78.3397],[104.5194,78.3492],[104.2975,78.3351],[103.7193,78.2583],[103.0031,78.2559],[102.7967,78.1879],[102.7344,78.1899],[102.6731,78.2017],[102.6172,78.2246],[102.1805,78.2053],[101.6924,78.1943],[101.2041,78.1919],[101.0399,78.143],[100.5412,78.0475],[100.0822,77.975],[99.845,77.9568],[99.5003,77.9761],[99.3917,78.0007],[99.2871,78.0381],[99.4387,78.0839],[99.5456,78.1786],[99.6779,78.2335],[100.0189,78.3389],[100.0575,78.3804],[100.1235,78.4705],[100.163,78.504],[100.215,78.5358],[100.2572,78.5738],[100.2627,78.6315],[100.284,78.6792],[100.4164,78.7532],[100.5156,78.7878],[100.6196,78.7974],[100.8756,78.7836],[100.9558,78.7885],[100.8979,78.8125],[100.8563,78.8978],[100.8646,78.9258],[100.9014,78.9801],[100.9654,79.0065],[101.0309,79.0233],[101.0682,79.0962],[101.0522,79.1232],[101.1488,79.1569],[101.1961,79.2044],[101.3104,79.2326],[101.5431,79.2544],[101.5553,79.3126],[101.5906,79.3504],[101.6434,79.3614],[101.7613,79.372],[101.8242,79.3702],[101.9121,79.3116],[102.0053,79.2637],[102.1285,79.2525],[102.2513,79.2561],[102.1772,79.3126],[102.1807,79.3734],[102.2251,79.4129],[102.2824,79.4301],[102.4049,79.4332],[102.7898,79.3921],[103.0416,79.3315],[103.0979,79.2991],[103.0524,79.2825],[102.9396,79.2712],[102.8848,79.254]]],[[[140.0487,75.829],[140.1521,75.8098],[140.2744,75.8224],[140.3891,75.7959],[140.4963,75.6898],[140.5467,75.6632],[140.6021,75.6439],[140.6567,75.6341],[140.8159,75.6307],[140.8893,75.652],[140.9441,75.7005],[140.9404,75.7495],[140.9266,75.7989],[140.9258,75.8668],[140.9503,75.9273],[140.9854,75.9645],[141.0326,75.989],[141.2993,76.0638],[141.4854,76.1372],[141.7423,76.1081],[142.0015,76.0436],[142.4604,75.9036],[142.6695,75.8634],[142.9268,75.8269],[143.1852,75.8136],[143.3111,75.8223],[143.56,75.8604],[143.6858,75.8637],[145.2553,75.5856],[145.3098,75.5641],[145.36,75.5305],[145.0234,75.4897],[144.8031,75.4161],[144.7268,75.3656],[144.8143,75.3245],[144.8835,75.2689],[144.4078,75.1023],[144.216,75.0592],[144.0197,75.0447],[143.6259,75.084],[143.3961,75.0829],[143.1703,75.1169],[142.9221,75.2174],[142.8201,75.2678],[142.7295,75.3376],[142.6996,75.4489],[142.7345,75.5446],[142.8676,75.5718],[142.986,75.6333],[143.0024,75.6599],[142.9418,75.7133],[142.5516,75.7209],[142.3079,75.6917],[142.0862,75.6606],[142.1511,75.4576],[142.1988,75.3927],[142.2647,75.3461],[142.6168,75.1333],[142.697,75.1031],[142.9297,75.0624],[143.1279,74.9703],[142.7782,74.8678],[142.6261,74.8374],[142.4728,74.8204],[142.3784,74.8286],[142.2874,74.8499],[142.1842,74.8996],[142.1,74.951],[141.9873,74.9913],[141.7484,74.9826],[141.53,74.9472],[141.3104,74.9232],[140.6607,74.8818],[140.4639,74.8561],[140.2679,74.8469],[140.011,74.8948],[139.7582,74.9638],[139.6813,74.9641],[139.6059,74.9456],[139.548,74.9041],[139.5123,74.8378],[139.4301,74.7492],[139.3256,74.6868],[139.2153,74.6597],[139.0991,74.6565],[138.9817,74.6737],[138.8656,74.7009],[138.0923,74.7975],[138.0014,74.827],[137.915,74.8709],[137.683,75.0085],[137.5681,75.0406],[137.447,75.0542],[137.218,75.1237],[137.0062,75.235],[136.9623,75.2704],[136.9477,75.3255],[136.9824,75.3653],[137.166,75.3466],[137.2897,75.3486],[137.2152,75.5544],[137.2688,75.7494],[137.3585,75.7816],[137.7065,75.7596],[137.5936,75.8234],[137.5012,75.9097],[137.5605,75.9552],[137.6254,75.9882],[137.7744,76.0157],[137.9771,76.0278],[138.0387,76.0473],[138.096,76.0805],[138.2076,76.1149],[138.4307,76.1301],[138.814,76.1997],[138.9195,76.1967],[139.0176,76.1601],[139.1092,76.1084],[139.2113,76.0807],[139.5285,76.0134],[139.7434,75.9531],[140.0487,75.829]]],[[[146.7952,75.3708],[147.0604,75.3643],[147.4436,75.438],[147.497,75.4405],[148.4324,75.4135],[148.5089,75.3875],[148.5188,75.3365],[148.4892,75.3094],[148.475,75.2724],[148.5901,75.2364],[148.8922,75.2281],[149.0832,75.2621],[149.6453,75.2446],[150.1039,75.2192],[150.2807,75.164],[150.4172,75.1343],[150.5306,75.0999],[150.6129,75.1202],[150.6903,75.1553],[150.7569,75.1624],[150.8224,75.1565],[150.6463,74.9446],[150.5803,74.9189],[150.3313,74.8668],[149.8381,74.7953],[149.5969,74.7726],[149.0502,74.7725],[148.2969,74.8004],[148.0924,74.8257],[147.9719,74.8573],[147.7409,74.932],[147.6269,74.9589],[147.257,74.9843],[147.144,74.9984],[146.9249,75.0625],[146.7033,75.1142],[146.1485,75.1983],[146.1861,75.2956],[146.2576,75.3937],[146.343,75.4809],[146.4385,75.5582],[146.5375,75.5818],[146.751,75.5104],[146.7482,75.4287],[146.7952,75.3708]]],[[[178.8615,70.8264],[178.7926,70.8221],[178.6482,71.0006],[178.6283,71.0474],[178.6839,71.1057],[178.829,71.1779],[178.8911,71.2311],[179.2351,71.3245],[179.5477,71.4477],[179.7159,71.4662],[179.8864,71.5233],[180,71.5377],[180,70.993],[179.8813,70.9757],[179.6477,70.8989],[179.1525,70.8803],[178.8615,70.8264]]],[[[142.761,54.3939],[142.9762,54.141],[142.9859,54.0857],[142.9671,54.0288],[142.9266,53.9556],[142.9114,53.8784],[142.9364,53.8109],[142.918,53.7942],[143.0955,53.4887],[143.2236,53.296],[143.26,53.2173],[143.2879,53.1344],[143.3247,52.9631],[143.3326,52.7],[143.3236,52.6136],[143.2951,52.5292],[143.2643,52.4787],[143.201,52.4429],[143.1723,52.3494],[143.1556,52.0837],[143.1906,51.9445],[143.2506,51.8479],[143.2947,51.7443],[143.2995,51.6324],[143.3205,51.5833],[143.4178,51.5206],[143.4555,51.4715],[143.4674,51.4019],[143.4729,51.2992],[143.4888,51.2771],[143.5342,51.2463],[143.736,50.5067],[143.816,50.2826],[144.0479,49.8958],[144.1413,49.6615],[144.1996,49.5498],[144.2399,49.432],[144.2721,49.3113],[144.3412,49.1805],[144.4317,49.0511],[144.6068,48.9358],[144.6855,48.8712],[144.7066,48.8195],[144.7138,48.6403],[144.6727,48.6786],[144.621,48.8148],[144.5363,48.8936],[144.4118,48.9864],[144.2838,49.0698],[144.1255,49.2085],[144.0487,49.2492],[143.9678,49.2763],[143.8191,49.3086],[143.7323,49.312],[143.3822,49.2907],[143.2363,49.2628],[143.105,49.1988],[143.0269,49.1054],[142.9717,48.9178],[142.651,48.2469],[142.5742,48.0722],[142.5459,47.8849],[142.5569,47.7379],[142.579,47.684],[142.6701,47.5369],[142.7454,47.4524],[142.8008,47.4162],[142.864,47.3918],[142.9055,47.3619],[142.9403,47.3228],[143.0056,47.2227],[143.0893,47.0008],[143.1779,46.844],[143.2177,46.7949],[143.3187,46.8074],[143.3844,46.8057],[143.4473,46.792],[143.4856,46.7521],[143.5403,46.5751],[143.5787,46.4061],[143.5807,46.3607],[143.5086,46.2302],[143.4906,46.1746],[143.4823,46.1158],[143.4635,46.0695],[143.4316,46.0287],[143.4187,46.222],[143.3703,46.3585],[143.3521,46.4762],[143.2823,46.559],[143.0479,46.5926],[142.8293,46.6053],[142.7955,46.6202],[142.7474,46.6707],[142.6919,46.7108],[142.6357,46.7162],[142.578,46.7008],[142.4788,46.6442],[142.4064,46.5547],[142.35,46.4587],[142.304,46.3576],[142.2086,46.0889],[142.1497,45.9993],[142.0771,45.917],[142.0156,45.9616],[141.9616,46.0135],[141.93,46.0883],[141.9163,46.1708],[141.8304,46.4511],[141.8665,46.6942],[142.011,47.0303],[142.0387,47.1403],[142.0169,47.2447],[141.9842,47.3477],[141.9625,47.5438],[141.9641,47.5875],[142.0156,47.7006],[142.076,47.8083],[142.1492,47.9021],[142.1817,48.0134],[142.1354,48.2901],[142.0287,48.4771],[141.8973,48.6547],[141.873,48.702],[141.8663,48.7501],[141.9796,48.9722],[142.0201,49.0785],[142.0665,49.3121],[142.1087,49.4396],[142.1423,49.5691],[142.1531,50.2167],[142.1431,50.3121],[142.0711,50.515],[142.066,50.6305],[142.1005,50.7765],[142.1473,50.8902],[142.2079,50.9985],[142.2067,51.2226],[142.0907,51.4294],[142.006,51.5205],[141.8729,51.63],[141.7719,51.6902],[141.7224,51.7363],[141.7719,51.7518],[141.8081,51.7892],[141.721,51.8468],[141.6685,51.9333],[141.6608,52.2729],[141.6824,52.3591],[141.7476,52.4548],[141.8033,52.5556],[141.8556,52.7935],[141.8736,53.0389],[141.8389,53.1385],[141.8235,53.3395],[141.8524,53.3895],[141.9645,53.4564],[142.142,53.4956],[142.1799,53.484],[142.3189,53.4055],[142.3705,53.4025],[142.424,53.4107],[142.5262,53.4475],[142.5835,53.5368],[142.5092,53.5876],[142.5525,53.6526],[142.6796,53.6744],[142.6889,53.7302],[142.6429,53.7368],[142.683,53.816],[142.706,53.8957],[142.6702,53.9684],[142.4666,54.1485],[142.335,54.2807],[142.5517,54.279],[142.6156,54.3036],[142.6662,54.3582],[142.6928,54.4161],[142.761,54.3939]]],[[[-178.8765,71.5771],[-178.439,71.5412],[-178.3536,71.5292],[-178.2147,71.4816],[-178.1339,71.4655],[-178.0566,71.4376],[-177.9748,71.3905],[-177.817,71.34],[-177.5841,71.2817],[-177.5322,71.2631],[-177.4985,71.2191],[-177.5236,71.1669],[-177.8218,71.0676],[-178.0627,71.0419],[-178.528,71.0148],[-179.1569,70.9398],[-179.4157,70.919],[-179.5067,70.9234],[-179.734,70.9717],[-180,70.993],[-180,71.1842],[-180,71.3997],[-180,71.5377],[-179.8449,71.551],[-179.691,71.578],[-179.5464,71.5824],[-179.4021,71.5666],[-179.2565,71.5717],[-179.1116,71.5962],[-178.994,71.5932],[-178.8765,71.5771]]],[[[35.8161,65.1821],[35.8484,65.1427],[35.8584,65.0779],[35.8273,65.0365],[35.8423,65.0015],[35.7787,64.9767],[35.6801,65.0576],[35.6214,65.0588],[35.5586,65.0936],[35.5289,65.1511],[35.5857,65.1671],[35.6087,65.1571],[35.7291,65.1976],[35.8161,65.1821]]],[[[42.7137,66.7017],[42.6756,66.6881],[42.4773,66.7351],[42.4601,66.7704],[42.4686,66.7855],[42.5475,66.7955],[42.6314,66.7822],[42.6907,66.7353],[42.7137,66.7017]]],[[[52.9033,71.365],[52.9941,71.2913],[53.074,71.2379],[53.1414,71.2419],[53.1926,71.2153],[53.2052,71.1597],[53.0715,71.065],[53.0481,71.031],[53.1058,70.9993],[53.121,70.982],[53.0227,70.9687],[53.0045,71.0116],[52.9496,71.0536],[52.8354,71.0858],[52.789,71.1149],[52.7384,71.1807],[52.5466,71.2504],[52.4255,71.2393],[52.2895,71.2704],[52.2496,71.2849],[52.2398,71.325],[52.2966,71.3568],[52.5126,71.3851],[52.6174,71.3833],[52.7297,71.3551],[52.7203,71.3898],[52.7322,71.4037],[52.7768,71.3998],[52.9033,71.365]]],[[[168.0391,54.565],[168.0813,54.5127],[167.6773,54.6977],[167.4881,54.795],[167.4415,54.8559],[167.5117,54.8569],[167.5925,54.7978],[167.7106,54.7702],[167.8826,54.6905],[168.0391,54.565]]],[[[160.7189,70.8227],[160.6514,70.8059],[160.5048,70.8197],[160.4369,70.851],[160.4404,70.9227],[160.4485,70.934],[160.5658,70.9238],[160.6449,70.8835],[160.7189,70.8227]]],[[[161.4671,68.901],[161.4225,68.8997],[161.4563,68.966],[161.4611,68.9956],[161.3641,69.0444],[161.1825,69.0816],[161.1365,69.1103],[161.1255,69.197],[161.1646,69.3336],[161.0828,69.4057],[161.1107,69.4698],[161.3233,69.5409],[161.4098,69.5957],[161.5052,69.6395],[161.5207,69.634],[161.6178,69.5924],[161.6093,69.5009],[161.5403,69.4365],[161.3744,69.4137],[161.3509,69.3693],[161.3727,69.2928],[161.3775,69.1944],[161.3942,69.1064],[161.4947,69.016],[161.517,68.9696],[161.5067,68.9276],[161.4671,68.901]]],[[[152.8859,76.1217],[152.7863,76.0858],[152.5586,76.1436],[152.6428,76.1748],[152.7994,76.1948],[152.8351,76.1852],[152.8638,76.1634],[152.8859,76.1217]]],[[[149.1502,76.6599],[148.3986,76.6482],[148.4481,76.677],[148.7196,76.7466],[149.4064,76.7821],[149.2684,76.7472],[149.2048,76.677],[149.1502,76.6599]]],[[[137.9599,71.5077],[137.7118,71.4232],[137.6129,71.4339],[137.5118,71.4746],[137.4578,71.4835],[137.4032,71.4773],[137.3442,71.4605],[137.2655,71.4559],[137.0787,71.5022],[137.0641,71.5299],[137.0818,71.5427],[137.1295,71.5562],[137.1682,71.5571],[137.2818,71.5799],[137.8168,71.5879],[137.8576,71.5831],[137.9338,71.5428],[137.9599,71.5077]]],[[[107.6955,78.1309],[107.6063,78.0826],[107.4816,78.0578],[107.3438,78.0986],[107.0017,78.0957],[106.4155,78.1398],[106.5833,78.1676],[107.5083,78.1894],[107.5732,78.1855],[107.6955,78.1309]]],[[[112.478,76.6209],[112.6325,76.553],[112.6608,76.5096],[112.6142,76.4993],[112.5865,76.483],[112.5748,76.4524],[112.5316,76.45],[112.3948,76.4838],[112.2969,76.538],[112.1538,76.5493],[112.0027,76.603],[111.9689,76.6262],[112.0111,76.6329],[112.2814,76.6184],[112.3941,76.6438],[112.478,76.6209]]],[[[96.5324,76.2781],[96.614,76.2638],[96.5896,76.2212],[96.4867,76.2337],[96.3508,76.2122],[96.3534,76.1775],[96.3006,76.1217],[96.1088,76.1555],[95.8445,76.1603],[95.6786,76.1937],[95.3111,76.2147],[95.3221,76.2616],[95.3799,76.2891],[95.5944,76.2496],[95.7862,76.2939],[96.151,76.2719],[96.2707,76.3054],[96.5324,76.2781]]],[[[96.2854,77.0267],[96.2535,77.0073],[96.2099,76.9921],[96.0914,77.0025],[95.8547,76.975],[95.7658,76.9906],[95.6809,77.0213],[95.3641,77.0115],[95.2703,77.0188],[95.4207,77.0565],[95.8541,77.0976],[96.5284,77.2055],[96.5619,77.1541],[96.5613,77.1296],[96.4243,77.0712],[96.2854,77.0267]]],[[[89.5143,77.1888],[89.2995,77.184],[89.1793,77.2099],[89.1417,77.2268],[89.2005,77.272],[89.2815,77.3015],[89.6162,77.311],[89.6796,77.2803],[89.6658,77.2545],[89.5143,77.1888]]],[[[74.6605,72.8734],[74.6384,72.8638],[74.5881,72.8812],[74.4348,72.9077],[74.1807,72.9753],[74.1002,73.0215],[74.1424,73.0744],[74.1985,73.1091],[74.4088,73.1305],[74.5999,73.1218],[74.7253,73.1082],[74.9615,73.0625],[74.7426,73.0327],[74.6473,72.969],[74.6602,72.9293],[74.6972,72.9077],[74.6605,72.8734]]],[[[75.5037,73.4566],[75.3443,73.4323],[75.375,73.4774],[75.5697,73.5406],[75.9302,73.5736],[76.0395,73.5599],[76.0516,73.5493],[75.901,73.4815],[75.8271,73.4591],[75.5037,73.4566]]],[[[83.549,74.0718],[83.4958,74.0484],[83.45,74.0517],[83.4106,74.0396],[83.159,74.0753],[82.8178,74.0916],[82.9029,74.1289],[83.1498,74.1516],[83.5135,74.1224],[83.6184,74.0895],[83.549,74.0718]]],[[[67.3449,69.5298],[67.264,69.4425],[67.0979,69.4472],[67.0473,69.467],[67.0259,69.4832],[67.2161,69.5754],[67.3289,69.5721],[67.3449,69.5298]]],[[[66.5609,70.5417],[66.5686,70.5015],[66.5158,70.5149],[66.4486,70.561],[66.4076,70.6158],[66.3948,70.7273],[66.4182,70.7571],[66.4402,70.7727],[66.4629,70.7693],[66.4577,70.6988],[66.5609,70.5417]]],[[[70.0207,66.5022],[69.8447,66.4897],[69.6514,66.5653],[69.4693,66.716],[69.5027,66.7511],[69.6164,66.739],[69.8004,66.7365],[69.9176,66.7117],[70.0767,66.6959],[70.0576,66.6272],[70.0572,66.5995],[70.1101,66.5691],[70.0592,66.5176],[70.0207,66.5022]]],[[[50.0518,80.0743],[49.9709,80.0607],[49.5883,80.1361],[49.5561,80.1589],[49.8837,80.2302],[50.251,80.2195],[50.31,80.1856],[50.3191,80.1724],[50.0723,80.1095],[50.0518,80.0743]]],[[[51.4093,79.9442],[51.4352,79.9319],[51.4312,79.9205],[51.0763,79.932],[50.4541,79.9244],[50.0914,79.9806],[50.4727,80.0354],[50.6758,80.0485],[50.9363,80.0942],[51.2544,80.0486],[51.2379,80.0104],[51.2428,79.9913],[51.327,79.9723],[51.4093,79.9442]]],[[[50.7537,81.0474],[50.616,81.0413],[50.5182,81.0456],[50.4119,81.0844],[50.3774,81.1027],[50.3685,81.1225],[50.4649,81.1262],[50.506,81.1442],[50.5216,81.1582],[50.5918,81.1694],[50.7159,81.1707],[50.8786,81.1509],[50.9462,81.1082],[50.7888,81.0718],[50.7537,81.0474]]],[[[55.4797,80.2738],[55.1951,80.2268],[55.0484,80.2284],[54.9797,80.2564],[55.0916,80.2956],[55.24,80.3254],[55.3532,80.3177],[55.4348,80.3022],[55.4797,80.2738]]],[[[54.4153,80.4728],[54.2759,80.4213],[53.8119,80.4762],[53.85,80.5039],[53.9002,80.5154],[53.9016,80.5425],[53.8589,80.563],[53.8772,80.6053],[54.1768,80.5744],[54.2054,80.5618],[54.4071,80.5401],[54.4373,80.4987],[54.4153,80.4728]]],[[[59.6889,79.9558],[59.3307,79.923],[59.2026,79.933],[59.1692,79.9483],[59.1004,79.9642],[58.9192,79.9846],[58.9461,80.0423],[59.0015,80.0539],[59.5445,80.1188],[59.8017,80.0827],[59.911,79.9943],[59.6889,79.9558]]],[[[58.6224,81.0417],[58.7615,80.991],[58.8153,80.9336],[58.9025,80.8977],[58.9306,80.8317],[58.86,80.7794],[58.6419,80.768],[58.2856,80.7649],[57.9379,80.7934],[57.7498,80.8891],[57.4052,80.9151],[57.2109,81.0171],[57.4103,81.0468],[57.6562,81.0315],[58.0495,81.1185],[58.1023,81.1143],[58.1899,81.0946],[58.5076,81.0618],[58.6224,81.0417]]],[[[47.983,45.4882],[47.9677,45.47],[47.9203,45.5621],[47.9176,45.6182],[47.9472,45.6471],[47.9871,45.5541],[47.983,45.4882]]],[[[50.2652,69.1856],[50.283,69.0889],[50.2206,69.0488],[50.1645,69.0375],[50.1409,69.0981],[50.0939,69.1255],[49.9208,69.0533],[49.8398,68.9738],[49.6263,68.8597],[49.1805,68.7784],[48.9104,68.7431],[48.667,68.7332],[48.4391,68.8049],[48.3159,68.9424],[48.2944,68.9842],[48.2788,69.0403],[48.2803,69.0966],[48.2963,69.1839],[48.3199,69.2692],[48.4139,69.3457],[48.6313,69.436],[48.8449,69.4947],[48.9533,69.5093],[49.2252,69.5112],[49.9963,69.3094],[50.1673,69.2571],[50.2652,69.1856]]],[[[63.3738,80.7001],[63.1876,80.6976],[63.0021,80.7128],[62.7604,80.7627],[62.5203,80.8219],[62.5926,80.853],[62.8193,80.8938],[63.1158,80.9668],[63.6147,80.9809],[63.856,80.9812],[64.0957,80.9983],[64.1659,81.0357],[64.2104,81.1063],[64.2559,81.1444],[64.3102,81.1752],[64.5754,81.1985],[64.8021,81.1973],[65.0277,81.1695],[65.172,81.144],[65.3098,81.0964],[65.382,81.0567],[65.3601,81.0082],[65.3721,80.968],[65.4374,80.9307],[64.9975,80.8189],[64.5483,80.7554],[63.3738,80.7001]]],[[[57.9562,80.1232],[57.8001,80.1041],[57.3923,80.1392],[57.3323,80.1581],[57.2814,80.1939],[57.2141,80.3283],[57.2117,80.3685],[57.1862,80.3962],[57.0834,80.4452],[57.0111,80.4683],[57.075,80.4939],[57.522,80.4754],[58.4805,80.4647],[58.9717,80.4159],[59.1159,80.3884],[59.2555,80.3432],[58.3979,80.3187],[58.2839,80.2978],[58.2857,80.2481],[58.2555,80.2018],[58.1632,80.1965],[57.9562,80.1232]]],[[[62.1678,80.8348],[62.2277,80.7944],[62.1918,80.7302],[62.1146,80.6837],[62.0758,80.6169],[61.7691,80.601],[61.6812,80.5863],[61.5975,80.535],[61.2852,80.5047],[61.0513,80.4186],[60.7223,80.4347],[60.2783,80.4944],[59.9002,80.4461],[59.6498,80.4313],[59.3464,80.505],[59.3044,80.5215],[59.2882,80.5727],[59.3062,80.6178],[59.3865,80.7125],[59.4951,80.7665],[59.5494,80.7836],[59.5923,80.8165],[59.7158,80.8364],[60.0945,80.8486],[60.235,80.8377],[60.278,80.8015],[60.4815,80.8042],[60.8202,80.8266],[61.3132,80.8626],[61.5975,80.8929],[61.8506,80.8859],[62.1029,80.8666],[62.1678,80.8348]]],[[[61.1408,80.9503],[60.8268,80.9297],[60.3211,80.9555],[60.0582,80.9846],[60.0783,80.9992],[60.1476,81.0166],[60.5866,81.0877],[61.4574,81.104],[61.5674,81.0503],[61.472,81.011],[61.1408,80.9503]]],[[[53.5214,80.1852],[52.8563,80.1732],[52.6359,80.1789],[52.607,80.1912],[52.5505,80.2019],[52.3436,80.2132],[52.2134,80.2637],[52.2702,80.2763],[52.5767,80.2969],[52.6806,80.3185],[52.716,80.3476],[52.8539,80.4024],[53.1856,80.4126],[53.3292,80.4024],[53.3459,80.3663],[53.4861,80.3234],[53.8517,80.2684],[53.7779,80.2283],[53.6529,80.2226],[53.5214,80.1852]]],[[[57.0787,80.3509],[57.1227,80.317],[57.1189,80.1939],[57.0728,80.1394],[57.0802,80.0947],[56.9869,80.0715],[56.2006,80.0765],[55.8116,80.0872],[55.724,80.1047],[55.9423,80.1633],[56.0122,80.2039],[55.9898,80.3201],[56.0244,80.3413],[56.6551,80.3303],[56.7072,80.3633],[56.9445,80.3662],[57.0787,80.3509]]],[[[57.8103,81.546],[57.8627,81.5064],[58.0166,81.4838],[58.436,81.4642],[58.5639,81.4184],[58.3719,81.387],[57.8587,81.3681],[57.9119,81.3033],[58.0153,81.2548],[57.9129,81.1975],[57.7697,81.1697],[57.451,81.1355],[57.1595,81.1785],[56.8219,81.2379],[56.6692,81.1983],[56.5125,81.1752],[56.364,81.1786],[56.192,81.224],[55.7167,81.1885],[55.5727,81.2281],[55.466,81.3112],[55.7819,81.3294],[56.1568,81.3031],[56.4047,81.387],[56.7188,81.4234],[56.973,81.5105],[57.0915,81.5412],[57.365,81.5353],[57.4564,81.5429],[57.7166,81.5646],[57.8103,81.546]]],[[[54.7189,81.116],[55.4707,81.0199],[56.1701,81.0292],[56.4723,80.9982],[56.9097,80.9129],[57.5678,80.8197],[57.6941,80.7923],[57.5804,80.7555],[56.8147,80.6636],[56.3155,80.6329],[55.8834,80.6284],[55.7125,80.6373],[55.5406,80.7033],[55.1172,80.7519],[54.6682,80.7387],[54.6233,80.7652],[54.5328,80.783],[54.3761,80.787],[54.0666,80.8136],[54.0454,80.872],[54.2405,80.9019],[54.3673,80.9038],[54.4168,80.9865],[54.634,81.1132],[54.7189,81.116]]],[[[63.651,81.6093],[63.5285,81.5966],[62.885,81.6089],[62.573,81.6331],[62.5312,81.647],[62.5152,81.6591],[62.1064,81.6793],[62.284,81.7065],[62.7949,81.7189],[63.7096,81.6873],[63.7674,81.6642],[63.7824,81.6498],[63.651,81.6093]]],[[[58.2954,81.7152],[57.9648,81.6957],[57.9206,81.7105],[57.9093,81.7219],[57.9451,81.7479],[57.985,81.797],[58.1346,81.828],[59.2618,81.8542],[59.4085,81.8254],[59.3568,81.781],[59.3564,81.759],[58.2954,81.7152]]],[[[92.6835,79.6852],[92.4406,79.6755],[92.1537,79.6847],[91.6836,79.7906],[91.3763,79.8355],[91.1261,79.9049],[91.0703,79.9815],[91.2293,80.0307],[91.426,80.0492],[91.752,80.0523],[92.1734,80.0455],[92.5928,79.9965],[93.4815,79.9411],[93.8031,79.9045],[93.6035,79.8167],[93.382,79.7839],[93.1551,79.7376],[92.9263,79.7045],[92.6835,79.6852]]],[[[91.5672,81.1412],[91.2229,81.0638],[89.9758,81.1131],[89.9194,81.1487],[89.9012,81.1707],[90.0699,81.2137],[91.109,81.1991],[91.4778,81.1839],[91.5672,81.1412]]],[[[141.0103,73.9995],[140.5072,73.9187],[140.4095,73.9217],[140.1832,74.0046],[140.1016,74.1843],[140.1936,74.2367],[140.3003,74.2572],[140.4074,74.2665],[140.8492,74.2738],[140.9443,74.2646],[141.0386,74.2427],[141.0795,74.2093],[141.0975,74.1678],[141.0469,74.0504],[141.0103,73.9995]]],[[[142.1849,73.8959],[142.4351,73.8516],[142.6392,73.8031],[143.3438,73.5687],[143.4107,73.5208],[143.464,73.4589],[143.4913,73.2464],[143.4515,73.2313],[143.1933,73.2208],[142.8416,73.2448],[142.5869,73.2533],[142.3422,73.2529],[142.1264,73.2817],[141.5967,73.3108],[141.1827,73.3892],[140.754,73.446],[140.6628,73.452],[140.3925,73.4354],[140.027,73.3614],[139.9251,73.3552],[139.7855,73.3552],[139.6855,73.4257],[139.9201,73.4486],[140.1552,73.4575],[140.3807,73.483],[140.5936,73.5646],[140.6975,73.6291],[140.8838,73.7775],[140.9836,73.8315],[141.0848,73.8659],[141.1899,73.8765],[141.3119,73.8719],[141.6819,73.9042],[141.9318,73.9149],[142.1849,73.8959]]],[[[135.9486,75.4096],[135.7459,75.382],[135.452,75.3896],[135.473,75.4632],[135.5234,75.4959],[135.5927,75.5765],[135.5612,75.6365],[135.5784,75.71],[135.6139,75.7663],[135.6986,75.8453],[135.7883,75.7985],[135.8492,75.7292],[135.9048,75.6944],[136.1273,75.6256],[136.1689,75.6056],[135.9834,75.5219],[135.9651,75.4861],[136.0205,75.4384],[135.9486,75.4096]]],[[[136.1975,73.9136],[136.1217,73.885],[136.0515,73.9291],[135.7146,74.0595],[135.6334,74.1214],[135.4486,74.1797],[135.4024,74.2017],[135.387,74.2534],[135.6283,74.2199],[136.0368,74.0903],[136.2592,73.985],[136.1975,73.9136]]],[[[137.9405,55.0926],[138.0312,55.0533],[138.1721,55.0601],[138.2062,55.0335],[138.0965,54.9909],[138.0166,54.9009],[137.9912,54.8207],[137.9595,54.789],[137.8701,54.7496],[137.7902,54.6969],[137.7215,54.6632],[137.6611,54.6533],[137.5256,54.8258],[137.4627,54.8734],[137.2761,54.7924],[137.2329,54.7906],[137.2752,54.891],[137.3844,55.0007],[137.4355,55.016],[137.5437,55.1631],[137.5773,55.197],[137.9104,55.1101],[137.9405,55.0926]]],[[[169.2008,69.5805],[168.9157,69.5714],[168.348,69.6644],[168.1443,69.7133],[167.9927,69.7758],[167.8213,69.8196],[167.7889,69.8369],[167.814,69.873],[167.8647,69.9011],[168.0596,69.9749],[168.1963,70.0084],[168.3579,70.0157],[169.3748,69.8826],[169.4207,69.8561],[169.4336,69.8322],[169.4182,69.7792],[169.3324,69.7696],[169.2991,69.7348],[169.2634,69.6287],[169.2458,69.6011],[169.2008,69.5805]]],[[[163.6352,58.6034],[163.4714,58.5094],[163.4473,58.5247],[163.4318,58.5461],[163.4272,58.579],[163.5768,58.6409],[163.7266,58.7985],[163.7845,58.9297],[163.7666,58.9724],[163.7609,59.015],[164.2021,59.0962],[164.5174,59.2268],[164.5727,59.2211],[164.6293,59.1122],[164.6616,58.9708],[164.6157,58.8856],[164.2788,58.8381],[163.9601,58.7437],[163.6352,58.6034]]],[[[166.6503,54.8391],[166.6451,54.6941],[166.5213,54.7676],[166.4637,54.8269],[166.3817,54.8381],[166.3248,54.8646],[166.2299,54.9365],[166.1197,55.0304],[166.0823,55.0766],[166.0663,55.1357],[165.9919,55.1905],[165.7511,55.2945],[165.8305,55.3069],[165.9313,55.3515],[166.2119,55.324],[166.2758,55.312],[166.23,55.2423],[166.248,55.1654],[166.4043,55.0056],[166.4795,54.9499],[166.5773,54.9077],[166.6503,54.8391]]],[[[154.8104,49.312],[154.7148,49.2677],[154.6109,49.294],[154.613,49.3806],[154.8249,49.6469],[154.8996,49.6304],[154.8833,49.5664],[154.8023,49.4683],[154.8299,49.3479],[154.8104,49.312]]],[[[156.4051,50.6576],[156.3654,50.6338],[156.3258,50.6391],[156.1963,50.7021],[156.168,50.7319],[156.2131,50.7847],[156.3765,50.8621],[156.4559,50.8596],[156.4875,50.843],[156.4831,50.7512],[156.4051,50.6576]]],[[[155.9211,50.3022],[155.7924,50.2021],[155.6075,50.1772],[155.5164,50.1456],[155.4489,50.0778],[155.3972,50.0413],[155.2887,50.0612],[155.2431,50.0946],[155.2431,50.2128],[155.1951,50.2646],[155.2184,50.2979],[155.3268,50.2933],[155.4339,50.3689],[155.6802,50.4007],[155.7728,50.4824],[155.8848,50.6841],[156.0017,50.7569],[156.0969,50.7719],[156.1229,50.6713],[156.1006,50.5593],[156.0444,50.4518],[155.9211,50.3022]]],[[[154.0813,48.7903],[154.043,48.7388],[154.0007,48.7557],[153.9923,48.7725],[154.0917,48.8321],[154.1264,48.9044],[154.199,48.9049],[154.2284,48.8921],[154.2047,48.8572],[154.0813,48.7903]]],[[[155.6448,50.8219],[155.5535,50.8106],[155.5128,50.8373],[155.4835,50.8696],[155.4674,50.9136],[155.5686,50.9345],[155.6396,50.9105],[155.6536,50.8454],[155.6448,50.8219]]],[[[153.1011,47.7629],[153.0538,47.7061],[153.0041,47.7135],[152.9843,47.7279],[153.0491,47.797],[153.0792,47.8087],[153.1011,47.7629]]],[[[152.0021,46.8972],[151.8156,46.7871],[151.7541,46.7883],[151.7234,46.8288],[151.7153,46.8527],[151.8644,46.869],[152.0398,47.015],[152.1658,47.1104],[152.2347,47.1434],[152.2889,47.1422],[152.0021,46.8972]]],[[[149.6877,45.642],[149.5389,45.5914],[149.4471,45.5934],[149.6659,45.8398],[149.7963,45.8761],[149.9623,46.0219],[150.3088,46.2003],[150.3486,46.2134],[150.5531,46.2085],[150.2346,46.0123],[150.195,45.9332],[150.0566,45.8494],[149.9541,45.8225],[149.8834,45.7832],[149.6877,45.642]]],[[[148.5995,45.3176],[148.4146,45.2472],[148.2623,45.2168],[148.0053,45.0702],[147.9138,44.9904],[147.7841,44.9586],[147.6578,44.9771],[147.6219,44.9447],[147.6096,44.8866],[147.5631,44.8355],[147.3102,44.6776],[147.2074,44.5536],[147.0984,44.5312],[146.8975,44.4043],[146.9335,44.5131],[146.9742,44.5657],[147.1409,44.6633],[147.1548,44.7662],[147.2466,44.8561],[147.4305,44.9452],[147.5578,45.0625],[147.6579,45.093],[147.7694,45.1907],[147.8855,45.2256],[147.8727,45.3003],[147.924,45.3833],[147.9646,45.3777],[148.0561,45.2621],[148.1301,45.2582],[148.3242,45.2824],[148.6123,45.4847],[148.7066,45.5207],[148.7727,45.5265],[148.8122,45.51],[148.8262,45.4861],[148.8254,45.4559],[148.803,45.4135],[148.8371,45.3627],[148.7907,45.324],[148.5995,45.3176]]],[[[146.714,43.7438],[146.683,43.7164],[146.6086,43.7405],[146.6135,43.797],[146.622,43.813],[146.8246,43.8605],[146.8841,43.8291],[146.899,43.8041],[146.714,43.7438]]],[[[146.2076,44.4977],[146.356,44.4246],[146.5678,44.4404],[146.5162,44.3747],[146.4365,44.3757],[146.2962,44.281],[146.1729,44.2687],[146.1123,44.2459],[145.9141,44.1037],[145.8873,44.0478],[145.767,43.9407],[145.5868,43.8451],[145.5559,43.6646],[145.4393,43.7371],[145.4262,43.8104],[145.4617,43.8709],[145.6663,43.9991],[145.7483,44.0715],[145.7733,44.129],[145.852,44.193],[145.8902,44.2486],[145.9404,44.2727],[146.1121,44.5001],[146.2076,44.4977]]],[[[113.3872,74.4004],[113.3531,74.353],[113.2992,74.3171],[113.2589,74.2727],[113.1902,74.2393],[112.9776,74.1968],[112.8113,74.1029],[112.7824,74.0951],[112.1958,74.1462],[112.1051,74.1632],[111.9121,74.2192],[111.643,74.2729],[111.5034,74.3531],[111.5701,74.3683],[111.6375,74.3743],[111.8798,74.3638],[111.9492,74.3888],[111.9828,74.4563],[111.9894,74.4962],[112.0076,74.5268],[112.0845,74.549],[112.9518,74.4796],[113.2862,74.441],[113.3872,74.4004]]],[[[76.2489,79.6511],[76.3726,79.6152],[76.4674,79.6432],[77.3602,79.5568],[77.5493,79.5244],[77.589,79.5019],[76.8102,79.4895],[76.6495,79.4934],[76.6365,79.5444],[76.4576,79.5455],[76.1537,79.5788],[76.0719,79.6256],[76.0516,79.6447],[76.1484,79.6645],[76.2489,79.6511]]],[[[80.0267,80.8481],[79.0985,80.8121],[79.0068,80.8348],[78.9776,80.8482],[79.1099,80.9236],[79.2174,80.9604],[79.8066,80.9754],[80.2796,80.9498],[80.4279,80.9277],[80.3733,80.8826],[80.3448,80.8679],[80.0267,80.8481]]],[[[70.6739,73.095],[70.3804,73.0481],[70.2983,73.0445],[70.1187,73.0563],[70.0407,73.0372],[69.9201,73.0845],[69.9304,73.1266],[69.9856,73.1692],[70.0187,73.2243],[69.9959,73.3594],[70.1496,73.4447],[70.35,73.4776],[70.9402,73.5144],[71.0232,73.5042],[71.1412,73.478],[71.2316,73.4478],[71.3512,73.3722],[71.4449,73.3421],[71.5896,73.2832],[71.6305,73.2248],[71.6262,73.174],[71.3557,73.1625],[70.8867,73.1196],[70.6739,73.095]]],[[[77.6325,72.2913],[77.1456,72.2819],[76.906,72.2977],[76.8711,72.317],[76.9031,72.3656],[77.1495,72.4392],[77.2604,72.4861],[77.3778,72.5653],[77.5787,72.6309],[77.7485,72.6312],[78.2791,72.5532],[78.3529,72.5043],[78.3651,72.4824],[78.1545,72.417],[78.0072,72.3925],[77.7809,72.3085],[77.6325,72.2913]]],[[[79.5015,72.7219],[79.4307,72.7107],[78.8806,72.7516],[78.6902,72.8034],[78.6332,72.8507],[78.6568,72.8923],[79.1643,73.0943],[79.3565,73.0386],[79.4125,72.9831],[79.5413,72.9187],[79.5379,72.7693],[79.5015,72.7219]]],[[[82.1724,75.4194],[82.2088,75.387],[82.2216,75.3505],[82.1793,75.339],[82.0501,75.341],[81.9785,75.2471],[81.9051,75.2628],[81.8605,75.3165],[81.6977,75.2805],[81.6548,75.2889],[81.5793,75.331],[81.5321,75.3396],[81.5006,75.3679],[81.7121,75.4514],[81.8422,75.407],[81.9266,75.41],[81.9098,75.46],[81.9128,75.4977],[82.0219,75.5135],[82.1656,75.5156],[82.1724,75.4194]]],[[[60.4505,69.9349],[60.4807,69.8855],[60.4772,69.7937],[60.4402,69.7259],[60.3271,69.7153],[60.2159,69.6877],[60.0262,69.717],[59.9195,69.697],[59.8128,69.6957],[59.7246,69.7062],[59.637,69.721],[59.5782,69.7386],[59.5812,69.7909],[59.5026,69.8662],[59.3815,69.8904],[59.2684,69.8984],[59.1442,69.9219],[59.0825,69.9108],[59.004,69.8833],[58.9527,69.8928],[58.6801,70.051],[58.6342,70.088],[58.6056,70.1292],[58.5681,70.1557],[58.473,70.2668],[58.5199,70.3183],[58.6153,70.3508],[58.678,70.3596],[58.7942,70.433],[59.0053,70.4652],[59.048,70.4605],[59.0883,70.4371],[59.3099,70.3617],[59.426,70.3109],[59.5291,70.249],[59.6363,70.197],[59.9559,70.1084],[60.1723,70.0229],[60.3926,69.9624],[60.4505,69.9349]]],[[[20.9578,55.2789],[20.8594,55.1836],[20.5948,54.9824],[20.6777,54.9557],[20.774,54.947],[20.8875,54.9095],[20.9959,54.9027],[21.1889,54.9352],[21.2229,55.1078],[21.2357,55.2641],[21.2976,55.2645],[21.3893,55.2755],[21.4471,55.2344],[21.5547,55.1953],[21.6827,55.1604],[21.8739,55.1007],[22.0724,55.0637],[22.1379,55.0594],[22.3464,55.0643],[22.5673,55.0591],[22.6274,54.9707],[22.7365,54.9289],[22.8247,54.8713],[22.8313,54.8385],[22.7097,54.6326],[22.6845,54.5629],[22.6799,54.493],[22.7243,54.4056],[22.7662,54.3568],[22.7318,54.3501],[22.1685,54.3599],[21.6342,54.3765],[21.1405,54.3918],[20.6647,54.4066],[20.2082,54.4208],[19.9243,54.434],[19.6442,54.4471],[19.6044,54.4592],[19.7585,54.5448],[19.8589,54.6338],[19.9441,54.75],[19.9532,54.8305],[19.9745,54.9212],[20.1076,54.9565],[20.3967,54.9513],[20.5203,54.9949],[20.6789,55.1026],[20.8457,55.232],[20.8998,55.2867],[20.9578,55.2789]]],[[[33.5941,46.0962],[33.6543,46.1462],[33.66,46.2196],[33.8067,46.2083],[34.0267,46.1067],[34.1283,46.0898],[34.2242,46.1011],[34.354,46.0616],[34.4499,45.9657],[34.5232,45.977],[34.6869,45.977],[34.7941,45.8923],[34.7997,45.7908],[34.9464,45.7287],[35.0017,45.7334],[35.0229,45.701],[35.2602,45.4469],[35.3739,45.3536],[35.4575,45.3163],[35.558,45.3109],[35.751,45.3894],[35.8335,45.4016],[36.0129,45.3717],[36.0771,45.4241],[36.1705,45.4531],[36.2903,45.4567],[36.4271,45.4333],[36.575,45.3936],[36.5143,45.3038],[36.4508,45.2323],[36.4284,45.1533],[36.3934,45.0654],[36.2299,45.026],[36.0548,45.0308],[35.8701,45.0053],[35.8036,45.0396],[35.7595,45.0709],[35.6775,45.102],[35.5695,45.1193],[35.4726,45.0985],[35.3578,44.9784],[35.1548,44.8963],[35.0877,44.8026],[34.8878,44.8236],[34.7169,44.8071],[34.4699,44.7217],[34.2817,44.5384],[34.0744,44.4238],[33.91,44.3876],[33.7557,44.3989],[33.6559,44.4332],[33.4507,44.5537],[33.4627,44.5968],[33.4913,44.6186],[33.5301,44.6805],[33.6122,44.9078],[33.6012,44.9815],[33.5552,45.0977],[33.3925,45.1878],[33.2615,45.1708],[33.1869,45.1948],[32.9187,45.3481],[32.7727,45.359],[32.6113,45.3281],[32.5519,45.3504],[32.508,45.4038],[32.828,45.593],[33.1423,45.7492],[33.2801,45.7652],[33.4662,45.8379],[33.6648,45.9471],[33.6367,46.0329],[33.5941,46.0962]]]]}},{"type":"Feature","properties":{"isoName":"CHN","fullName":"China","alternativeNames":[],"centreCoords":[33,105],"capitalCity":"Beijing"},"geometry":{"type":"MultiPolygon","coordinates":[[[[118.183,24.4963],[118.1495,24.4361],[118.0905,24.4461],[118.0888,24.4889],[118.0768,24.5014],[118.093,24.5412],[118.1038,24.5523],[118.1707,24.5185],[118.183,24.4963]]],[[[121.8627,31.4923],[121.7805,31.4638],[121.5199,31.5496],[121.3364,31.6438],[121.2269,31.7581],[121.2111,31.8054],[121.339,31.7974],[121.4642,31.7564],[121.4918,31.6937],[121.5423,31.6739],[121.5766,31.6373],[121.8083,31.5521],[121.8437,31.5264],[121.8627,31.4923]]],[[[122.2959,29.9634],[122.2815,29.9438],[122.1578,30.0013],[122.024,30.0133],[121.9778,30.0638],[121.9694,30.1431],[122.1105,30.1397],[122.2845,30.068],[122.3223,30.0314],[122.2959,29.9634]]],[[[122.1726,29.679],[122.169,29.6603],[122.0838,29.7253],[122.0427,29.7359],[122.0623,29.7728],[122.1196,29.7822],[122.165,29.7008],[122.1726,29.679]]],[[[122.4039,29.8924],[122.394,29.8461],[122.3676,29.8527],[122.3318,29.935],[122.351,29.9552],[122.4016,29.9502],[122.4039,29.8924]]],[[[119.8209,25.457],[119.7467,25.4107],[119.7003,25.4327],[119.6994,25.4947],[119.723,25.5506],[119.696,25.5909],[119.7226,25.6388],[119.7779,25.6532],[119.7975,25.6232],[119.8287,25.6074],[119.8384,25.5911],[119.8387,25.5597],[119.8091,25.5078],[119.8324,25.4796],[119.8209,25.457]]],[[[110.3852,21.0932],[110.4224,21.0586],[110.5216,21.0831],[110.5396,21.039],[110.5389,21.0185],[110.5039,20.9677],[110.4219,21.0069],[110.3399,20.9978],[110.281,21.0012],[110.2646,21.0252],[110.3099,21.0748],[110.3852,21.0932]]],[[[121.2514,28.0864],[121.1643,28.0625],[121.1315,28.0626],[121.134,28.1353],[121.2055,28.2044],[121.2344,28.1813],[121.251,28.1452],[121.2514,28.0864]]],[[[113.5553,22.8042],[113.5637,22.7579],[113.4856,22.8283],[113.4634,22.8324],[113.4261,22.8586],[113.4044,22.9028],[113.4649,22.9045],[113.5205,22.8521],[113.5553,22.8042]]],[[[112.7902,21.6019],[112.7711,21.5818],[112.742,21.6181],[112.7335,21.6699],[112.7127,21.6979],[112.7605,21.7333],[112.782,21.7723],[112.8391,21.7645],[112.8626,21.7526],[112.8126,21.7122],[112.8007,21.6949],[112.7902,21.6019]]],[[[112.6437,21.6396],[112.5456,21.6185],[112.525,21.623],[112.559,21.6748],[112.6477,21.7103],[112.6437,21.6396]]],[[[107.9727,21.508],[107.9084,21.5604],[107.8021,21.6452],[107.7593,21.655],[107.641,21.6139],[107.4714,21.5983],[107.4335,21.6423],[107.3512,21.6089],[107.2721,21.7106],[107.1785,21.7171],[107.0616,21.7942],[107.0198,21.8349],[107.0064,21.8934],[106.971,21.9239],[106.9252,21.9201],[106.8745,21.9513],[106.7941,21.982],[106.7295,22.0003],[106.6977,21.9862],[106.6636,21.9789],[106.6577,22.0182],[106.6601,22.1365],[106.6542,22.2415],[106.6365,22.2886],[106.5932,22.3245],[106.5536,22.3417],[106.5363,22.3954],[106.5504,22.5014],[106.5824,22.5732],[106.6331,22.586],[106.7016,22.6377],[106.7363,22.7109],[106.7803,22.7789],[106.624,22.8743],[106.5418,22.9083],[106.4509,22.8939],[106.3381,22.8635],[106.279,22.8575],[106.2494,22.8694],[106.184,22.9551],[106.1484,22.9701],[106.0685,22.9755],[106.001,22.9748],[105.9623,22.9375],[105.9026,22.925],[105.843,22.9228],[105.7823,22.9693],[105.6912,23.0299],[105.5481,23.0727],[105.5309,23.122],[105.4945,23.1809],[105.4401,23.2354],[105.3505,23.3077],[105.2754,23.3452],[105.2388,23.3221],[105.1891,23.2811],[104.9957,23.1943],[104.9102,23.1605],[104.8647,23.1364],[104.8266,23.1002],[104.8147,23.0108],[104.7957,22.9111],[104.74,22.8605],[104.6873,22.8222],[104.6317,22.8182],[104.5775,22.82],[104.5269,22.8041],[104.3718,22.7041],[104.2983,22.712],[104.2383,22.7685],[104.2125,22.8094],[104.1431,22.8001],[104.0539,22.7523],[104.0127,22.6664],[103.9908,22.5861],[103.9714,22.5505],[103.9415,22.5401],[103.915,22.5382],[103.6373,22.77],[103.6202,22.782],[103.5707,22.7344],[103.5254,22.6116],[103.493,22.588],[103.471,22.5974],[103.3561,22.7547],[103.3267,22.7698],[103.3006,22.7644],[103.2663,22.7135],[103.1934,22.6385],[103.1376,22.593],[103.1363,22.5422],[103.0759,22.4975],[103.0054,22.453],[102.9819,22.4482],[102.9352,22.4662],[102.8742,22.5254],[102.8301,22.5872],[102.721,22.6485],[102.5985,22.7004],[102.5172,22.741],[102.4709,22.7509],[102.4279,22.7328],[102.4064,22.708],[102.3758,22.6466],[102.3022,22.546],[102.237,22.466],[102.176,22.4146],[102.1274,22.3792],[102.0915,22.4123],[102.0244,22.4392],[101.9454,22.4394],[101.8418,22.3885],[101.76,22.4903],[101.7388,22.4953],[101.7075,22.4866],[101.6715,22.4623],[101.6462,22.4054],[101.6199,22.3274],[101.5679,22.2764],[101.5245,22.2537],[101.5373,22.2099],[101.5618,22.1624],[101.5603,22.1209],[101.5758,22.0553],[101.6029,21.9897],[101.6996,21.8825],[101.7365,21.8265],[101.7439,21.778],[101.7473,21.6058],[101.7435,21.5338],[101.7242,21.395],[101.7229,21.3149],[101.7631,21.2789],[101.8021,21.236],[101.8006,21.2126],[101.7835,21.2041],[101.7281,21.1564],[101.7048,21.1501],[101.6686,21.1696],[101.6217,21.1844],[101.5839,21.2036],[101.5424,21.2343],[101.4436,21.2308],[101.2814,21.1841],[101.2479,21.1973],[101.2244,21.2237],[101.2118,21.2782],[101.2199,21.3424],[101.2056,21.3833],[101.1754,21.4075],[101.1967,21.5221],[101.1389,21.5675],[101.1473,21.5816],[101.1281,21.7051],[101.1309,21.7355],[101.1207,21.7461],[101.0798,21.7559],[101.0193,21.7364],[100.8352,21.6552],[100.6771,21.5049],[100.6046,21.4718],[100.5313,21.4581],[100.4457,21.4841],[100.3506,21.501],[100.2147,21.463],[100.1477,21.4805],[100.1168,21.5112],[100.0893,21.5579],[100.1058,21.617],[100.0955,21.6606],[100.0412,21.6828],[99.9782,21.7016],[99.9407,21.7587],[99.9256,21.8208],[99.9404,21.9016],[99.9479,21.9883],[99.9177,22.028],[99.8254,22.0497],[99.5927,22.0892],[99.3887,22.1108],[99.3031,22.1006],[99.2334,22.1102],[99.193,22.126],[99.1734,22.1533],[99.1724,22.1925],[99.2054,22.2826],[99.2431,22.3704],[99.3377,22.498],[99.3432,22.5865],[99.3383,22.6887],[99.3852,22.8251],[99.4668,22.9273],[99.5071,22.9591],[99.4973,23.0046],[99.4646,23.0462],[99.4181,23.0692],[99.3408,23.0959],[99.2203,23.1033],[99.0551,23.1306],[98.8638,23.1913],[98.8855,23.3075],[98.8826,23.3803],[98.8589,23.4401],[98.8197,23.4825],[98.7979,23.5204],[98.8322,23.6244],[98.7877,23.7378],[98.7351,23.7831],[98.6809,23.8418],[98.6768,23.9051],[98.7016,23.9641],[98.834,24.0906],[98.8351,24.1212],[98.8023,24.1187],[98.7644,24.1161],[98.5834,24.0698],[98.5642,24.0988],[98.4994,24.1157],[98.3673,24.119],[98.2125,24.1106],[98.0169,24.0654],[97.8377,23.9863],[97.7557,23.9319],[97.686,23.8981],[97.6297,23.8872],[97.5646,23.911],[97.5683,23.9885],[97.6906,24.1308],[97.7082,24.2288],[97.6707,24.3127],[97.6666,24.38],[97.6236,24.4229],[97.5633,24.4438],[97.5314,24.4917],[97.5294,24.6312],[97.5833,24.7748],[97.6707,24.8201],[97.7238,24.842],[97.7379,24.8699],[97.7107,24.9704],[97.7149,25.0343],[97.7674,25.1581],[97.8195,25.2519],[97.918,25.2361],[97.962,25.2593],[98.0107,25.2925],[98.0641,25.349],[98.0996,25.4157],[98.1429,25.5711],[98.1726,25.5945],[98.2966,25.5688],[98.3338,25.5868],[98.4017,25.678],[98.4655,25.7889],[98.5584,25.8232],[98.6254,25.8267],[98.6562,25.8636],[98.6547,25.9178],[98.591,26.0037],[98.5641,26.0724],[98.572,26.1141],[98.6632,26.1395],[98.6855,26.1894],[98.6719,26.2985],[98.7095,26.4297],[98.7318,26.5834],[98.7394,26.6981],[98.7385,26.7857],[98.7295,26.8774],[98.7165,27.0449],[98.6748,27.1906],[98.6824,27.2453],[98.6768,27.4219],[98.6512,27.5725],[98.5998,27.5988],[98.5045,27.6477],[98.4525,27.6572],[98.4089,27.6395],[98.3924,27.5871],[98.3505,27.5381],[98.2988,27.5501],[98.2742,27.5991],[98.241,27.6632],[98.1305,27.9676],[98.1184,28.0552],[98.0989,28.1423],[98.0616,28.1859],[98.0223,28.2115],[97.9341,28.3138],[97.8876,28.3565],[97.8649,28.3636],[97.8165,28.3563],[97.769,28.3562],[97.7301,28.4071],[97.6946,28.4693],[97.6589,28.5],[97.5992,28.517],[97.5379,28.5102],[97.5021,28.4563],[97.4777,28.4256],[97.4314,28.3539],[97.3564,28.2545],[97.3225,28.218],[97.2895,28.2368],[97.1451,28.3403],[97.0754,28.3689],[96.9809,28.3377],[96.833,28.3624],[96.7758,28.367],[96.6528,28.4498],[96.6026,28.4599],[96.4277,28.406],[96.3891,28.3679],[96.3664,28.3673],[96.3198,28.3865],[96.2814,28.4121],[96.2789,28.4282],[96.3262,28.4686],[96.3299,28.4968],[96.3273,28.5254],[96.3956,28.6065],[96.5809,28.7637],[96.55,28.8296],[96.4771,28.9593],[96.4671,29.0223],[96.4357,29.0507],[96.3469,29.0274],[96.1622,28.9097],[96.1371,28.9226],[96.1414,28.9635],[96.1224,29.0821],[96.1809,29.1177],[96.2705,29.1612],[96.3397,29.2098],[96.3559,29.2491],[96.3372,29.261],[96.235,29.2458],[96.1947,29.2725],[96.1285,29.3814],[96.0796,29.4241],[96.0354,29.4472],[95.8851,29.3909],[95.7104,29.3138],[95.5158,29.2063],[95.517,29.1512],[95.4938,29.137],[95.4565,29.1023],[95.4202,29.0543],[95.3893,29.0374],[95.3531,29.0359],[95.2791,29.0496],[95.1447,29.1041],[94.9988,29.1492],[94.9675,29.144],[94.7694,29.1759],[94.7631,29.2013],[94.7334,29.2516],[94.6771,29.297],[94.623,29.3124],[94.4681,29.2162],[94.2933,29.1446],[94.1935,29.0599],[94.1115,28.9759],[94.0177,28.9595],[94.0133,28.9075],[93.9736,28.8608],[93.9022,28.8032],[93.7607,28.7298],[93.6649,28.6902],[93.3605,28.6541],[93.252,28.6295],[93.2065,28.5908],[93.1578,28.4927],[93.1192,28.4023],[93.035,28.3276],[92.8818,28.2281],[92.7019,28.1471],[92.6525,28.0934],[92.6435,28.0615],[92.6656,28.0499],[92.6875,28.0257],[92.6878,27.989],[92.6644,27.9489],[92.5467,27.8792],[92.4807,27.8459],[92.4148,27.8246],[92.341,27.8208],[92.2701,27.8302],[92.2505,27.8415],[92.2223,27.827],[92.1576,27.8123],[92.1013,27.8076],[91.9776,27.7304],[91.9094,27.7297],[91.8247,27.7464],[91.7126,27.7598],[91.6319,27.76],[91.6294,27.8009],[91.6419,27.9232],[91.6056,27.9517],[91.4934,27.9818],[91.3676,28.0216],[91.3068,28.064],[91.273,28.0784],[91.2259,28.0712],[91.1499,28.0268],[91.0777,27.9745],[91.0208,27.9701],[90.9625,27.9946],[90.9066,28.0265],[90.7157,28.0717],[90.6301,28.0786],[90.4773,28.0709],[90.3527,28.0802],[90.3331,28.094],[90.3338,28.1191],[90.3521,28.1682],[90.363,28.2165],[90.3482,28.2439],[90.2208,28.2777],[90.1045,28.3021],[89.9811,28.3112],[89.8979,28.2941],[89.8169,28.2563],[89.7498,28.1882],[89.6527,28.1583],[89.5369,28.1074],[89.4807,28.06],[89.3959,27.9582],[89.2727,27.8332],[89.1604,27.7113],[89.1023,27.5926],[89.0255,27.5179],[88.9476,27.464],[88.8914,27.3161],[88.8325,27.3628],[88.7648,27.4299],[88.749,27.5219],[88.8299,27.7674],[88.8488,27.8687],[88.8286,27.9073],[88.8037,28.0069],[88.7562,28.0397],[88.6211,28.0918],[88.5779,28.0934],[88.5316,28.0574],[88.4861,28.0345],[88.426,28.0117],[88.2752,27.9688],[88.1411,27.9489],[88.109,27.933],[88.0989,27.9045],[88.1098,27.8706],[88.0233,27.8834],[87.9334,27.8908],[87.8607,27.8861],[87.6827,27.8214],[87.6226,27.8152],[87.5553,27.8218],[87.4642,27.8238],[87.2907,27.8219],[87.1414,27.8383],[87.0201,27.9287],[86.9338,27.9685],[86.8424,27.9992],[86.7504,28.0221],[86.7196,28.0707],[86.6905,28.0949],[86.6145,28.103],[86.5545,28.0852],[86.5169,27.9635],[86.485,27.9396],[86.4087,27.9287],[86.3286,27.9595],[86.218,28.0221],[86.1742,28.0917],[86.137,28.1144],[86.0787,28.0836],[86.0755,27.9946],[86.0642,27.9347],[85.9945,27.9104],[85.9541,27.9282],[85.9217,27.9897],[85.8402,28.1354],[85.7595,28.2207],[85.6783,28.2774],[85.4106,28.276],[85.2121,28.2926],[85.1225,28.316],[85.0886,28.3723],[85.1215,28.4843],[85.1602,28.5719],[85.1591,28.5922],[85.1264,28.6026],[85.0691,28.6097],[84.8551,28.5536],[84.7969,28.5602],[84.7594,28.5792],[84.7143,28.5956],[84.6768,28.6215],[84.6506,28.6596],[84.4654,28.7529],[84.4107,28.8039],[84.3121,28.8681],[84.2287,28.9118],[84.1756,29.0364],[84.1278,29.1563],[84.1014,29.22],[84.022,29.2539],[83.9359,29.2795],[83.7904,29.2274],[83.6711,29.1876],[83.5835,29.1836],[83.4566,29.3063],[83.3552,29.4392],[83.2352,29.5546],[83.1555,29.6126],[83.014,29.6181],[82.8543,29.6834],[82.6408,29.8312],[82.4865,29.9415],[82.2207,30.0639],[82.159,30.1152],[82.1354,30.159],[82.0989,30.2451],[82.0434,30.3268],[81.8549,30.3624],[81.6419,30.3875],[81.4172,30.3376],[81.2551,30.0933],[81.1771,30.0399],[81.1104,30.0368],[81.0556,30.099],[81.0103,30.1645],[80.9854,30.2371],[80.8735,30.2906],[80.7468,30.3604],[80.6821,30.4148],[80.6089,30.4489],[80.541,30.4635],[80.4096,30.5095],[80.2609,30.5613],[80.1912,30.5684],[80.1862,30.6053],[80.2071,30.6837],[80.1943,30.7592],[80.1494,30.7898],[80.0814,30.7819],[79.9245,30.8888],[79.9186,30.8899],[79.9166,30.8942],[79.8719,30.9246],[79.7946,30.9683],[79.6643,30.9652],[79.5654,30.9491],[79.4932,30.9937],[79.3885,31.0642],[79.3696,31.0799],[79.3388,31.1057],[79.2326,31.2417],[79.1071,31.4026],[79.0438,31.4262],[79.0111,31.4141],[78.9739,31.3286],[78.946,31.3372],[78.8995,31.3313],[78.8445,31.3015],[78.7916,31.2937],[78.7578,31.3025],[78.7436,31.3238],[78.7586,31.4366],[78.7268,31.4718],[78.7551,31.5503],[78.8029,31.6181],[78.7539,31.6684],[78.6935,31.7404],[78.687,31.8055],[78.7197,31.8876],[78.7354,31.958],[78.7256,31.9838],[78.6777,32.023],[78.4959,32.2158],[78.4861,32.2362],[78.4553,32.3003],[78.4413,32.3974],[78.4175,32.4667],[78.3896,32.5199],[78.3917,32.5447],[78.4125,32.5577],[78.5264,32.5708],[78.6315,32.579],[78.7009,32.597],[78.7367,32.5584],[78.7535,32.4993],[78.7713,32.4681],[78.8379,32.412],[78.9189,32.3582],[78.9977,32.3651],[79.067,32.3882],[79.1273,32.4758],[79.1699,32.4972],[79.2193,32.5011],[79.219,32.5076],[79.2165,32.564],[79.2339,32.7031],[79.2279,32.7588],[79.2056,32.809],[79.2096,32.8648],[79.2022,32.946],[79.1455,33.0015],[79.1086,33.0227],[79.1028,33.0525],[79.1217,33.1081],[79.1352,33.1719],[79.1125,33.2263],[79.0665,33.2504],[79.0126,33.2915],[78.9484,33.3465],[78.9167,33.3868],[78.865,33.4311],[78.8019,33.4997],[78.7899,33.6503],[78.7838,33.8088],[78.7617,33.8876],[78.7267,34.0134],[78.7317,34.0556],[78.753,34.0877],[78.9317,34.189],[78.9706,34.2282],[78.977,34.2581],[78.9701,34.3026],[78.9364,34.352],[78.8648,34.3903],[78.7631,34.4529],[78.6708,34.5182],[78.5157,34.558],[78.327,34.6064],[78.282,34.6539],[78.2361,34.7698],[78.1585,34.9465],[78.0758,35.1349],[78.0122,35.251],[78.0092,35.3069],[78.0475,35.4494],[78.0427,35.4798],[78.0095,35.4902],[77.9459,35.4716],[77.8949,35.449],[77.8516,35.4608],[77.8109,35.4845],[77.8025,35.4928],[77.7994,35.4959],[77.724,35.4806],[77.5726,35.4718],[77.52,35.4734],[77.4465,35.4756],[77.2948,35.5082],[77.09,35.5521],[76.8789,35.6133],[76.7669,35.6617],[76.7275,35.6787],[76.6318,35.7294],[76.5635,35.773],[76.5513,35.8871],[76.5021,35.8782],[76.3857,35.8372],[76.2517,35.8109],[76.1778,35.8105],[76.1479,35.829],[76.1033,35.9492],[76.0709,35.983],[76.0104,35.9963],[75.9451,36.0176],[75.9123,36.049],[75.9049,36.0885],[75.9341,36.1339],[75.9687,36.1688],[75.9744,36.3824],[75.9519,36.4581],[75.933,36.5216],[75.885,36.6007],[75.8402,36.6497],[75.7722,36.6949],[75.6672,36.742],[75.5737,36.7593],[75.4603,36.725],[75.4242,36.7382],[75.3769,36.8837],[75.3467,36.9135],[75.1452,36.9732],[75.0539,36.9872],[74.9491,36.9684],[74.8893,36.9524],[74.8412,36.9791],[74.766,37.0127],[74.6922,37.0357],[74.6006,37.0367],[74.5414,37.0222],[74.5265,37.0307],[74.4979,37.0572],[74.3762,37.1374],[74.3722,37.1577],[74.559,37.2366],[74.6689,37.2667],[74.7267,37.2907],[74.739,37.2856],[74.7674,37.2492],[74.8402,37.225],[74.8913,37.2316],[74.9182,37.25],[75.0084,37.2936],[75.079,37.344],[75.1188,37.3857],[75.0975,37.4513],[74.9864,37.5304],[74.9158,37.5728],[74.8942,37.6014],[74.9123,37.6873],[74.9383,37.7725],[74.9213,37.805],[74.9003,37.8327],[74.8908,37.9258],[74.8425,38.0381],[74.7896,38.1036],[74.7751,38.1919],[74.7721,38.2748],[74.8359,38.4043],[74.8123,38.4603],[74.745,38.51],[74.5141,38.6],[74.2774,38.6598],[74.1873,38.6575],[74.1313,38.6612],[74.0653,38.6085],[74.0256,38.5398],[73.97,38.5337],[73.8691,38.5629],[73.8017,38.6069],[73.7541,38.6989],[73.7168,38.8172],[73.6961,38.8543],[73.7068,38.8862],[73.73,38.9147],[73.7945,38.9413],[73.8053,38.9687],[73.7956,39.0021],[73.7438,39.0445],[73.6904,39.1045],[73.6073,39.2292],[73.6231,39.2979],[73.6363,39.3967],[73.6316,39.4489],[73.7157,39.4623],[73.8229,39.489],[73.8728,39.5333],[73.9071,39.5785],[73.9146,39.6065],[73.8825,39.7146],[73.8397,39.7628],[73.8354,39.8001],[73.8563,39.8287],[73.8846,39.8779],[73.9388,39.9788],[73.9916,40.0431],[74.0205,40.0594],[74.0852,40.0743],[74.2427,40.092],[74.4119,40.1372],[74.6131,40.2722],[74.6799,40.3106],[74.7678,40.3299],[74.8305,40.3285],[74.8418,40.345],[74.8013,40.4285],[74.8111,40.4588],[74.8352,40.4826],[74.8656,40.4935],[75.0045,40.4495],[75.1113,40.4541],[75.241,40.4803],[75.5208,40.6275],[75.5556,40.6252],[75.5835,40.6053],[75.6174,40.5166],[75.656,40.3292],[75.6771,40.3058],[75.872,40.3032],[76.0043,40.3714],[76.0623,40.3875],[76.1566,40.3765],[76.2061,40.4084],[76.2583,40.4308],[76.3186,40.3522],[76.3964,40.3898],[76.4802,40.4495],[76.5209,40.5112],[76.5779,40.5779],[76.6222,40.6624],[76.6398,40.7422],[76.6611,40.7796],[76.7084,40.8181],[76.824,40.9823],[76.9077,41.0242],[76.9866,41.0392],[77.182,41.0107],[77.284,41.0144],[77.5817,40.9928],[77.7193,41.0243],[77.8152,41.0556],[77.9564,41.0507],[78.1234,41.0756],[78.3463,41.2814],[78.3488,41.3252],[78.3624,41.3716],[78.4429,41.4175],[78.5432,41.4596],[78.7426,41.5601],[79.1484,41.7191],[79.2936,41.7828],[79.3544,41.7811],[79.5039,41.821],[79.7661,41.8989],[79.8404,41.9958],[79.9097,42.015],[80.2162,42.0324],[80.2352,42.0435],[80.2462,42.0598],[80.2292,42.1298],[80.2094,42.19],[80.233,42.2078],[80.2591,42.2354],[80.2551,42.2742],[80.2058,42.3994],[80.1793,42.5184],[80.1619,42.6255],[80.165,42.6655],[80.2022,42.7345],[80.2503,42.7973],[80.424,42.8558],[80.539,42.8735],[80.5438,42.9117],[80.4507,42.9355],[80.3834,42.9738],[80.3713,42.9956],[80.3745,43.0204],[80.3902,43.0431],[80.507,43.0858],[80.617,43.1283],[80.7512,43.1025],[80.7777,43.1189],[80.7857,43.1616],[80.757,43.2043],[80.7298,43.2743],[80.6678,43.3101],[80.6654,43.353],[80.7038,43.4271],[80.6508,43.5642],[80.5935,43.6851],[80.496,43.8921],[80.4315,43.9518],[80.3958,44.0472],[80.3553,44.0973],[80.359,44.1713],[80.3653,44.2233],[80.3549,44.3265],[80.3363,44.4384],[80.3551,44.552],[80.391,44.6268],[80.3814,44.6554],[80.4006,44.6769],[80.4555,44.6841],[80.4815,44.7146],[80.4555,44.7461],[80.3608,44.7703],[80.2551,44.8081],[80.1278,44.8038],[79.9972,44.7972],[79.9321,44.8252],[79.8753,44.8608],[79.8719,44.8838],[79.9502,44.9441],[80.0592,45.0064],[80.2282,45.034],[80.4149,45.0751],[80.5092,45.105],[80.6348,45.1265],[80.7801,45.1355],[80.8533,45.1293],[81.0403,45.1691],[81.3348,45.2462],[81.6021,45.3108],[81.692,45.3494],[81.7589,45.3108],[81.7896,45.226],[81.8675,45.1821],[81.9449,45.1608],[81.9893,45.1619],[82.1228,45.1949],[82.2666,45.2191],[82.3234,45.2059],[82.3967,45.1625],[82.4787,45.1236],[82.5215,45.1255],[82.559,45.1554],[82.597,45.216],[82.6211,45.2931],[82.6258,45.3744],[82.6116,45.4243],[82.5825,45.4426],[82.4517,45.472],[82.3267,45.5199],[82.3122,45.5637],[82.3152,45.5949],[82.3481,45.6715],[82.4297,45.8119],[82.5117,46.0058],[82.5551,46.1587],[82.6922,46.3867],[82.8,46.6245],[82.9749,46.966],[83.0041,47.0335],[83.0201,47.1415],[83.0295,47.1859],[83.0903,47.2094],[83.1931,47.1866],[83.4436,47.1086],[83.6341,47.0432],[83.714,47.021],[83.8326,46.9979],[84.016,46.9705],[84.1221,46.9786],[84.2151,46.9947],[84.3389,46.9961],[84.5324,46.9758],[84.5923,46.975],[84.6666,46.9724],[84.7195,46.9394],[84.746,46.8644],[84.7861,46.8307],[84.8582,46.8432],[85.0122,46.9092],[85.1105,46.9612],[85.2335,47.0364],[85.3554,47.0467],[85.4848,47.0635],[85.5297,47.1008],[85.5772,47.1885],[85.6566,47.2546],[85.6698,47.3384],[85.6418,47.3974],[85.5866,47.4937],[85.5883,47.5585],[85.5616,47.7465],[85.526,47.9156],[85.5623,48.0519],[85.6264,48.204],[85.6516,48.2505],[85.6922,48.3118],[85.7494,48.3851],[85.8299,48.4081],[86.0562,48.4237],[86.2656,48.4545],[86.3726,48.4862],[86.4833,48.5054],[86.5494,48.5286],[86.6638,48.6355],[86.718,48.6972],[86.7578,48.8607],[86.7286,48.9394],[86.7531,49.0088],[86.8083,49.0497],[86.8859,49.0906],[86.938,49.0976],[87.0485,49.1099],[87.23,49.1059],[87.3229,49.0858],[87.4167,49.0766],[87.4762,49.0915],[87.5158,49.1224],[87.5766,49.1324],[87.6684,49.1472],[87.7625,49.1658],[87.8143,49.1623],[87.8252,49.1163],[87.8163,49.0803],[87.8347,49.0319],[87.8722,49.0001],[87.8599,48.9655],[87.8068,48.9455],[87.7547,48.9186],[87.7432,48.8816],[87.8092,48.8357],[87.8318,48.7916],[87.9422,48.7653],[88.0279,48.7356],[88.0601,48.7072],[88.0502,48.675],[88.0106,48.6404],[87.9723,48.6033],[87.9674,48.5811],[87.9797,48.5551],[88.0626,48.5378],[88.1582,48.5091],[88.31,48.4721],[88.414,48.4034],[88.5171,48.3845],[88.5668,48.3174],[88.576,48.2202],[88.6818,48.1706],[88.8383,48.1017],[88.9178,48.089],[88.9711,48.05],[89.0477,48.0025],[89.1156,47.9877],[89.1963,47.9809],[89.3299,48.0249],[89.4792,48.0291],[89.5609,48.004],[89.6385,47.9091],[89.6932,47.8792],[89.7256,47.8525],[89.7781,47.827],[89.8313,47.8233],[89.9104,47.8443],[89.9587,47.8863],[90.0279,47.8777],[90.0539,47.8505],[90.0666,47.8036],[90.1032,47.7454],[90.191,47.7021],[90.3133,47.6762],[90.3307,47.6552],[90.3475,47.597],[90.3807,47.5566],[90.4252,47.5041],[90.4675,47.4082],[90.4765,47.3288],[90.4962,47.2852],[90.5529,47.214],[90.6434,47.1003],[90.7155,47.0039],[90.799,46.9852],[90.8699,46.9545],[90.9105,46.8833],[90.9857,46.749],[90.9979,46.6611],[91.0043,46.5958],[91.0289,46.5661],[91.0339,46.529],[90.9715,46.388],[90.9183,46.3243],[90.9115,46.2707],[90.9476,46.1773],[90.9968,46.105],[91.0018,46.0358],[90.9598,45.9851],[90.8871,45.9216],[90.8524,45.8854],[90.7959,45.8535],[90.7097,45.7308],[90.6707,45.5952],[90.6618,45.5252],[90.6944,45.4747],[90.7496,45.4189],[90.7632,45.3707],[90.8532,45.2629],[90.8772,45.1961],[90.914,45.1939],[90.9536,45.2159],[91.05,45.2174],[91.1377,45.1939],[91.2218,45.1445],[91.3121,45.1181],[91.441,45.1248],[91.5101,45.0982],[91.5844,45.0765],[91.7378,45.0689],[91.8528,45.0693],[92.0298,45.0685],[92.1727,45.0353],[92.4238,45.0089],[92.5789,45.011],[92.7879,45.0357],[92.916,45.0202],[93.2943,44.9832],[93.5162,44.9445],[93.6564,44.901],[93.7553,44.8319],[93.8682,44.7242],[93.9579,44.675],[94.1993,44.6452],[94.3647,44.5195],[94.4943,44.4725],[94.712,44.3508],[94.866,44.3033],[95.0498,44.2594],[95.3503,44.2781],[95.3668,44.2615],[95.3437,44.1954],[95.3256,44.1049],[95.3256,44.0394],[95.3564,44.006],[95.4713,43.9862],[95.5256,43.954],[95.5672,43.8922],[95.5912,43.8536],[95.6873,43.6641],[95.842,43.3837],[95.8596,43.276],[95.9125,43.2065],[96.0803,43.0961],[96.1685,43.0145],[96.2995,42.9287],[96.3425,42.8493],[96.3523,42.7468],[96.3854,42.7204],[96.6253,42.7438],[96.833,42.7603],[97.2057,42.7898],[97.7189,42.7363],[98.2482,42.6845],[98.7163,42.6387],[98.9469,42.6162],[99.4679,42.5682],[99.7574,42.6294],[99.9838,42.6773],[100.0863,42.6708],[100.519,42.6168],[100.7726,42.5878],[101.092,42.5513],[101.3138,42.5379],[101.4953,42.5388],[101.5791,42.5235],[101.66,42.5],[101.7139,42.4658],[101.8799,42.2923],[101.9729,42.2159],[102.1566,42.1581],[102.5752,42.0921],[102.8068,42.052],[103.0729,42.006],[103.2479,41.9366],[103.4497,41.8559],[103.7111,41.7513],[103.9973,41.797],[104.3052,41.8461],[104.4982,41.877],[104.4982,41.6587],[104.7736,41.6412],[104.8604,41.6437],[104.982,41.5955],[105.0506,41.6159],[105.1154,41.6633],[105.1971,41.738],[105.3144,41.7709],[105.5171,41.8547],[105.5664,41.8751],[105.8676,41.994],[106.3172,42.1406],[106.5187,42.2116],[106.5791,42.2273],[106.6932,42.2636],[106.77,42.2887],[106.9061,42.3089],[107.0907,42.3215],[107.2924,42.3493],[107.7487,42.401],[107.806,42.4059],[108.0623,42.4272],[108.1712,42.4473],[108.334,42.4368],[108.5465,42.4293],[108.6873,42.4161],[108.8745,42.4265],[109.1316,42.4406],[109.3398,42.4384],[109.4432,42.456],[109.5955,42.5105],[109.698,42.5538],[109.8588,42.6063],[110.058,42.6606],[110.1969,42.71],[110.2889,42.7427],[110.4004,42.7737],[110.4296,42.8136],[110.4617,42.8441],[110.5209,42.8953],[110.6275,42.9905],[110.7086,43.0739],[110.7485,43.1108],[110.8396,43.1941],[110.9133,43.2569],[111.0072,43.3414],[111.0865,43.3687],[111.1868,43.392],[111.4511,43.4749],[111.5035,43.4928],[111.5474,43.4963],[111.6408,43.5632],[111.7197,43.6211],[111.7711,43.6646],[111.8781,43.6802],[111.9332,43.7114],[111.9429,43.7524],[111.9317,43.8149],[111.8803,43.8789],[111.8369,43.9347],[111.6838,44.0411],[111.6026,44.1071],[111.5197,44.1919],[111.4862,44.2716],[111.4296,44.3224],[111.4022,44.3673],[111.4109,44.4192],[111.4895,44.5116],[111.5147,44.5698],[111.5475,44.6729],[111.6213,44.8271],[111.6814,44.8992],[111.7511,44.9695],[111.898,45.0641],[112.0326,45.0816],[112.1129,45.0629],[112.2921,45.063],[112.4113,45.0582],[112.4993,45.0109],[112.5968,44.9177],[112.7067,44.8834],[113.0494,44.8104],[113.1961,44.7948],[113.301,44.7916],[113.4557,44.7674],[113.5079,44.7624],[113.587,44.7457],[113.6526,44.7635],[113.7521,44.8259],[113.8771,44.8962],[113.9309,44.9123],[114.0303,44.9426],[114.0803,44.9711],[114.1674,45.0499],[114.2811,45.1109],[114.4191,45.2026],[114.4873,45.2717],[114.5022,45.3163],[114.5172,45.3646],[114.5602,45.39],[114.6443,45.4133],[114.7388,45.4196],[114.9192,45.3783],[115.1626,45.3902],[115.2175,45.3962],[115.4395,45.42],[115.5395,45.4395],[115.6811,45.4583],[115.7892,45.5348],[115.9342,45.6262],[116.0396,45.677],[116.1099,45.6867],[116.1977,45.7394],[116.2406,45.796],[116.2291,45.8458],[116.213,45.8869],[116.2646,45.963],[116.3576,46.0966],[116.4448,46.1588],[116.5167,46.2091],[116.5626,46.2898],[116.6193,46.3131],[116.6889,46.322],[116.787,46.3767],[116.8591,46.3879],[116.9788,46.3618],[117.156,46.3551],[117.269,46.3522],[117.3334,46.362],[117.3569,46.3913],[117.3563,46.4367],[117.3922,46.5376],[117.4056,46.5709],[117.4381,46.5862],[117.5469,46.5883],[117.6205,46.552],[117.6711,46.5221],[117.7412,46.5182],[117.8135,46.5377],[117.9104,46.6193],[118.0713,46.6666],[118.1568,46.6786],[118.3087,46.717],[118.4044,46.7032],[118.5805,46.6919],[118.6487,46.7017],[118.7229,46.6919],[118.7903,46.7471],[118.8439,46.7602],[118.9571,46.7349],[119.0285,46.6922],[119.1621,46.6387],[119.3318,46.6138],[119.474,46.6267],[119.6202,46.604],[119.7066,46.606],[119.7475,46.6272],[119.8672,46.6722],[119.8959,46.7329],[119.8842,46.7915],[119.8979,46.8578],[119.8627,46.9066],[119.7885,46.9788],[119.7599,47.027],[119.7572,47.09],[119.7111,47.15],[119.6002,47.2225],[119.527,47.2559],[119.3767,47.3809],[119.326,47.4102],[119.3086,47.4307],[119.2908,47.4727],[119.2353,47.4926],[119.1624,47.5252],[119.1229,47.5585],[119.0973,47.6163],[119.0819,47.6542],[119.0176,47.6854],[118.9531,47.7029],[118.8803,47.7251],[118.76,47.7576],[118.6905,47.8223],[118.5678,47.9433],[118.4984,47.984],[118.2396,47.9995],[118.1471,48.0289],[118.0419,48.0189],[117.9792,47.9996],[117.8404,47.9999],[117.7684,47.9879],[117.6767,47.9083],[117.5554,47.8047],[117.4551,47.7414],[117.384,47.6757],[117.3508,47.6522],[117.2859,47.6664],[117.1971,47.7403],[117.0697,47.8064],[116.9517,47.8366],[116.9012,47.8531],[116.7605,47.8698],[116.652,47.8645],[116.5135,47.8396],[116.3782,47.844],[116.3172,47.8599],[116.2312,47.8582],[116.0748,47.7896],[115.9938,47.7113],[115.8982,47.6869],[115.8117,47.7382],[115.7117,47.7989],[115.6164,47.8748],[115.5576,47.945],[115.5251,48.1309],[115.6395,48.1862],[115.7855,48.2482],[115.7966,48.3463],[115.7917,48.4557],[115.8205,48.5772],[115.9538,48.6894],[116.0255,48.7823],[116.0344,48.84],[116.0982,48.9361],[116.1597,49.0375],[116.2434,49.1704],[116.4021,49.4062],[116.5897,49.6848],[116.6833,49.8238],[116.889,49.7378],[117.0217,49.693],[117.2456,49.6249],[117.4771,49.6094],[117.6984,49.5358],[117.8126,49.5135],[117.8734,49.5135],[118.1866,49.6928],[118.4516,49.8445],[118.756,49.9628],[118.9795,49.9789],[119.1475,50.0134],[119.2599,50.0664],[119.3261,50.1549],[119.3463,50.279],[119.3016,50.3539],[119.1919,50.3798],[119.1637,50.406],[119.2167,50.4325],[119.2559,50.4842],[119.2807,50.561],[119.344,50.6339],[119.4457,50.7028],[119.5018,50.7792],[119.5123,50.8631],[119.5734,50.9468],[119.685,51.0301],[119.746,51.1077],[119.7566,51.1795],[119.8132,51.267],[119.967,51.4221],[120.0669,51.6007],[120.237,51.723],[120.5105,51.8485],[120.6814,51.973],[120.7498,52.0965],[120.7445,52.2055],[120.6654,52.2999],[120.6504,52.3959],[120.6992,52.4936],[120.6562,52.5667],[120.5211,52.615],[120.3601,52.627],[120.1728,52.6025],[120.0676,52.6329],[120.0443,52.7182],[120.0945,52.7872],[120.2182,52.8399],[120.4213,52.9681],[120.7041,53.1718],[120.9854,53.2846],[121.4055,53.317],[121.7439,53.3836],[122.0889,53.4515],[122.3378,53.485],[122.3802,53.4625],[122.5158,53.457],[122.7447,53.4685],[122.9576,53.4977],[123.1541,53.5446],[123.3096,53.5556],[123.424,53.5308],[123.4895,53.5294],[123.5348,53.5265],[123.5598,53.5267],[123.6078,53.5465],[123.7409,53.511],[123.9947,53.4056],[124.1543,53.3587],[124.2199,53.3701],[124.2914,53.3409],[124.3691,53.2709],[124.4659,53.2296],[124.6398,53.2106],[124.8123,53.1338],[124.8821,53.1297],[124.9066,53.1727],[124.9709,53.1973],[125.075,53.2037],[125.2256,53.1658],[125.4225,53.0837],[125.546,53.0476],[125.596,53.0575],[125.649,53.0423],[125.6917,53.0037],[125.6953,52.9563],[125.6808,52.9308],[125.7281,52.8907],[125.7828,52.8907],[125.8719,52.8715],[125.9416,52.8007],[126.0043,52.7679],[126.0481,52.7395],[126.0561,52.7159],[126.0602,52.692],[126.0471,52.6735],[126.0232,52.643],[126.016,52.6102],[126.0459,52.5733],[126.1566,52.5466],[126.1944,52.5191],[126.2029,52.4838],[126.2376,52.4448],[126.3129,52.3998],[126.3417,52.362],[126.3242,52.3316],[126.3463,52.3062],[126.3835,52.2865],[126.3915,52.2145],[126.3948,52.173],[126.4556,52.1265],[126.4681,52.0313],[126.5105,51.9258],[126.6537,51.7813],[126.7008,51.703],[126.6887,51.6099],[126.7092,51.5663],[126.7745,51.5451],[126.8055,51.5057],[126.8018,51.448],[126.8273,51.4123],[126.8478,51.3742],[126.8338,51.3149],[126.8544,51.2614],[126.8877,51.2301],[126.9115,51.1723],[126.9248,51.1001],[127.0204,50.9859],[127.1982,50.8294],[127.307,50.708],[127.3469,50.6213],[127.3472,50.5501],[127.3082,50.4942],[127.3061,50.4535],[127.3408,50.4281],[127.3512,50.3936],[127.3372,50.3501],[127.3953,50.2986],[127.5902,50.209],[127.5123,50.0717],[127.4918,49.975],[127.5024,49.8734],[127.5508,49.8018],[127.6367,49.7602],[127.6901,49.7167],[127.7111,49.6715],[127.8143,49.6221],[127.9996,49.5686],[128.2371,49.5593],[128.5268,49.5942],[128.704,49.6001],[128.769,49.577],[128.791,49.5418],[128.7703,49.4947],[128.8193,49.4638],[128.9383,49.4489],[129.0203,49.4192],[129.0651,49.3747],[129.1201,49.3621],[129.1852,49.3814],[129.2484,49.3787],[129.3099,49.3539],[129.3501,49.3624],[129.3847,49.3895],[129.4407,49.3895],[129.4981,49.3888],[129.5337,49.3234],[129.5914,49.2867],[129.6711,49.2785],[129.7926,49.1989],[130.0371,48.9723],[130.196,48.8916],[130.3553,48.8664],[130.5531,48.8612],[130.6172,48.7732],[130.5656,48.6801],[130.5521,48.6025],[130.5973,48.5747],[130.6592,48.4834],[130.7469,48.4304],[130.7635,48.3884],[130.8043,48.3415],[130.7872,48.2546],[130.7121,48.1276],[130.7326,48.0192],[130.8486,47.9294],[130.9154,47.8429],[130.9328,47.7598],[130.9619,47.7093],[131.0027,47.6915],[131.1219,47.6977],[131.3193,47.7278],[131.4643,47.7226],[131.5567,47.682],[131.7853,47.6805],[132.1498,47.718],[132.3802,47.7295],[132.4763,47.715],[132.5619,47.7685],[132.6369,47.8901],[132.7072,47.9473],[132.7729,47.9401],[132.8771,47.9791],[133.0201,48.0644],[133.144,48.1057],[133.3012,48.1015],[133.4684,48.0972],[133.5732,48.133],[133.6718,48.2077],[133.8422,48.2737],[134.2059,48.3599],[134.2934,48.3734],[134.335,48.3688],[134.4562,48.3553],[134.5636,48.3217],[134.6652,48.2539],[134.6809,48.2104],[134.6693,48.1533],[134.6473,48.1202],[134.6054,48.0829],[134.566,48.0225],[134.5913,47.9752],[134.6503,47.8743],[134.6986,47.8014],[134.7523,47.7154],[134.7281,47.6845],[134.6958,47.6249],[134.5962,47.5239],[134.5419,47.4852],[134.4835,47.4474],[134.3825,47.4382],[134.3395,47.4295],[134.2908,47.4136],[134.2601,47.3777],[134.2252,47.3526],[134.1677,47.3022],[134.163,47.2587],[134.1893,47.1942],[134.2021,47.1281],[134.1369,47.069],[134.0864,46.9781],[134.0714,46.9508],[134.046,46.882],[134.0386,46.8582],[134.0227,46.7132],[133.9575,46.6143],[133.8666,46.4991],[133.8867,46.4306],[133.9027,46.3669],[133.8803,46.336],[133.8748,46.3091],[133.8613,46.2478],[133.8328,46.2243],[133.7502,46.1859],[133.7007,46.1397],[133.7111,46.0696],[133.6857,46.0089],[133.6479,45.9552],[133.608,45.9203],[133.5512,45.8978],[133.5131,45.8788],[133.4847,45.8104],[133.4758,45.7577],[133.4491,45.7051],[133.4656,45.6512],[133.4364,45.6047],[133.3555,45.5722],[133.3096,45.5531],[133.267,45.5453],[133.186,45.4948],[133.1134,45.3214],[133.0969,45.2205],[133.1135,45.1307],[133.0117,45.0746],[132.936,45.0299],[132.8888,45.046],[132.8387,45.0611],[132.7231,45.0806],[132.6656,45.0937],[132.549,45.1228],[132.363,45.16],[132.1813,45.2033],[132.0674,45.226],[131.9775,45.244],[131.9093,45.2737],[131.8519,45.3269],[131.7949,45.3053],[131.7421,45.2426],[131.654,45.2054],[131.614,45.1366],[131.5787,45.0836],[131.4875,45.0131],[131.4469,44.984],[131.2683,44.9361],[131.2279,44.9202],[131.0823,44.91],[131.033,44.8889],[130.9816,44.8443],[130.9678,44.8],[131.0039,44.7532],[131.0606,44.6597],[131.0869,44.5957],[131.1258,44.4692],[131.2553,44.0716],[131.2133,44.0029],[131.1742,43.7047],[131.1836,43.6509],[131.1801,43.5671],[131.1824,43.5056],[131.2092,43.4904],[131.2439,43.469],[131.2618,43.4331],[131.2573,43.3781],[131.2394,43.3376],[131.2119,43.2578],[131.1756,43.1422],[131.1355,43.0976],[131.109,43.0625],[131.0861,43.0381],[131.0835,42.9563],[131.0686,42.9022],[131.0056,42.8831],[130.9429,42.8518],[130.8686,42.8633],[130.8033,42.8568],[130.7225,42.8358],[130.5772,42.8116],[130.493,42.7791],[130.4527,42.7554],[130.4248,42.7271],[130.4199,42.6999],[130.4393,42.6855],[130.5206,42.6743],[130.5766,42.6232],[130.5845,42.5673],[130.527,42.5354],[130.4982,42.5705],[130.4503,42.5817],[130.3607,42.6309],[130.2956,42.685],[130.2467,42.7448],[130.2488,42.8726],[130.2403,42.8918],[130.1513,42.918],[130.1248,42.956],[130.0826,42.9742],[130.0223,42.9626],[129.977,42.9749],[129.9412,42.9957],[129.8982,42.9981],[129.861,42.9651],[129.8415,42.8942],[129.7792,42.7766],[129.7734,42.7055],[129.7465,42.6038],[129.7197,42.475],[129.6979,42.4481],[129.6279,42.4443],[129.6039,42.4359],[129.5676,42.3921],[129.5237,42.3847],[129.4849,42.4103],[129.4236,42.4359],[129.3658,42.4392],[129.3137,42.4136],[129.2525,42.3579],[129.2178,42.3127],[129.2054,42.2706],[129.1955,42.2185],[129.1337,42.1685],[129.0772,42.1424],[128.9606,42.0688],[128.9234,42.0382],[128.8398,42.0378],[128.749,42.0407],[128.6268,42.0209],[128.4272,42.0107],[128.3078,42.0256],[128.1602,42.0116],[128.0452,41.9875],[128.0287,41.9516],[128.0329,41.8985],[128.0561,41.8638],[128.0842,41.8406],[128.1319,41.7691],[128.1817,41.7],[128.2578,41.6554],[128.2893,41.6074],[128.2909,41.5628],[128.2549,41.5065],[128.2003,41.433],[128.1494,41.3877],[128.1112,41.3893],[128.0527,41.4156],[128.0131,41.4487],[127.9187,41.4611],[127.6877,41.44],[127.5722,41.4547],[127.517,41.4817],[127.4203,41.4838],[127.2708,41.5198],[127.1797,41.5313],[127.1367,41.5545],[127.1284,41.6074],[127.0854,41.6438],[127.0613,41.6874],[127.0069,41.742],[126.9548,41.7695],[126.9035,41.7811],[126.8473,41.748],[126.7877,41.7182],[126.7431,41.7249],[126.7216,41.7166],[126.697,41.6919],[126.6013,41.641],[126.5783,41.5943],[126.5401,41.4956],[126.5136,41.394],[126.4904,41.3581],[126.4515,41.3519],[126.4118,41.3213],[126.3287,41.2257],[126.2536,41.1378],[126.1445,41.0783],[126.0932,41.0237],[126.0668,40.9741],[125.9891,40.9046],[125.8749,40.8922],[125.784,40.872],[125.7283,40.8667],[125.6883,40.8387],[125.6592,40.7959],[125.6451,40.779],[125.5938,40.779],[125.5426,40.7426],[125.4169,40.6599],[125.3145,40.6446],[125.1859,40.5894],[125.0729,40.5475],[125.026,40.5239],[125.0134,40.4979],[124.9969,40.4647],[124.9423,40.4582],[124.8894,40.4598],[124.772,40.3837],[124.7124,40.3192],[124.4811,40.1816],[124.3866,40.1042],[124.3621,40.0041],[124.35,40.0116],[124.2675,39.9242],[124.1058,39.841],[123.7602,39.8224],[123.6509,39.8816],[123.6112,39.8408],[123.5807,39.7861],[123.49,39.7679],[123.3481,39.7629],[123.2689,39.7269],[123.2266,39.6866],[123.0322,39.6735],[122.9609,39.6199],[122.84,39.6008],[122.3349,39.3661],[122.225,39.2673],[122.1209,39.1519],[122.0477,39.0938],[121.9823,39.0532],[121.9227,39.0365],[121.8644,38.9965],[121.8052,38.9914],[121.7448,39.0097],[121.6772,39.0034],[121.6328,38.9548],[121.6704,38.8918],[121.6499,38.8651],[121.5172,38.8308],[121.3201,38.8082],[121.2363,38.7669],[121.2074,38.7435],[121.1636,38.7316],[121.1217,38.8133],[121.1067,38.9208],[121.1883,38.9467],[121.2633,38.9603],[121.6799,39.1087],[121.6276,39.2202],[121.6646,39.2687],[121.7578,39.3476],[121.8185,39.3865],[121.7854,39.4008],[121.5125,39.3749],[121.3557,39.3768],[121.2755,39.3848],[121.2998,39.4522],[121.2863,39.5194],[121.2675,39.5447],[121.4064,39.6212],[121.4695,39.6401],[121.5176,39.639],[121.5143,39.6853],[121.4742,39.7549],[121.5174,39.8448],[121.801,39.9505],[121.8689,40.0464],[121.9828,40.1358],[122.1909,40.3583],[122.2033,40.396],[122.2639,40.5002],[122.275,40.5418],[122.1787,40.6027],[122.1404,40.6882],[121.8588,40.8421],[121.8349,40.9743],[121.8086,40.9685],[121.7656,40.8759],[121.7293,40.8461],[121.5989,40.8434],[121.5371,40.8784],[121.1745,40.9013],[121.0859,40.8416],[121.0029,40.7491],[120.9223,40.6831],[120.8413,40.6492],[120.7707,40.5891],[120.4791,40.231],[120.3689,40.2039],[119.8504,39.9875],[119.5911,39.9026],[119.3911,39.7525],[119.3224,39.6616],[119.2613,39.5609],[119.2246,39.4081],[119.0401,39.2224],[118.977,39.1826],[118.9123,39.1664],[118.8265,39.1721],[118.7524,39.1605],[118.6264,39.1769],[118.472,39.118],[118.2979,39.0671],[118.1479,39.1951],[118.0409,39.2268],[117.8657,39.1913],[117.7847,39.1345],[117.6167,38.8529],[117.5538,38.6915],[117.5578,38.6251],[117.6561,38.4242],[117.7667,38.3117],[118.0149,38.1834],[118.5433,38.0949],[118.6671,38.1264],[118.8,38.1267],[118.94,38.0428],[119.0275,37.904],[119.0356,37.8092],[119.0385,37.7765],[119.0703,37.7486],[119.0892,37.7007],[119.0335,37.661],[118.9908,37.6414],[118.9549,37.4941],[118.9526,37.3312],[118.9981,37.2771],[119.1118,37.2012],[119.2874,37.1383],[119.4499,37.1248],[119.7605,37.1551],[119.8875,37.2534],[119.88,37.2958],[119.8829,37.3508],[120.1559,37.495],[120.3115,37.6227],[120.2871,37.6565],[120.2572,37.679],[120.2847,37.6921],[120.3701,37.701],[120.75,37.8339],[121.049,37.7252],[121.2195,37.6001],[121.3881,37.579],[121.5053,37.515],[121.6402,37.4604],[121.8164,37.4566],[121.9648,37.4453],[122.0102,37.4958],[122.0566,37.5289],[122.1096,37.5223],[122.1691,37.4562],[122.3377,37.4053],[122.4933,37.408],[122.6023,37.4264],[122.667,37.4028],[122.5733,37.3179],[122.5873,37.1811],[122.5155,37.1378],[122.4467,37.0681],[122.4874,37.0223],[122.5234,37.0026],[122.5197,36.9468],[122.457,36.9151],[122.3409,36.8322],[122.2742,36.8338],[122.2423,36.8499],[122.2197,36.8795],[122.2032,36.9272],[122.1624,36.9586],[122.0495,36.9708],[121.9327,36.9595],[121.6696,36.8364],[121.4131,36.7384],[121.144,36.6604],[121.0538,36.6114],[120.9899,36.5979],[120.8785,36.6352],[120.8108,36.6328],[120.7967,36.6072],[120.8826,36.5389],[120.905,36.4853],[120.8958,36.4441],[120.8471,36.4261],[120.7762,36.4563],[120.7115,36.4133],[120.6822,36.3407],[120.681,36.1684],[120.6379,36.1299],[120.5193,36.1087],[120.3931,36.0539],[120.3482,36.0792],[120.3303,36.1101],[120.3435,36.1895],[120.3277,36.2282],[120.2701,36.2262],[120.1833,36.2024],[120.117,36.1503],[120.0941,36.1189],[120.1814,36.0175],[120.2647,36.0072],[120.2848,35.9844],[120.219,35.9349],[120.0547,35.8611],[120.0274,35.7994],[119.9787,35.7402],[119.9117,35.6932],[119.8662,35.6437],[119.8105,35.6177],[119.7197,35.5887],[119.6084,35.4699],[119.5265,35.3586],[119.4297,35.3014],[119.3528,35.1138],[119.2158,35.0118],[119.1653,34.8488],[119.201,34.7484],[119.3514,34.7494],[119.4268,34.7142],[119.5829,34.5822],[119.7697,34.4962],[119.9637,34.4478],[120.2015,34.3257],[120.2667,34.274],[120.3227,34.169],[120.4257,33.8663],[120.4998,33.7165],[120.5048,33.6382],[120.6156,33.4905],[120.7345,33.2366],[120.8711,33.0165],[120.8974,32.8432],[120.853,32.7641],[120.8532,32.6614],[120.9899,32.567],[121.2934,32.4573],[121.3417,32.425],[121.401,32.3719],[121.4039,32.2062],[121.4508,32.1533],[121.4905,32.1211],[121.6742,32.051],[121.7511,31.9929],[121.8324,31.8998],[121.8563,31.8165],[121.8663,31.7036],[121.7636,31.6995],[121.6809,31.7122],[121.352,31.8588],[121.2664,31.8627],[121.1458,31.8423],[120.9735,31.8694],[120.7917,32.0317],[120.6605,32.0811],[120.5201,32.1059],[120.1841,31.9662],[120.0987,31.976],[120.0739,31.9603],[120.0359,31.9363],[120.1916,31.9063],[120.3475,31.9521],[120.4972,32.0198],[120.7155,31.9837],[120.7522,31.9229],[120.7878,31.8198],[120.9375,31.7502],[121.0554,31.7194],[121.2049,31.6281],[121.351,31.4854],[121.6606,31.3197],[121.7859,31.1629],[121.8345,31.0616],[121.8779,30.917],[121.7694,30.8704],[121.6752,30.8638],[121.5275,30.841],[121.4189,30.7898],[121.31,30.6997],[120.9977,30.5583],[120.9383,30.4697],[120.8975,30.3926],[120.8215,30.3546],[120.63,30.3909],[120.4498,30.3878],[120.2455,30.2835],[120.1946,30.2413],[120.2285,30.2496],[120.2605,30.263],[120.3525,30.2474],[120.4945,30.3031],[120.6334,30.1332],[120.9045,30.1606],[121.1594,30.3018],[121.258,30.3041],[121.3406,30.2824],[121.4327,30.2267],[121.6779,29.9791],[121.8123,29.9521],[121.9443,29.8941],[122.0173,29.8877],[122.0829,29.8704],[121.9058,29.7797],[121.6766,29.5838],[121.5746,29.537],[121.5062,29.4846],[121.6904,29.511],[121.8219,29.6046],[121.888,29.6278],[121.9412,29.6059],[121.9684,29.4906],[121.9178,29.135],[121.8535,29.1289],[121.7908,29.2257],[121.7175,29.2563],[121.656,29.2361],[121.5337,29.2367],[121.4871,29.1932],[121.4477,29.1313],[121.5209,29.1185],[121.6649,29.0106],[121.6797,28.9531],[121.641,28.9159],[121.54,28.9319],[121.6625,28.8514],[121.6301,28.7679],[121.5903,28.7348],[121.5191,28.7137],[121.4752,28.6414],[121.5381,28.5211],[121.6021,28.3666],[121.61,28.2921],[121.51,28.3243],[121.3546,28.2299],[121.2723,28.2221],[121.2168,28.3462],[121.1457,28.3267],[121.0984,28.2905],[121.0354,28.1573],[120.9586,28.037],[120.8925,28.0039],[120.813,28.0134],[120.7477,28.01],[120.7635,27.9774],[120.833,27.9378],[120.833,27.8915],[120.6852,27.7446],[120.6613,27.6879],[120.6648,27.6395],[120.5875,27.5808],[120.6291,27.4821],[120.6075,27.4124],[120.5398,27.3184],[120.4687,27.2563],[120.3846,27.1555],[120.2787,27.0971],[120.1386,26.8861],[120.0975,26.7807],[120.0867,26.6716],[120.043,26.6338],[119.9678,26.5864],[119.8822,26.6104],[119.8795,26.683],[119.8424,26.6893],[119.8213,26.7369],[119.8151,26.7976],[119.8242,26.8464],[119.7887,26.8315],[119.7667,26.7747],[119.7104,26.7287],[119.6516,26.7473],[119.5882,26.785],[119.5899,26.7305],[119.6236,26.6759],[119.6382,26.6212],[119.726,26.6094],[119.7848,26.5466],[119.8312,26.4502],[119.8403,26.4142],[119.8765,26.3709],[119.8811,26.3342],[119.7973,26.3001],[119.6927,26.2364],[119.5671,26.1273],[119.4631,26.0547],[119.3697,26.0541],[119.3131,26.0625],[119.2321,26.1044],[119.1395,26.1218],[119.2638,25.9748],[119.332,25.9487],[119.4178,25.9543],[119.5009,26.0092],[119.6188,26.0036],[119.6482,25.9187],[119.6169,25.8229],[119.5528,25.6987],[119.5395,25.5913],[119.6191,25.4375],[119.6225,25.3912],[119.5928,25.368],[119.4992,25.4086],[119.4218,25.4596],[119.3438,25.4463],[119.2631,25.468],[119.1801,25.4498],[119.1463,25.4143],[119.1693,25.3557],[119.2436,25.307],[119.2855,25.2322],[119.2355,25.206],[119.0246,25.2234],[118.9775,25.2093],[118.9145,25.1268],[118.9557,25.0048],[118.9091,24.9289],[118.8221,24.9111],[118.7075,24.8498],[118.6369,24.8355],[118.6402,24.8091],[118.6918,24.7823],[118.7191,24.7461],[118.657,24.6214],[118.5604,24.5804],[118.412,24.6007],[118.2953,24.5728],[118.1945,24.6258],[118.0871,24.627],[118.0139,24.5599],[118.006,24.482],[117.9351,24.4742],[117.8969,24.4798],[117.8427,24.4743],[117.8482,24.4325],[117.879,24.3959],[118.0242,24.3796],[118.0506,24.3271],[118.0561,24.2461],[117.9041,24.1064],[117.8395,24.0123],[117.7417,24.0148],[117.6679,23.9393],[117.6282,23.8367],[117.5792,23.857],[117.4664,23.8406],[117.4331,23.7917],[117.4596,23.7715],[117.4622,23.7362],[117.417,23.621],[117.3677,23.5886],[117.3467,23.6357],[117.3308,23.7088],[117.2908,23.7144],[117.225,23.647],[117.1481,23.5988],[117.0825,23.5788],[117.0328,23.6234],[116.9106,23.6467],[116.8609,23.4531],[116.7596,23.3825],[116.7121,23.3605],[116.6294,23.3539],[116.6823,23.3274],[116.6988,23.2778],[116.6691,23.2282],[116.5864,23.2183],[116.5383,23.1797],[116.5198,23.0066],[116.4707,22.9459],[116.3455,22.9411],[116.2519,22.9813],[116.2221,22.9496],[116.2063,22.9187],[116.1574,22.8875],[116.0626,22.8791],[115.8521,22.8016],[115.7559,22.8239],[115.6404,22.8534],[115.5611,22.8247],[115.5347,22.7652],[115.4983,22.7188],[115.3825,22.7188],[115.2899,22.776],[115.1958,22.8173],[115.0915,22.7817],[115.0121,22.7089],[114.9145,22.6846],[114.8964,22.6395],[114.8538,22.6168],[114.7504,22.6263],[114.7111,22.7387],[114.6517,22.7553],[114.5928,22.6984],[114.572,22.6541],[114.5444,22.6206],[114.5542,22.5289],[114.4962,22.5271],[114.4201,22.5833],[114.3406,22.5932],[114.266,22.541],[114.2282,22.554],[114.1882,22.565],[114.1229,22.565],[114.0979,22.5513],[114.0504,22.543],[114.0183,22.5145],[114.0154,22.5119],[113.9312,22.5311],[113.8283,22.6072],[113.7545,22.7336],[113.6611,22.8017],[113.6196,22.8614],[113.6034,22.9689],[113.5863,23.02],[113.5922,23.077],[113.6205,23.1275],[113.5197,23.1021],[113.4453,23.0551],[113.4604,22.9957],[113.4419,22.9406],[113.3311,22.912],[113.3378,22.8888],[113.3448,22.8646],[113.432,22.7894],[113.4498,22.7261],[113.4848,22.6924],[113.553,22.594],[113.5515,22.4042],[113.5889,22.3505],[113.5765,22.2973],[113.5491,22.2252],[113.5468,22.2241],[113.5271,22.2459],[113.4941,22.2416],[113.4811,22.2175],[113.4789,22.1956],[113.4734,22.1944],[113.4157,22.1784],[113.3674,22.1648],[113.3277,22.1454],[113.2664,22.0888],[113.149,22.075],[113.0888,22.208],[113.0082,22.1193],[112.9838,21.9382],[112.9539,21.9073],[112.9038,21.8814],[112.8086,21.9446],[112.7254,21.9023],[112.6607,21.8595],[112.6341,21.8199],[112.5863,21.7769],[112.4947,21.8183],[112.4213,21.8806],[112.4395,21.9273],[112.4293,21.9581],[112.3961,21.9813],[112.3597,21.978],[112.3774,21.9175],[112.3897,21.8012],[112.3564,21.7676],[112.305,21.7417],[112.1934,21.7631],[112.1172,21.8065],[112.0252,21.843],[111.9439,21.8497],[111.9265,21.7763],[111.8734,21.7171],[111.8246,21.7098],[111.776,21.7192],[111.7119,21.6552],[111.6816,21.6085],[111.6027,21.5591],[111.3924,21.5351],[111.3191,21.4861],[111.2206,21.4939],[111.1442,21.4822],[111.1006,21.4847],[111.0611,21.511],[111.0169,21.5117],[110.9968,21.4303],[110.878,21.3959],[110.7711,21.3865],[110.6521,21.2791],[110.5672,21.2141],[110.5043,21.2074],[110.458,21.2306],[110.4346,21.3269],[110.4109,21.3381],[110.3975,21.2477],[110.3746,21.1724],[110.3312,21.1313],[110.1936,21.0376],[110.154,20.9446],[110.1804,20.8586],[110.3654,20.8376],[110.3885,20.7905],[110.3705,20.7521],[110.3262,20.7199],[110.3131,20.6717],[110.5115,20.5183],[110.5176,20.46],[110.4869,20.4269],[110.4495,20.3554],[110.3447,20.2948],[110.1231,20.2637],[109.9385,20.2951],[109.8825,20.3641],[109.8858,20.4131],[109.9316,20.3989],[109.9839,20.4033],[109.9684,20.4481],[109.9464,20.4744],[109.861,20.5143],[109.792,20.6219],[109.8053,20.7115],[109.7674,20.7807],[109.7263,20.8388],[109.6848,20.8736],[109.6626,20.9169],[109.7045,21.0527],[109.6813,21.1316],[109.7602,21.2284],[109.7796,21.3375],[109.9211,21.3765],[109.9308,21.4806],[109.8296,21.4836],[109.7594,21.5601],[109.7434,21.528],[109.6869,21.5246],[109.5943,21.672],[109.5664,21.6906],[109.5215,21.6934],[109.544,21.5379],[109.4355,21.4795],[109.3467,21.454],[109.2204,21.4434],[109.1486,21.4255],[109.0815,21.4403],[109.0981,21.4874],[109.1335,21.5436],[109.1018,21.5905],[109.0306,21.6265],[108.9218,21.6244],[108.8464,21.6345],[108.7717,21.6305],[108.7439,21.6513],[108.6745,21.7247],[108.6158,21.7705],[108.5894,21.816],[108.6158,21.8689],[108.5938,21.901],[108.4799,21.9046],[108.4809,21.8288],[108.4926,21.7394],[108.5257,21.6714],[108.5021,21.6334],[108.4443,21.6073],[108.3828,21.6792],[108.3546,21.6969],[108.3248,21.6935],[108.3021,21.6219],[108.2463,21.5584],[108.1456,21.5652],[108.0674,21.526],[107.9727,21.508]]],[[[110.8888,19.9919],[110.9383,19.9476],[110.9707,19.8833],[110.9977,19.7647],[111.0137,19.6555],[110.9127,19.5861],[110.8223,19.5579],[110.6409,19.2912],[110.6031,19.207],[110.5722,19.1719],[110.5625,19.1352],[110.566,19.0985],[110.5193,18.9702],[110.4776,18.8126],[110.4513,18.7479],[110.3995,18.6983],[110.3337,18.6733],[110.2908,18.6695],[110.2518,18.6558],[110.1562,18.5698],[110.0485,18.5052],[110.0664,18.4756],[110.0674,18.4476],[110.0202,18.4163],[109.9677,18.4221],[109.8156,18.3967],[109.7598,18.3483],[109.7027,18.2591],[109.6811,18.2471],[109.5896,18.2263],[109.5193,18.2183],[109.4001,18.2811],[109.3409,18.2996],[109.1832,18.3251],[109.0299,18.3678],[108.9223,18.4161],[108.7016,18.5353],[108.6761,18.7502],[108.6381,18.8663],[108.6356,18.9077],[108.65,19.265],[108.6655,19.3041],[108.6936,19.3383],[108.791,19.4182],[108.9028,19.4813],[109.0629,19.6136],[109.1791,19.6741],[109.2767,19.7611],[109.2195,19.7575],[109.1774,19.7685],[109.2189,19.8428],[109.2635,19.8827],[109.3148,19.9044],[109.4182,19.8888],[109.5137,19.9042],[109.5843,19.9703],[109.6514,19.9844],[109.9062,19.9627],[110.083,19.9929],[110.1716,20.0537],[110.2134,20.0561],[110.3439,20.0388],[110.3923,19.9756],[110.388,20.018],[110.3936,20.0592],[110.4176,20.0547],[110.5882,19.9764],[110.5888,20.0725],[110.5983,20.0976],[110.6518,20.1377],[110.6785,20.1371],[110.7445,20.0595],[110.8091,20.0144],[110.8888,19.9919]]]]}},{"type":"Feature","properties":{"isoName":"AUS","fullName":"Australia","alternativeNames":[],"centreCoords":[-25,135],"capitalCity":"Canberra"},"geometry":{"type":"MultiPolygon","coordinates":[[[[143.1789,-11.9545],[143.1529,-12.0759],[143.1047,-12.1696],[143.099,-12.226],[143.1103,-12.3035],[143.1906,-12.3612],[143.2541,-12.3977],[143.2896,-12.4988],[143.4016,-12.6399],[143.3976,-12.7361],[143.4577,-12.8558],[143.512,-13.0945],[143.5295,-13.3038],[143.5866,-13.4437],[143.5484,-13.741],[143.5893,-13.8628],[143.6434,-13.9637],[143.7072,-14.1646],[143.7563,-14.3488],[143.8224,-14.4011],[143.9618,-14.4629],[144.1059,-14.3945],[144.2099,-14.302],[144.3217,-14.2794],[144.473,-14.2318],[144.5864,-14.3547],[144.648,-14.4925],[144.9157,-14.6743],[145.0645,-14.791],[145.18,-14.8569],[145.2877,-14.9432],[145.277,-15.0294],[145.2517,-15.0975],[145.2762,-15.2039],[145.2931,-15.3272],[145.2716,-15.4767],[145.3495,-15.7016],[145.3754,-15.8811],[145.458,-16.0564],[145.4519,-16.2369],[145.4364,-16.305],[145.4261,-16.4062],[145.4904,-16.5321],[145.5499,-16.6251],[145.6383,-16.7261],[145.7548,-16.8795],[145.8379,-16.9104],[145.9121,-16.9125],[145.902,-17.0702],[146.0498,-17.3811],[146.1259,-17.6353],[146.074,-17.9773],[146.0229,-18.1758],[146.0322,-18.2729],[146.223,-18.5099],[146.3332,-18.5537],[146.3117,-18.6667],[146.2969,-18.8412],[146.3834,-18.9771],[146.4812,-19.0787],[146.5873,-19.1395],[146.692,-19.1874],[146.829,-19.2357],[147.0026,-19.2561],[147.0928,-19.3326],[147.1388,-19.3932],[147.2781,-19.4142],[147.3415,-19.4029],[147.4186,-19.3781],[147.4709,-19.4193],[147.5098,-19.4741],[147.586,-19.6228],[147.7424,-19.7701],[147.8532,-19.7947],[147.9156,-19.8692],[148.0045,-19.8896],[148.0811,-19.8986],[148.1896,-19.9559],[148.3669,-20.0875],[148.5268,-20.1089],[148.6005,-20.1452],[148.7594,-20.2896],[148.821,-20.3664],[148.8848,-20.4809],[148.8051,-20.4917],[148.73,-20.4678],[148.6837,-20.5802],[148.7895,-20.7356],[148.9124,-20.8452],[149.0605,-20.9611],[149.2049,-21.1251],[149.2414,-21.2502],[149.2803,-21.2995],[149.3293,-21.4761],[149.4541,-21.5787],[149.4601,-21.7654],[149.524,-22.0236],[149.5957,-22.2576],[149.6453,-22.3283],[149.7039,-22.4405],[149.7716,-22.4263],[149.8225,-22.3898],[149.9203,-22.5014],[149.9744,-22.5507],[150.0056,-22.5216],[149.9419,-22.3081],[149.9812,-22.1843],[150.0206,-22.1684],[150.0762,-22.1645],[150.143,-22.2654],[150.2349,-22.3729],[150.4051,-22.4689],[150.5413,-22.5591],[150.5796,-22.5558],[150.5644,-22.4861],[150.5686,-22.384],[150.6229,-22.3673],[150.6725,-22.4182],[150.7639,-22.5762],[150.7828,-22.9029],[150.783,-23.1766],[150.8432,-23.458],[150.9311,-23.5319],[150.9888,-23.6018],[151.0877,-23.6961],[151.1538,-23.7841],[151.2363,-23.825],[151.5008,-24.0124],[151.5754,-24.0336],[151.6909,-24.0384],[151.8316,-24.1229],[151.9027,-24.201],[152.0554,-24.4944],[152.1299,-24.5976],[152.282,-24.6993],[152.3531,-24.7325],[152.4563,-24.8024],[152.4932,-24.904],[152.5021,-24.964],[152.5633,-25.0721],[152.6543,-25.202],[152.7892,-25.2741],[152.9135,-25.4321],[152.9205,-25.6886],[152.985,-25.8162],[153.0282,-25.8703],[153.1255,-25.9227],[153.1649,-25.9642],[153.0842,-26.3038],[153.1621,-26.9827],[153.1168,-27.1944],[153.1979,-27.4047],[153.3857,-27.7686],[153.4284,-27.8977],[153.4549,-28.0483],[153.5757,-28.2405],[153.5691,-28.5334],[153.6169,-28.673],[153.6046,-28.8545],[153.4622,-29.0502],[153.348,-29.2904],[153.347,-29.4966],[153.2724,-29.8925],[153.2238,-29.9986],[153.1882,-30.1639],[153.0306,-30.5634],[153.0237,-30.7201],[153.0479,-30.9071],[153.0216,-31.0866],[152.9822,-31.2088],[152.9439,-31.4349],[152.7858,-31.7863],[152.5593,-32.0457],[152.5453,-32.2431],[152.5166,-32.3302],[152.4704,-32.4391],[152.3313,-32.5575],[152.2475,-32.6087],[152.2157,-32.6781],[152.1365,-32.6781],[152.1346,-32.6999],[152.1881,-32.7217],[152.1643,-32.7574],[151.9543,-32.8203],[151.8129,-32.9011],[151.6684,-33.0986],[151.6077,-33.2019],[151.5301,-33.301],[151.4838,-33.3475],[151.4634,-33.3974],[151.432,-33.5216],[151.3575,-33.5439],[151.2921,-33.581],[151.3228,-33.6993],[151.2884,-33.8349],[151.2803,-33.9267],[151.2446,-33.9851],[151.2017,-33.9641],[151.1679,-33.9734],[151.1248,-34.0053],[151.1912,-34.0152],[151.2315,-34.0297],[151.0899,-34.1625],[150.9604,-34.2971],[150.9274,-34.3866],[150.8713,-34.4991],[150.8219,-34.7492],[150.7811,-34.8922],[150.8092,-34.9938],[150.8046,-35.0129],[150.7746,-35.0204],[150.7561,-35.0071],[150.6974,-35.0419],[150.681,-35.0767],[150.7057,-35.1197],[150.7222,-35.1346],[150.7146,-35.1552],[150.6903,-35.1777],[150.6345,-35.1776],[150.5675,-35.2143],[150.3741,-35.5842],[150.2922,-35.6823],[150.1953,-35.8336],[150.1585,-35.9706],[150.1289,-36.1204],[150.0953,-36.3727],[150.0628,-36.5504],[149.9882,-36.7228],[149.9603,-36.8455],[149.9506,-37.0803],[149.9863,-37.2584],[149.9629,-37.353],[149.9623,-37.4438],[149.9327,-37.5285],[149.8094,-37.5479],[149.709,-37.617],[149.5654,-37.73],[149.4809,-37.7712],[149.2984,-37.8021],[148.9439,-37.7885],[148.2625,-37.8307],[148.1307,-37.8561],[147.8768,-37.9342],[147.6314,-38.0557],[147.3956,-38.2191],[146.8568,-38.6635],[146.4357,-38.7118],[146.3562,-38.7118],[146.2926,-38.6998],[146.2175,-38.7274],[146.2162,-38.7827],[146.2855,-38.8402],[146.3366,-38.8942],[146.427,-38.8196],[146.4666,-38.8403],[146.4816,-38.9779],[146.4838,-39.065],[146.4566,-39.1123],[146.4,-39.1455],[146.34,-39.1238],[146.332,-39.0767],[146.2543,-38.9645],[146.1584,-38.8657],[146.0699,-38.8341],[146.0182,-38.8671],[145.9354,-38.9018],[145.8655,-38.776],[145.7908,-38.667],[145.6919,-38.6557],[145.6063,-38.6568],[145.5354,-38.6097],[145.3973,-38.5354],[145.4242,-38.4773],[145.4628,-38.4163],[145.5422,-38.3938],[145.5184,-38.3114],[145.4758,-38.2437],[145.3664,-38.2257],[145.2928,-38.2376],[145.2489,-38.2912],[145.1912,-38.3836],[144.9596,-38.5008],[144.8473,-38.4363],[144.7178,-38.3403],[144.7803,-38.3474],[144.9114,-38.344],[145.0201,-38.2584],[145.067,-38.2049],[145.1199,-38.0913],[145.0496,-38.0109],[144.9849,-37.9522],[144.8913,-37.8998],[144.5385,-38.0771],[144.4653,-38.1025],[144.3955,-38.1369],[144.5178,-38.1664],[144.5895,-38.1576],[144.6652,-38.21],[144.5437,-38.2841],[144.4479,-38.3037],[144.3287,-38.3482],[144.1016,-38.4623],[143.8117,-38.6988],[143.6867,-38.7669],[143.539,-38.8209],[143.3385,-38.7578],[143.2265,-38.7432],[143.0826,-38.6459],[142.8402,-38.5809],[142.6121,-38.4517],[142.4559,-38.3863],[142.3445,-38.3722],[142.1877,-38.3994],[141.9247,-38.2838],[141.725,-38.2714],[141.5939,-38.3878],[141.4918,-38.3798],[141.4242,-38.3635],[141.2139,-38.172],[141.0109,-38.077],[140.6272,-38.0284],[140.3904,-37.8967],[140.2121,-37.6422],[139.8748,-37.3521],[139.7843,-37.2458],[139.7423,-37.1417],[139.7385,-37.0596],[139.7839,-36.9026],[139.8466,-36.748],[139.8573,-36.6621],[139.729,-36.3714],[139.5487,-36.0967],[139.4659,-36.0104],[139.2449,-35.8273],[139.0377,-35.6893],[138.9851,-35.6176],[138.9689,-35.5808],[139.0669,-35.5984],[139.1125,-35.5423],[139.178,-35.523],[139.2306,-35.5977],[139.2895,-35.6113],[139.2921,-35.4859],[139.3251,-35.4267],[139.3025,-35.3994],[139.2825,-35.3754],[139.1928,-35.3473],[139.0938,-35.3896],[139.0177,-35.4433],[138.9152,-35.4889],[138.8753,-35.5368],[138.771,-35.5384],[138.7297,-35.5508],[138.5219,-35.6424],[138.3893,-35.6447],[138.1844,-35.6127],[138.2521,-35.4865],[138.3329,-35.4117],[138.3998,-35.3258],[138.5111,-35.0244],[138.4899,-34.7636],[138.4362,-34.6562],[138.2644,-34.4403],[138.1862,-34.3072],[138.0893,-34.1698],[138.0413,-34.2498],[138.0123,-34.3341],[137.9192,-34.4561],[137.8741,-34.7274],[137.6917,-35.143],[137.5664,-35.148],[137.4596,-35.1313],[137.2724,-35.1787],[137.1444,-35.2364],[137.0299,-35.2365],[136.9666,-35.2549],[136.8836,-35.2397],[137.0143,-34.9158],[137.1284,-34.9247],[137.2521,-34.9115],[137.3084,-34.917],[137.391,-34.9133],[137.4543,-34.7645],[137.493,-34.5978],[137.4686,-34.4902],[137.459,-34.3789],[137.4836,-34.2521],[137.4938,-34.1611],[137.6504,-33.8591],[137.7809,-33.7031],[137.9318,-33.5791],[137.914,-33.4613],[137.866,-33.3141],[137.8523,-33.2008],[137.9243,-33.1651],[137.9926,-33.0942],[137.9132,-32.7707],[137.8631,-32.6737],[137.7832,-32.5781],[137.7818,-32.702],[137.7909,-32.8232],[137.6802,-32.978],[137.5362,-33.0892],[137.4423,-33.1936],[137.3542,-33.4302],[137.2373,-33.6295],[137.1303,-33.703],[137.0345,-33.7195],[136.9365,-33.7502],[136.7835,-33.8297],[136.6355,-33.8966],[136.5259,-33.9842],[136.4307,-34.03],[136.1211,-34.4287],[135.9797,-34.5619],[135.9506,-34.6157],[135.891,-34.6609],[135.9026,-34.7238],[135.9506,-34.7668],[135.9985,-34.9438],[135.9697,-34.9818],[135.9191,-34.9619],[135.7924,-34.8633],[135.7125,-34.8992],[135.6476,-34.9396],[135.4809,-34.7582],[135.4117,-34.7155],[135.3242,-34.6427],[135.2307,-34.5798],[135.1908,-34.5727],[135.123,-34.5857],[135.1296,-34.5365],[135.176,-34.4966],[135.2168,-34.4873],[135.2925,-34.5456],[135.3787,-34.5977],[135.4273,-34.602],[135.45,-34.5811],[135.368,-34.3756],[135.312,-34.1955],[135.2863,-34.1423],[135.2189,-33.9598],[135.1854,-33.9067],[135.0421,-33.7777],[134.8888,-33.6264],[134.8467,-33.4446],[134.791,-33.3283],[134.719,-33.2552],[134.6077,-33.1901],[134.3013,-33.165],[134.1735,-32.9791],[134.1004,-32.7486],[134.1584,-32.7334],[134.2271,-32.7306],[134.2492,-32.6587],[134.2342,-32.5485],[133.9302,-32.4117],[133.7867,-32.2688],[133.6653,-32.2072],[133.5514,-32.1829],[133.4006,-32.1885],[133.2121,-32.1838],[132.7574,-31.9563],[132.6486,-31.9493],[132.3236,-32.02],[132.2146,-32.0071],[131.7212,-31.6963],[131.3932,-31.5485],[131.285,-31.521],[131.1437,-31.4957],[131.0293,-31.5318],[130.9481,-31.5658],[130.783,-31.604],[130.1298,-31.5791],[129.5688,-31.6272],[129.1877,-31.66],[128.9462,-31.7026],[128.5461,-31.8877],[128.0677,-32.0665],[127.678,-32.1513],[127.3198,-32.2641],[127.0841,-32.2969],[126.7793,-32.3109],[126.1365,-32.2568],[125.9172,-32.297],[125.5675,-32.5059],[125.4637,-32.5565],[125.2666,-32.6145],[124.7588,-32.8827],[124.5246,-32.9401],[124.3732,-32.9584],[124.2438,-33.0152],[124.1261,-33.1294],[123.9672,-33.4463],[123.8684,-33.5964],[123.6504,-33.8363],[123.5068,-33.9162],[123.3654,-33.9054],[123.2076,-33.9883],[123.0676,-33.9006],[122.9557,-33.8838],[122.7775,-33.8908],[122.151,-33.9918],[122.0611,-33.8744],[121.9464,-33.8567],[121.7297,-33.8625],[121.4051,-33.8268],[120.8146,-33.8713],[120.5306,-33.9197],[120.4184,-33.9631],[120.2094,-33.9354],[119.8541,-33.9747],[119.7291,-34.0415],[119.6352,-34.1012],[119.4506,-34.3683],[119.2477,-34.4564],[119.0813,-34.4594],[118.8953,-34.4799],[118.5201,-34.7371],[118.1355,-34.9866],[118.0064,-35.0133],[117.8631,-35.055],[117.6754,-35.0749],[117.5819,-35.0978],[117.1439,-35.0337],[116.8654,-35.0266],[116.5172,-34.9879],[116.2171,-34.8658],[115.9867,-34.795],[115.7263,-34.5261],[115.565,-34.4258],[115.2776,-34.3039],[115.1948,-34.3085],[115.1279,-34.3418],[115.0088,-34.2559],[115.0057,-34.1451],[114.9734,-34.0512],[114.9757,-33.8042],[114.9938,-33.5153],[115.0989,-33.5803],[115.1816,-33.6435],[115.3588,-33.6399],[115.5153,-33.5313],[115.6045,-33.3723],[115.683,-33.1929],[115.6709,-33.0021],[115.6186,-32.667],[115.6543,-32.5966],[115.7079,-32.568],[115.7254,-32.4011],[115.7381,-31.8879],[115.6984,-31.6945],[115.4546,-31.3025],[115.2943,-30.9618],[115.1769,-30.808],[115.0779,-30.5604],[114.9945,-30.2162],[114.9688,-30.0423],[114.9421,-29.7216],[114.9714,-29.5397],[114.959,-29.4336],[114.8568,-29.143],[114.6284,-28.8718],[114.5906,-28.7717],[114.5918,-28.6662],[114.5374,-28.5429],[114.3535,-28.2949],[114.1651,-28.0807],[114.1335,-27.9765],[114.0984,-27.5442],[114.0281,-27.3473],[113.7094,-26.8478],[113.333,-26.4174],[113.2311,-26.2414],[113.1848,-26.1822],[113.2107,-26.1742],[113.2531,-26.1973],[113.3001,-26.2402],[113.3232,-26.2438],[113.3453,-26.2083],[113.3429,-26.1261],[113.3561,-26.0805],[113.389,-26.1056],[113.4274,-26.198],[113.5466,-26.4367],[113.5816,-26.5581],[113.7337,-26.5951],[113.7804,-26.5633],[113.8364,-26.5006],[113.8528,-26.3321],[113.7758,-26.256],[113.7064,-26.2236],[113.5891,-26.0986],[113.5134,-25.8983],[113.3953,-25.7133],[113.3974,-25.6472],[113.4514,-25.5991],[113.5395,-25.6252],[113.6212,-25.7316],[113.7131,-25.8308],[113.6979,-26.0042],[113.6836,-26.0517],[113.6917,-26.0917],[113.7237,-26.1298],[113.7658,-26.1598],[113.8118,-26.1158],[113.8539,-26.0145],[113.8799,-26.0276],[113.9424,-26.2587],[113.992,-26.3215],[114.0903,-26.3937],[114.176,-26.3375],[114.2157,-26.2895],[114.2033,-26.1264],[114.2285,-25.9688],[114.2143,-25.8516],[113.9928,-25.5448],[113.7924,-25.1657],[113.6708,-24.9771],[113.5692,-24.693],[113.5035,-24.5946],[113.4177,-24.4356],[113.413,-24.254],[113.4213,-24.1323],[113.4898,-23.8696],[113.5529,-23.7328],[113.757,-23.4182],[113.767,-23.2825],[113.7648,-23.1805],[113.7949,-23.0236],[113.7951,-22.9146],[113.7679,-22.8129],[113.6828,-22.6378],[113.795,-22.3321],[113.9584,-21.9392],[114.0229,-21.8814],[114.1239,-21.8286],[114.1426,-21.9098],[114.0928,-22.1813],[114.1639,-22.3233],[114.1416,-22.4831],[114.2052,-22.4559],[114.3035,-22.4254],[114.3777,-22.3415],[114.417,-22.261],[114.6028,-21.9422],[114.7093,-21.8234],[114.8591,-21.7359],[115.1617,-21.6306],[115.4562,-21.4917],[115.5961,-21.3581],[115.7715,-21.2423],[115.8936,-21.1167],[116.0109,-21.0304],[116.6059,-20.7134],[116.7067,-20.6538],[116.8363,-20.6471],[116.9953,-20.6576],[117.1391,-20.6409],[117.2928,-20.7131],[117.4062,-20.7212],[117.6839,-20.6428],[117.8323,-20.5726],[118.0873,-20.419],[118.1992,-20.3752],[118.4583,-20.3267],[118.7515,-20.2619],[119.1045,-19.9953],[119.3588,-20.0123],[119.5859,-20.0383],[119.7678,-19.9584],[120.1963,-19.9095],[120.4337,-19.842],[120.8784,-19.665],[120.9979,-19.6044],[121.1798,-19.4779],[121.3377,-19.3199],[121.4936,-19.1064],[121.5895,-18.9151],[121.6307,-18.8166],[121.722,-18.66],[121.7849,-18.5359],[121.8338,-18.4771],[122.0062,-18.3937],[122.2621,-18.1591],[122.3454,-18.1119],[122.3609,-18.0369],[122.3058,-17.9949],[122.2374,-17.9686],[122.1913,-17.7203],[122.1475,-17.549],[122.1432,-17.4284],[122.1603,-17.3137],[122.2609,-17.1357],[122.3327,-17.0594],[122.432,-16.9704],[122.5226,-16.9429],[122.5979,-16.8649],[122.7204,-16.7877],[122.7721,-16.7102],[122.848,-16.5524],[122.9168,-16.4326],[122.9707,-16.4368],[123.0744,-16.7153],[123.1421,-16.8631],[123.2659,-17.0368],[123.3832,-17.2928],[123.4788,-17.41],[123.5252,-17.4857],[123.5631,-17.5209],[123.5715,-17.4723],[123.5618,-17.4154],[123.6079,-17.2199],[123.5863,-17.0827],[123.5936,-17.0304],[123.6177,-17.0083],[123.6641,-17.0232],[123.7538,-17.0998],[123.799,-17.1271],[123.8311,-17.1208],[123.8295,-16.9969],[123.8744,-16.9187],[123.8563,-16.8647],[123.7781,-16.8678],[123.745,-16.801],[123.6805,-16.7236],[123.6071,-16.6681],[123.518,-16.5407],[123.4904,-16.4907],[123.5251,-16.4676],[123.5813,-16.4709],[123.626,-16.4163],[123.6465,-16.3431],[123.607,-16.224],[123.6475,-16.1799],[123.7289,-16.1925],[123.8592,-16.3823],[123.9152,-16.3636],[123.9613,-16.2869],[124.0444,-16.2649],[124.1298,-16.2788],[124.186,-16.3336],[124.3004,-16.3883],[124.4527,-16.382],[124.53,-16.3952],[124.6924,-16.3861],[124.772,-16.4026],[124.757,-16.3733],[124.6692,-16.3388],[124.5703,-16.3318],[124.4545,-16.3353],[124.4049,-16.2989],[124.3883,-16.203],[124.4164,-16.1335],[124.4346,-16.1038],[124.51,-16.1163],[124.5769,-16.1137],[124.5851,-16.0201],[124.6086,-15.9375],[124.6485,-15.8702],[124.6483,-15.8055],[124.6066,-15.8227],[124.5043,-15.9725],[124.4553,-15.8506],[124.3816,-15.7582],[124.3966,-15.6259],[124.4396,-15.4936],[124.5057,-15.4754],[124.5616,-15.4963],[124.6443,-15.4188],[124.6909,-15.3597],[124.6802,-15.311],[124.6926,-15.2736],[124.7505,-15.2853],[124.9721,-15.4043],[125.0164,-15.4665],[125.063,-15.4423],[125.0779,-15.3745],[125.0729,-15.3067],[125.024,-15.317],[124.9092,-15.3101],[124.8827,-15.272],[124.8927,-15.2405],[124.8391,-15.1607],[124.9142,-15.11],[124.9787,-15.1066],[125.0233,-15.0719],[125.024,-15.0244],[125.0382,-15.0041],[125.0729,-15.0323],[125.1887,-15.0454],[125.3023,-15.1068],[125.3557,-15.1198],[125.3756,-15.0868],[125.3838,-15.0156],[125.2433,-14.9445],[125.2395,-14.8746],[125.1804,-14.794],[125.1787,-14.7147],[125.2665,-14.6484],[125.2846,-14.5841],[125.3354,-14.5579],[125.4359,-14.5568],[125.5037,-14.5022],[125.5798,-14.4832],[125.5983,-14.3616],[125.5971,-14.2781],[125.6277,-14.2566],[125.7046,-14.2914],[125.6813,-14.388],[125.681,-14.4802],[125.6616,-14.5295],[125.6905,-14.5254],[125.7084,-14.5049],[125.7385,-14.4443],[125.8195,-14.4691],[125.8396,-14.5339],[125.8501,-14.5973],[125.8906,-14.618],[125.9461,-14.5204],[126.0207,-14.4945],[126.0166,-14.3713],[126.0448,-14.283],[126.0536,-14.2167],[126.1009,-14.1844],[126.1113,-14.1141],[126.0734,-14.0655],[126.0539,-13.9772],[126.119,-13.9577],[126.1843,-14.0021],[126.2282,-14.1134],[126.2585,-14.1636],[126.2988,-14.1362],[126.323,-14.0621],[126.4031,-14.0189],[126.4824,-14.0789],[126.5697,-14.1609],[126.6791,-14.0894],[126.7807,-13.9552],[126.7645,-13.873],[126.7756,-13.7885],[126.9032,-13.7441],[127.0061,-13.7768],[127.0992,-13.8674],[127.2931,-13.9348],[127.4576,-14.0314],[127.5311,-14.0946],[127.6729,-14.1951],[127.7635,-14.2994],[127.8876,-14.4852],[128.1805,-14.7116],[128.1994,-14.7518],[128.1599,-14.8273],[128.1244,-14.9241],[128.0805,-15.088],[128.0694,-15.3293],[128.1117,-15.312],[128.1555,-15.2256],[128.2018,-15.2434],[128.2547,-15.2985],[128.259,-15.2456],[128.2272,-15.2136],[128.1729,-15.1022],[128.175,-15.0432],[128.2184,-14.9957],[128.2852,-14.9389],[128.3582,-14.9017],[128.4032,-14.8691],[128.4099,-14.8289],[128.4774,-14.788],[128.5758,-14.7745],[128.6355,-14.781],[129.0582,-14.8844],[129.1651,-14.9876],[129.1752,-15.115],[129.2158,-15.1603],[129.2379,-15.0802],[129.2336,-14.9061],[129.2676,-14.8715],[129.3812,-14.8984],[129.459,-14.9332],[129.5671,-15.0474],[129.5877,-15.1033],[129.6348,-15.1397],[129.6503,-15.0868],[129.6282,-15.0118],[129.6127,-14.9259],[129.6371,-14.851],[129.7635,-14.845],[129.8487,-14.8289],[129.8084,-14.7997],[129.7535,-14.7896],[129.663,-14.7209],[129.6047,-14.6471],[129.6986,-14.5753],[129.6979,-14.5574],[129.6079,-14.5597],[129.4839,-14.4897],[129.3787,-14.3925],[129.4592,-14.2135],[129.6196,-14.0384],[129.7099,-13.98],[129.7184,-13.9209],[129.7617,-13.8119],[129.7893,-13.7199],[129.7972,-13.6484],[129.8389,-13.5729],[129.9379,-13.5017],[130.0727,-13.4762],[130.1359,-13.4483],[130.1993,-13.3826],[130.2598,-13.3022],[130.135,-13.1455],[130.1453,-13.0592],[130.1682,-12.9574],[130.318,-12.8829],[130.3999,-12.6879],[130.4542,-12.6586],[130.5719,-12.6644],[130.6175,-12.6469],[130.6096,-12.4913],[130.6227,-12.4311],[130.6724,-12.4069],[130.7361,-12.4277],[130.7766,-12.4953],[130.8674,-12.5578],[130.8982,-12.5236],[130.8829,-12.4551],[130.8738,-12.3672],[130.9566,-12.3482],[131.0234,-12.3429],[131.0301,-12.2711],[131.0195,-12.2139],[131.0457,-12.1896],[131.2199,-12.1779],[131.2654,-12.119],[131.2916,-12.0679],[131.3138,-12.0959],[131.3421,-12.2101],[131.4383,-12.277],[131.7263,-12.2781],[131.888,-12.2319],[131.9567,-12.2593],[132.0641,-12.2808],[132.1823,-12.227],[132.2532,-12.186],[132.3721,-12.2392],[132.411,-12.2951],[132.4416,-12.1764],[132.5105,-12.1349],[132.5838,-12.1103],[132.6764,-12.1301],[132.7128,-12.1234],[132.6305,-12.0352],[132.6353,-11.9547],[132.6299,-11.8358],[132.6447,-11.7271],[132.6742,-11.649],[132.4752,-11.4915],[132.2779,-11.4677],[132.1336,-11.5007],[132.0729,-11.4747],[131.9446,-11.3485],[131.8225,-11.3024],[131.8118,-11.2714],[131.9615,-11.1809],[132.0186,-11.1964],[132.1058,-11.2812],[132.1555,-11.3111],[132.1978,-11.305],[132.225,-11.2388],[132.2627,-11.204],[132.334,-11.2235],[132.5573,-11.3669],[132.6828,-11.5056],[132.7471,-11.4689],[132.8571,-11.3911],[132.961,-11.4073],[133.0249,-11.4528],[133.1144,-11.6218],[133.1853,-11.7057],[133.3562,-11.7282],[133.4432,-11.7604],[133.5332,-11.8162],[133.6545,-11.8113],[133.9042,-11.832],[134.1395,-11.9401],[134.2371,-12.0077],[134.3511,-12.0258],[134.4174,-12.0527],[134.5381,-12.0608],[134.7303,-11.9844],[134.8164,-12.0547],[134.8547,-12.1025],[135.0297,-12.1937],[135.218,-12.2217],[135.3523,-12.1292],[135.5487,-12.0606],[135.6855,-11.9562],[135.7885,-11.907],[135.8853,-11.8217],[135.9225,-11.8258],[135.8436,-11.9055],[135.834,-11.9507],[135.8958,-11.9695],[135.8895,-11.9928],[135.8043,-12.0548],[135.7025,-12.1516],[135.7044,-12.2099],[135.7439,-12.2417],[135.7908,-12.2275],[135.8574,-12.1785],[135.9378,-12.1521],[136.0085,-12.1914],[136.0314,-12.3309],[136.0818,-12.4225],[136.1927,-12.4352],[136.2606,-12.4338],[136.3285,-12.3056],[136.2919,-12.1964],[136.2499,-12.173],[136.2701,-12.1316],[136.4434,-11.9515],[136.5402,-11.9576],[136.6098,-12.1336],[136.7194,-12.2265],[136.8364,-12.2191],[136.8975,-12.2436],[136.9475,-12.3499],[136.537,-12.7843],[136.5178,-12.8328],[136.573,-12.9116],[136.5943,-13.0038],[136.461,-13.2252],[136.4119,-13.2361],[136.3646,-13.1764],[136.2941,-13.138],[136.2323,-13.1649],[136.1661,-13.1811],[135.9273,-13.3043],[135.9292,-13.6216],[135.9896,-13.8102],[135.9545,-13.9349],[135.8834,-14.1531],[135.8063,-14.2342],[135.7445,-14.2866],[135.5389,-14.585],[135.4732,-14.6566],[135.4052,-14.7582],[135.428,-14.8557],[135.4533,-14.9231],[135.5308,-15.0004],[135.8326,-15.1602],[135.9695,-15.2702],[136.2054,-15.4034],[136.2593,-15.4952],[136.2914,-15.5701],[136.4619,-15.6553],[136.5836,-15.7065],[136.6188,-15.6934],[136.6441,-15.6756],[136.6746,-15.6754],[136.7049,-15.6853],[136.7001,-15.752],[136.6867,-15.7885],[136.6981,-15.835],[136.7847,-15.8942],[136.9227,-15.8924],[137.0021,-15.8783],[137.0898,-15.9413],[137.1689,-15.9821],[137.2993,-16.0663],[137.5264,-16.1671],[137.7037,-16.233],[137.9129,-16.4766],[138.0716,-16.617],[138.245,-16.7184],[138.5057,-16.7896],[138.6257,-16.7778],[138.8203,-16.8606],[139.0099,-16.8993],[139.1104,-17.0141],[139.1445,-17.1011],[139.1541,-17.1678],[139.2484,-17.3286],[139.4405,-17.3806],[139.6896,-17.5407],[139.8945,-17.6113],[139.946,-17.6536],[140.0358,-17.7026],[140.2097,-17.7044],[140.5111,-17.6245],[140.6484,-17.5437],[140.8305,-17.4145],[140.9158,-17.1926],[140.966,-17.0146],[141.2191,-16.6462],[141.2914,-16.4635],[141.3557,-16.2211],[141.4119,-16.0695],[141.3932,-15.9047],[141.4516,-15.6053],[141.5814,-15.1954],[141.6255,-15.0566],[141.6035,-14.8527],[141.5229,-14.4701],[141.559,-14.3379],[141.5943,-14.1528],[141.5354,-14.0187],[141.4807,-13.9268],[141.4726,-13.7976],[141.5342,-13.5538],[141.5888,-13.4251],[141.6454,-13.2591],[141.6136,-12.9435],[141.7346,-12.8335],[141.7822,-12.7787],[141.8758,-12.7782],[141.9203,-12.8029],[141.9298,-12.7398],[141.8929,-12.6813],[141.8783,-12.6133],[141.8521,-12.5787],[141.7945,-12.5666],[141.7467,-12.5294],[141.6777,-12.4914],[141.6886,-12.3511],[141.8058,-12.0801],[141.8705,-11.9756],[141.913,-12.0192],[141.9611,-12.0543],[141.9678,-11.9763],[141.9516,-11.8962],[142.0405,-11.6317],[142.139,-11.2732],[142.1684,-10.9466],[142.3265,-10.8842],[142.4068,-10.8022],[142.4564,-10.7073],[142.5448,-10.7073],[142.6051,-10.7482],[142.5654,-10.8194],[142.5527,-10.8744],[142.723,-11.0104],[142.7797,-11.1153],[142.8033,-11.214],[142.8368,-11.3069],[142.8529,-11.4322],[142.8506,-11.6323],[142.8726,-11.8214],[142.934,-11.8808],[142.9885,-11.919],[143.0664,-11.9241],[143.1789,-11.9545]]],[[[153.0774,-25.7508],[153.052,-25.7783],[153.0069,-25.7289],[152.9767,-25.5514],[152.999,-25.4484],[153.0516,-25.3543],[153.0607,-25.3022],[153.0381,-25.1932],[153.1893,-25.0705],[153.2275,-25.0058],[153.242,-24.9226],[153.1863,-24.8326],[153.1438,-24.8148],[153.181,-24.7648],[153.2231,-24.7396],[153.2569,-24.7289],[153.2821,-24.7383],[153.2979,-24.9152],[153.3593,-24.9777],[153.3502,-25.0631],[153.1414,-25.5128],[153.0838,-25.6825],[153.0774,-25.7508]]],[[[139.5078,-16.573],[139.4306,-16.661],[139.3915,-16.6486],[139.3543,-16.6966],[139.283,-16.7194],[139.2391,-16.7187],[139.1596,-16.7417],[139.1477,-16.7139],[139.1627,-16.6259],[139.2287,-16.5275],[139.293,-16.4673],[139.4589,-16.4385],[139.5879,-16.3952],[139.6045,-16.4032],[139.6978,-16.5149],[139.5597,-16.5295],[139.5078,-16.573]]],[[[136.7146,-13.8039],[136.758,-13.8454],[136.8045,-13.8425],[136.8453,-13.751],[136.8707,-13.7637],[136.8908,-13.7866],[136.9056,-13.827],[136.843,-13.8966],[136.8149,-13.9073],[136.7882,-13.9458],[136.7453,-14.0727],[136.7499,-14.1152],[136.787,-14.1578],[136.8854,-14.1973],[136.9339,-14.179],[136.9508,-14.1843],[136.9313,-14.246],[136.8943,-14.2931],[136.7632,-14.2734],[136.6497,-14.2805],[136.4605,-14.2346],[136.3633,-14.2289],[136.3354,-14.2118],[136.3922,-14.1755],[136.4277,-14.1265],[136.4111,-14.0111],[136.4247,-13.8648],[136.5338,-13.7937],[136.5828,-13.7211],[136.6557,-13.6759],[136.702,-13.6816],[136.696,-13.7262],[136.7146,-13.8039]]],[[[130.4593,-11.6793],[130.5418,-11.7031],[130.5799,-11.7371],[130.6027,-11.7732],[130.6062,-11.8166],[130.5025,-11.8356],[130.3175,-11.7718],[130.1312,-11.8245],[130.0766,-11.8255],[130.0433,-11.7873],[130.0721,-11.6808],[130.1391,-11.6971],[130.1976,-11.6582],[130.1871,-11.5412],[130.1528,-11.4775],[130.2512,-11.3605],[130.2949,-11.3368],[130.3393,-11.337],[130.3768,-11.4201],[130.3856,-11.5099],[130.4328,-11.5922],[130.4593,-11.6793]]],[[[130.6188,-11.3761],[130.7522,-11.3844],[130.9128,-11.3093],[130.9874,-11.3398],[131.023,-11.3344],[131.1406,-11.2631],[131.2172,-11.2426],[131.2683,-11.1898],[131.3205,-11.2469],[131.4369,-11.3132],[131.4733,-11.3825],[131.5223,-11.4152],[131.5386,-11.4369],[131.4679,-11.5096],[131.4586,-11.5879],[131.3828,-11.5825],[131.2921,-11.7109],[130.951,-11.9265],[130.6449,-11.7424],[130.5119,-11.6179],[130.4228,-11.4458],[130.4048,-11.305],[130.3686,-11.2149],[130.3846,-11.1922],[130.4029,-11.1805],[130.4267,-11.1831],[130.5191,-11.2795],[130.5598,-11.306],[130.6188,-11.3761]]],[[[113.183,-26.0531],[113.1564,-26.0945],[112.9643,-25.7831],[112.9082,-25.5698],[112.9471,-25.5315],[112.9824,-25.5202],[113.0963,-25.815],[113.1315,-25.8826],[113.1318,-25.952],[113.1483,-25.9738],[113.183,-26.0531]]],[[[137.5965,-35.7387],[137.8359,-35.7621],[137.9289,-35.7261],[138.0466,-35.7552],[138.1234,-35.8523],[138.0665,-35.9006],[138.0119,-35.9076],[137.8355,-35.8678],[137.6709,-35.8979],[137.6223,-35.9381],[137.5902,-36.0271],[137.4484,-36.0748],[137.3822,-36.0209],[137.2096,-35.9824],[137.1478,-36.0391],[137.0259,-36.0239],[136.9127,-36.0467],[136.7551,-36.0331],[136.5893,-35.9354],[136.5406,-35.8901],[136.5791,-35.8087],[136.6387,-35.7488],[137.0918,-35.6639],[137.3341,-35.5925],[137.5305,-35.6051],[137.585,-35.6202],[137.6354,-35.6564],[137.5981,-35.7223],[137.5965,-35.7387]]],[[[145.4865,-38.3549],[145.3358,-38.421],[145.2803,-38.3906],[145.2858,-38.341],[145.2953,-38.3189],[145.4266,-38.3142],[145.4865,-38.3549]]],[[[145.3145,-38.4908],[145.3492,-38.5382],[145.3551,-38.557],[145.2709,-38.5197],[145.1284,-38.5276],[145.2178,-38.4586],[145.2879,-38.4722],[145.3145,-38.4908]]],[[[149.0437,-20.2915],[149.0199,-20.3025],[148.9874,-20.3018],[148.9389,-20.2837],[148.9811,-20.1535],[149.0044,-20.2215],[149.0453,-20.2775],[149.0437,-20.2915]]],[[[148.9355,-20.1499],[148.9135,-20.1543],[148.8869,-20.1436],[148.9064,-20.102],[148.9316,-20.0689],[148.9679,-20.0443],[148.9563,-20.1347],[148.9355,-20.1499]]],[[[151.1466,-23.4908],[151.1808,-23.5162],[151.212,-23.5131],[151.2401,-23.5297],[151.2288,-23.5949],[151.2743,-23.6685],[151.2958,-23.7203],[151.2615,-23.7623],[151.2383,-23.7758],[151.1842,-23.7407],[151.0333,-23.5302],[151.06,-23.4605],[151.1466,-23.4908]]],[[[150.5167,-22.3226],[150.4885,-22.3247],[150.4624,-22.3077],[150.4847,-22.2679],[150.4885,-22.2107],[150.5215,-22.2283],[150.5488,-22.3069],[150.5167,-22.3226]]],[[[149.9283,-22.1931],[149.8937,-22.2232],[149.8695,-22.1504],[149.8754,-22.074],[149.9123,-22.0487],[149.9279,-22.1493],[149.9283,-22.1931]]],[[[153.5388,-27.4364],[153.4527,-27.7117],[153.4266,-27.7064],[153.3958,-27.665],[153.4009,-27.5057],[153.4354,-27.4054],[153.5219,-27.4225],[153.5388,-27.4364]]],[[[153.4425,-27.316],[153.4209,-27.331],[153.3766,-27.2354],[153.365,-27.1389],[153.3799,-27.0494],[153.4323,-27.0299],[153.4668,-27.0381],[153.4264,-27.2015],[153.4425,-27.316]]],[[[142.2748,-10.7048],[142.1914,-10.762],[142.1372,-10.7319],[142.1255,-10.6685],[142.1311,-10.6406],[142.1979,-10.592],[142.2748,-10.7048]]],[[[142.339,-10.1922],[142.2794,-10.2542],[142.2162,-10.2356],[142.1951,-10.1993],[142.2188,-10.1494],[142.2987,-10.1404],[142.339,-10.1922]]],[[[142.1676,-10.1541],[142.142,-10.1813],[142.0977,-10.1218],[142.1488,-10.0518],[142.192,-10.0853],[142.1676,-10.1541]]],[[[146.2783,-18.2312],[146.2988,-18.3261],[146.342,-18.4001],[146.3271,-18.4486],[146.2988,-18.4848],[146.2356,-18.4508],[146.1913,-18.3629],[146.1162,-18.2924],[146.0988,-18.2518],[146.1867,-18.2552],[146.2309,-18.2414],[146.2491,-18.2259],[146.2783,-18.2312]]],[[[136.5985,-11.3789],[136.5266,-11.4389],[136.5217,-11.3938],[136.5598,-11.3579],[136.649,-11.2116],[136.688,-11.1776],[136.7105,-11.1584],[136.7273,-11.1048],[136.7317,-11.0246],[136.7803,-11.0125],[136.7414,-11.1946],[136.5985,-11.3789]]],[[[136.3387,-11.6023],[136.1803,-11.6768],[136.2674,-11.5765],[136.4492,-11.4871],[136.4793,-11.4659],[136.4705,-11.5093],[136.3794,-11.5832],[136.3387,-11.6023]]],[[[137.0937,-15.7781],[137.0509,-15.8244],[136.9965,-15.7758],[136.9851,-15.726],[136.9427,-15.7117],[136.9634,-15.6657],[136.9857,-15.6524],[137.0096,-15.5948],[137.0646,-15.6629],[137.0711,-15.7381],[137.0937,-15.7781]]],[[[136.8627,-15.6199],[136.8468,-15.6273],[136.8456,-15.544],[136.8769,-15.5025],[136.8902,-15.5889],[136.8627,-15.6199]]],[[[136.591,-15.6282],[136.5312,-15.6324],[136.5143,-15.6273],[136.5027,-15.5831],[136.5226,-15.5432],[136.586,-15.5337],[136.6123,-15.5441],[136.591,-15.6282]]],[[[139.4592,-17.1146],[139.4217,-17.1316],[139.4082,-17.0906],[139.4592,-17.0491],[139.4928,-16.9904],[139.5601,-17.042],[139.5709,-17.0944],[139.4592,-17.1146]]],[[[136.2374,-13.8245],[136.2137,-13.8359],[136.1227,-13.8166],[136.1223,-13.7806],[136.1344,-13.7531],[136.1596,-13.7367],[136.2154,-13.6647],[136.2574,-13.7066],[136.2754,-13.7911],[136.2374,-13.8245]]],[[[132.5934,-11.3028],[132.5736,-11.3184],[132.4938,-11.1637],[132.5163,-11.116],[132.4838,-11.0373],[132.5378,-11.0284],[132.5788,-10.9688],[132.5933,-10.9977],[132.5969,-11.1064],[132.6291,-11.1691],[132.5934,-11.3028]]],[[[125.1988,-14.5795],[125.1348,-14.6417],[125.0912,-14.5917],[125.1174,-14.492],[125.16,-14.4561],[125.1981,-14.4748],[125.1936,-14.5526],[125.1988,-14.5795]]],[[[124.5973,-15.402],[124.5596,-15.4302],[124.5242,-15.4215],[124.5237,-15.3824],[124.4828,-15.3403],[124.5041,-15.2925],[124.5193,-15.2675],[124.5509,-15.2703],[124.5646,-15.3108],[124.6051,-15.3565],[124.5973,-15.402]]],[[[115.4462,-20.7878],[115.3881,-20.866],[115.3181,-20.8506],[115.3086,-20.8111],[115.3543,-20.7463],[115.4346,-20.668],[115.4576,-20.7163],[115.4462,-20.7878]]],[[[145.043,-40.7867],[145.1587,-40.7906],[145.2243,-40.7651],[145.283,-40.7699],[145.3494,-40.8264],[145.4294,-40.8582],[145.4852,-40.8523],[145.5335,-40.864],[145.5765,-40.9041],[145.686,-40.9391],[145.7338,-40.962],[145.7754,-40.9972],[145.8215,-41.0246],[146.1111,-41.1181],[146.3175,-41.1635],[146.5744,-41.1424],[146.6506,-41.1162],[146.7234,-41.078],[146.786,-41.1137],[146.8481,-41.1681],[146.836,-41.1094],[146.8566,-41.0583],[146.9194,-41.0178],[146.9898,-40.9924],[147.1058,-40.9942],[147.2188,-40.9834],[147.2689,-40.9598],[147.3205,-40.9564],[147.3877,-40.9855],[147.4548,-41.0017],[147.5008,-40.9642],[147.5793,-40.8756],[147.6217,-40.8447],[147.8177,-40.8717],[147.8729,-40.8726],[147.9688,-40.7796],[148.0328,-40.781],[148.2152,-40.8549],[148.2929,-40.9471],[148.2854,-41.1153],[148.2916,-41.1746],[148.3063,-41.2331],[148.3122,-41.3497],[148.2898,-41.465],[148.2869,-41.555],[148.2966,-41.6462],[148.2876,-41.8157],[148.3157,-41.9277],[148.3017,-42.0042],[148.3015,-42.0399],[148.328,-42.0737],[148.3408,-42.1111],[148.3311,-42.1592],[148.3426,-42.2153],[148.3313,-42.2616],[148.2903,-42.255],[148.277,-42.2194],[148.2846,-42.1734],[148.2771,-42.1364],[148.2558,-42.1026],[148.1831,-42.0647],[148.2044,-42.042],[148.2416,-42.0219],[148.2137,-41.97],[148.1672,-42.0123],[148.1412,-42.0698],[148.1562,-42.0883],[148.1275,-42.1037],[148.0666,-42.1703],[148.0228,-42.2595],[148.0049,-42.3451],[148.0094,-42.4359],[147.9735,-42.5059],[147.9244,-42.5725],[147.9121,-42.6585],[147.915,-42.8164],[147.9577,-42.9604],[147.9809,-43.157],[147.9454,-43.1818],[147.8386,-43.1951],[147.7858,-43.22],[147.6989,-43.1226],[147.6479,-43.0206],[147.6873,-42.9799],[147.7739,-43.0034],[147.8004,-42.9803],[147.8074,-42.9541],[147.8,-42.9281],[147.6935,-42.872],[147.5738,-42.8457],[147.5358,-42.878],[147.549,-42.9745],[147.5367,-42.9965],[147.4523,-43.0334],[147.408,-42.8938],[147.2979,-42.7909],[147.302,-42.8405],[147.3477,-42.9266],[147.3427,-42.9645],[147.325,-43.0135],[147.2808,-43.0317],[147.2598,-43.0711],[147.2598,-43.1265],[147.245,-43.2159],[147.1729,-43.2559],[146.997,-43.1563],[146.9849,-43.1898],[146.9875,-43.2188],[147.0773,-43.2759],[147.0359,-43.319],[147.0047,-43.3696],[146.9547,-43.5024],[146.8739,-43.6125],[146.8343,-43.6193],[146.6992,-43.602],[146.5485,-43.5089],[146.4132,-43.5195],[146.1867,-43.5128],[146.0432,-43.5472],[146.0131,-43.4448],[145.9817,-43.4084],[145.9944,-43.3761],[146.1088,-43.3544],[146.2264,-43.3553],[146.208,-43.3162],[146.1765,-43.3018],[146.1251,-43.3112],[145.9753,-43.2771],[145.8732,-43.2924],[145.8027,-43.244],[145.6815,-43.076],[145.61,-42.9982],[145.5674,-42.968],[145.5176,-42.9514],[145.4876,-42.9267],[145.2682,-42.5443],[145.2371,-42.4556],[145.1988,-42.2309],[145.3729,-42.3385],[145.4349,-42.4065],[145.4683,-42.4929],[145.5272,-42.3882],[145.5166,-42.3545],[145.3604,-42.2275],[145.3396,-42.1907],[145.3311,-42.1471],[145.2944,-42.191],[145.2349,-42.197],[145.259,-42.1073],[145.2382,-42.0196],[145.0554,-41.8268],[144.9155,-41.644],[144.7779,-41.4188],[144.7661,-41.39],[144.7644,-41.3415],[144.6978,-41.1907],[144.6624,-41.0789],[144.6461,-40.9809],[144.7097,-40.7829],[144.7186,-40.6723],[144.8186,-40.7217],[145.043,-40.7867]]],[[[143.9279,-40.1161],[143.8987,-40.1202],[143.8758,-40.064],[143.8876,-39.9836],[143.8386,-39.9041],[143.8652,-39.8242],[143.8618,-39.738],[143.8794,-39.7],[143.9394,-39.6581],[143.9488,-39.5837],[144.0008,-39.5802],[144.0913,-39.6381],[144.1209,-39.7853],[144.1061,-39.874],[144.141,-39.9538],[144.1119,-40.0221],[144.0351,-40.0782],[143.9279,-40.1161]]],[[[148.0004,-39.7576],[148.1779,-39.9385],[148.27,-39.9667],[148.2974,-39.9857],[148.2898,-40.0654],[148.2508,-40.0995],[148.3232,-40.1444],[148.3136,-40.1735],[148.2994,-40.1725],[148.2104,-40.2337],[148.1057,-40.2621],[148.0736,-40.2408],[148.0469,-40.2128],[148.0248,-40.172],[147.8905,-40.0146],[147.906,-39.9714],[147.8763,-39.9055],[147.8123,-39.9104],[147.7672,-39.8703],[147.8392,-39.8315],[147.933,-39.726],[148.0004,-39.7576]]],[[[147.3561,-43.397],[147.3089,-43.5008],[147.2314,-43.4831],[147.1538,-43.5002],[147.105,-43.4312],[147.1047,-43.4129],[147.1631,-43.4303],[147.1847,-43.4078],[147.1984,-43.3792],[147.2197,-43.3714],[147.234,-43.3305],[147.2839,-43.2789],[147.3125,-43.2803],[147.3425,-43.3463],[147.3561,-43.397]]],[[[148.1043,-42.7104],[148.0481,-42.7192],[148.0297,-42.7148],[148.0309,-42.6634],[148.0228,-42.6404],[148.0726,-42.5932],[148.1428,-42.6159],[148.1695,-42.6518],[148.1006,-42.6806],[148.1043,-42.7104]]],[[[147.4346,-43.2407],[147.3719,-43.2408],[147.3488,-43.2324],[147.3376,-43.1833],[147.2961,-43.1617],[147.3191,-43.1453],[147.3273,-43.1146],[147.3525,-43.0803],[147.3973,-43.1183],[147.4346,-43.2407]]],[[[144.7844,-40.5067],[144.748,-40.5895],[144.7102,-40.4853],[144.7512,-40.4702],[144.7834,-40.4349],[144.7908,-40.4403],[144.7844,-40.5067]]],[[[148.3263,-40.3069],[148.4207,-40.3672],[148.4742,-40.4324],[148.404,-40.4865],[148.3527,-40.4973],[148.3194,-40.4346],[148.2141,-40.4575],[148.1025,-40.4517],[148.0201,-40.4042],[148.0104,-40.3806],[148.0588,-40.3568],[148.1981,-40.3579],[148.3263,-40.3069]]],[[[148.2369,-40.5151],[148.1878,-40.5926],[148.127,-40.5439],[148.1173,-40.5215],[148.1932,-40.5031],[148.2184,-40.5051],[148.2369,-40.5151]]],[[[158.8788,-54.7098],[158.8452,-54.7492],[158.8359,-54.704],[158.897,-54.5061],[158.9589,-54.4724],[158.9456,-54.575],[158.8788,-54.7098]]]]}},{"type":"Feature","properties":{"isoName":"JPN","fullName":"Japan","alternativeNames":[],"centreCoords":[36.3,138.8],"capitalCity":"Tokyo"},"geometry":{"type":"MultiPolygon","coordinates":[[[[133.3705,36.2039],[133.3247,36.1665],[133.2393,36.1788],[133.1899,36.2326],[133.2062,36.2934],[133.2957,36.3401],[133.3812,36.2464],[133.3705,36.2039]]],[[[138.344,37.8221],[138.249,37.8196],[138.2252,37.8294],[138.2828,37.8542],[138.2879,37.8958],[138.3223,37.9695],[138.3217,37.9908],[138.2462,37.9946],[138.25,38.0785],[138.3063,38.1611],[138.4613,38.2915],[138.5036,38.3159],[138.5101,38.259],[138.4628,38.1243],[138.4536,38.0757],[138.5752,38.0655],[138.497,37.9039],[138.344,37.8221]]],[[[134.9328,34.2881],[134.8244,34.2029],[134.7307,34.2089],[134.6835,34.247],[134.6679,34.2941],[134.7572,34.3682],[134.8343,34.4727],[134.9041,34.5191],[134.9607,34.5449],[135.0047,34.544],[134.9055,34.3983],[134.9328,34.2881]]],[[[130.6228,30.263],[130.5082,30.2414],[130.4456,30.2647],[130.3881,30.3882],[130.4972,30.4655],[130.6436,30.389],[130.6732,30.3669],[130.6228,30.263]]],[[[130.9598,30.3969],[130.8722,30.3863],[130.8703,30.4442],[130.9399,30.5751],[130.9474,30.6712],[131.0122,30.7923],[131.0398,30.8189],[131.0604,30.8285],[131.0826,30.7909],[131.0574,30.6425],[130.9926,30.53],[130.9598,30.3969]]],[[[130.0825,32.2297],[130.0035,32.194],[129.9934,32.2282],[129.9602,32.2437],[130.0173,32.2918],[130.0153,32.3137],[129.9793,32.3462],[130.0213,32.4688],[130.0098,32.5216],[130.1678,32.5412],[130.1967,32.4916],[130.1995,32.3406],[130.0825,32.2297]]],[[[129.2795,34.1234],[129.2145,34.0828],[129.1864,34.145],[129.2148,34.3207],[129.3371,34.2848],[129.3351,34.2308],[129.2795,34.1234]]],[[[129.3856,34.3537],[129.3653,34.3055],[129.2975,34.3396],[129.2667,34.3705],[129.3294,34.5219],[129.3221,34.5793],[129.3259,34.6073],[129.4511,34.6866],[129.4725,34.6713],[129.4802,34.6495],[129.4691,34.6155],[129.4754,34.5404],[129.3814,34.4165],[129.3856,34.3537]]],[[[128.6653,32.7839],[128.7041,32.7569],[128.761,32.7724],[128.8061,32.776],[128.8386,32.7629],[128.8794,32.6933],[128.8945,32.6521],[128.8213,32.6463],[128.7904,32.6367],[128.7505,32.5861],[128.693,32.6047],[128.6573,32.6284],[128.6491,32.662],[128.6653,32.7839]]],[[[130.3811,32.4237],[130.2926,32.4193],[130.2561,32.431],[130.2417,32.4628],[130.3654,32.5272],[130.4614,32.5157],[130.4186,32.4577],[130.3811,32.4237]]],[[[141.0728,45.3329],[141.034,45.2693],[140.9821,45.3638],[140.9717,45.4655],[141.0017,45.4648],[141.0567,45.4496],[141.0699,45.4],[141.0728,45.3329]]],[[[141.2954,45.1193],[141.226,45.1122],[141.1453,45.1539],[141.1354,45.2062],[141.1937,45.2479],[141.2519,45.2325],[141.3101,45.1786],[141.3292,45.1505],[141.2954,45.1193]]],[[[139.4812,42.081],[139.4584,42.0756],[139.4346,42.0841],[139.4115,42.1597],[139.4313,42.1996],[139.4958,42.2274],[139.5584,42.2352],[139.5051,42.0964],[139.4812,42.081]]],[[[134.3519,34.4836],[134.3332,34.4638],[134.3153,34.4689],[134.2519,34.423],[134.2381,34.467],[134.1883,34.4963],[134.1821,34.5192],[134.326,34.5344],[134.3723,34.5224],[134.3519,34.4836]]],[[[139.4564,34.7265],[139.4457,34.6795],[139.3924,34.6899],[139.3669,34.7205],[139.37,34.7754],[139.4262,34.7759],[139.4564,34.7265]]],[[[129.077,32.8403],[129.052,32.8295],[129.0196,32.9196],[128.9973,32.9519],[129.035,32.9691],[129.1098,33.1326],[129.1236,33.0677],[129.1527,33.0033],[129.1819,32.9931],[129.1535,32.9462],[129.1116,32.9289],[129.077,32.8403]]],[[[129.4918,33.223],[129.4214,33.1758],[129.3704,33.176],[129.417,33.2311],[129.4231,33.2574],[129.4619,33.3312],[129.538,33.3578],[129.5699,33.361],[129.5081,33.2843],[129.4918,33.223]]],[[[129.7957,33.7488],[129.7266,33.7073],[129.6748,33.7397],[129.7,33.8289],[129.7173,33.8584],[129.7764,33.8292],[129.7957,33.7488]]],[[[132.5784,34.1152],[132.5494,34.0751],[132.4609,34.0873],[132.4963,34.122],[132.5235,34.1641],[132.5435,34.1727],[132.5602,34.1269],[132.5784,34.1152]]],[[[132.266,33.9452],[132.3146,33.9086],[132.4305,33.9235],[132.4449,33.9132],[132.411,33.8799],[132.36,33.847],[132.2673,33.8715],[132.2088,33.8729],[132.2006,33.9278],[132.208,33.9478],[132.266,33.9452]]],[[[129.718,31.6571],[129.6868,31.6396],[129.7068,31.7183],[129.7873,31.7871],[129.7937,31.7425],[129.718,31.6571]]],[[[142.1882,26.6165],[142.1699,26.6157],[142.1071,26.7215],[142.1253,26.7265],[142.1617,26.71],[142.2021,26.6488],[142.1882,26.6165]]],[[[143.8243,44.117],[143.9495,44.1119],[144.0055,44.1166],[144.1014,44.1016],[144.4818,43.9496],[144.5967,43.9302],[144.7152,43.928],[144.7985,43.9402],[144.8719,43.9819],[145.1016,44.1662],[145.3428,44.3339],[145.3695,44.3274],[145.3696,44.2813],[145.352,44.2298],[145.2452,44.0762],[145.1264,43.8694],[145.1011,43.7646],[145.1396,43.6625],[145.2141,43.5782],[145.2729,43.4629],[145.3408,43.3025],[145.4361,43.2822],[145.4879,43.2797],[145.5833,43.3278],[145.6736,43.3889],[145.7513,43.3963],[145.833,43.3859],[145.7256,43.3435],[145.6242,43.2913],[145.5374,43.1927],[145.5051,43.1742],[145.4048,43.1803],[145.3475,43.1767],[145.2301,43.1355],[145.1271,43.0889],[145.0288,43.0316],[144.9214,43.0009],[144.8071,42.9937],[144.6308,42.9469],[144.5162,42.9436],[144.3016,42.9844],[144.1973,42.9736],[143.9693,42.8814],[143.7621,42.7481],[143.581,42.5987],[143.4295,42.4189],[143.3687,42.3251],[143.3321,42.2204],[143.3271,42.151],[143.3137,42.0843],[143.2787,42.0378],[143.2365,42.0002],[143.1117,42.0222],[142.9063,42.1184],[142.5082,42.258],[142.0879,42.4717],[141.8514,42.5791],[141.4066,42.5469],[140.9861,42.3421],[140.9484,42.3596],[140.7876,42.5],[140.7098,42.5556],[140.6168,42.5713],[140.5477,42.5695],[140.4805,42.5594],[140.3854,42.4872],[140.3506,42.4351],[140.3235,42.3761],[140.3152,42.3343],[140.3267,42.2934],[140.4166,42.2007],[140.5275,42.1318],[140.5777,42.1187],[140.6843,42.1235],[140.7338,42.1164],[140.9123,41.9778],[141.1077,41.848],[141.151,41.8051],[141.0787,41.7598],[140.9995,41.7374],[140.9075,41.7433],[140.8164,41.7604],[140.6599,41.8156],[140.593,41.7686],[140.4892,41.6722],[140.4316,41.5674],[140.385,41.5193],[140.2701,41.456],[140.1486,41.4232],[140.0852,41.4341],[140.0366,41.4738],[140.0092,41.5213],[139.9953,41.5764],[140.0213,41.6958],[140.0842,41.8032],[140.1084,41.9129],[140.0568,42.0673],[140.0241,42.0996],[139.8951,42.19],[139.8354,42.2781],[139.8209,42.3876],[139.8285,42.4481],[139.8602,42.5817],[139.8911,42.6492],[139.9506,42.6714],[140.015,42.6848],[140.1146,42.733],[140.2241,42.7955],[140.3286,42.8668],[140.4322,42.9541],[140.4864,43.0499],[140.3975,43.1673],[140.3793,43.2371],[140.3924,43.3031],[140.4869,43.3382],[140.5846,43.3117],[140.7807,43.215],[140.8191,43.2055],[140.9538,43.201],[141.1382,43.1799],[141.245,43.1851],[141.2963,43.1997],[141.3741,43.2796],[141.4123,43.3815],[141.3983,43.5125],[141.3977,43.6426],[141.4468,43.7486],[141.6007,43.919],[141.6447,44.0194],[141.6608,44.2636],[141.7163,44.3712],[141.7609,44.4825],[141.7822,44.7164],[141.719,44.9411],[141.6558,45.0512],[141.583,45.156],[141.5938,45.256],[141.6525,45.3486],[141.654,45.3766],[141.668,45.4013],[141.7781,45.4189],[141.8295,45.4388],[141.8787,45.4833],[141.9377,45.5095],[141.9809,45.4835],[142.0164,45.4379],[142.1716,45.3256],[142.416,45.125],[142.7041,44.8192],[142.8848,44.6701],[143.0751,44.5349],[143.2886,44.3966],[143.5119,44.2775],[143.6546,44.2213],[143.7591,44.1316],[143.8243,44.117]]],[[[131.1746,33.6026],[131.3092,33.5728],[131.366,33.5709],[131.4187,33.5844],[131.4988,33.6236],[131.583,33.6524],[131.6431,33.6378],[131.6963,33.6028],[131.7242,33.5538],[131.7106,33.5023],[131.6155,33.3918],[131.5374,33.2741],[131.7171,33.2521],[131.8966,33.2546],[131.8547,33.1816],[131.8479,33.1181],[131.9027,33.0878],[131.9493,33.0471],[131.9372,33.0102],[131.9104,32.9737],[132.0086,32.919],[132.0021,32.8824],[131.9767,32.8439],[131.7321,32.5928],[131.6604,32.4656],[131.6104,32.3255],[131.5646,32.223],[131.5312,32.1167],[131.5057,32.002],[131.4603,31.8835],[131.4753,31.7784],[131.46,31.6708],[131.3372,31.4047],[131.2497,31.4096],[131.1397,31.4418],[131.0708,31.4369],[131.0352,31.3777],[131.0984,31.2562],[130.9022,31.1121],[130.6857,31.0151],[130.6842,31.0593],[130.7045,31.0941],[130.7357,31.1221],[130.7584,31.1558],[130.7897,31.2691],[130.7742,31.3832],[130.709,31.5261],[130.7042,31.5774],[130.7494,31.5982],[130.7798,31.6041],[130.7963,31.6241],[130.7969,31.6713],[130.7763,31.7063],[130.7146,31.7177],[130.6551,31.7184],[130.6135,31.6654],[130.5561,31.5631],[130.5281,31.4597],[130.5404,31.4031],[130.5659,31.3524],[130.6445,31.2675],[130.6215,31.2175],[130.5888,31.1785],[130.3106,31.2669],[130.2506,31.2732],[130.2007,31.2919],[130.1473,31.4085],[130.2605,31.4366],[130.2941,31.4507],[130.3066,31.4878],[130.322,31.6015],[130.2689,31.6963],[130.2242,31.7301],[130.1879,31.7688],[130.2109,31.849],[130.1958,31.9499],[130.1944,32.0908],[130.2141,32.115],[130.3191,32.1435],[130.3949,32.219],[130.462,32.3049],[130.5604,32.4561],[130.6405,32.6192],[130.5633,32.6264],[130.4979,32.6569],[130.5694,32.7341],[130.5473,32.8316],[130.4404,32.9514],[130.3817,33.0926],[130.2873,33.1548],[130.2375,33.1776],[130.1769,33.1445],[130.1269,33.1048],[130.1731,33.013],[130.1678,32.9318],[130.175,32.8513],[130.2222,32.8468],[130.2801,32.8668],[130.3265,32.8526],[130.3535,32.8104],[130.3608,32.7559],[130.3404,32.7019],[130.2977,32.675],[130.2455,32.6771],[130.193,32.7063],[130.1521,32.7479],[130.0541,32.7708],[129.9508,32.7217],[129.8525,32.6217],[129.7686,32.571],[129.8081,32.6453],[129.8268,32.7253],[129.7859,32.7816],[129.69,32.8752],[129.6678,32.9294],[129.6623,32.9949],[129.6791,33.06],[129.7777,32.9855],[129.8283,32.8927],[129.9008,32.8519],[129.9917,32.8516],[129.9219,32.988],[129.8968,33.0224],[129.7987,33.0836],[129.665,33.1866],[129.5801,33.2363],[129.6102,33.3437],[129.66,33.365],[129.7021,33.3598],[129.8441,33.3218],[129.8575,33.3752],[129.8366,33.4038],[129.8257,33.437],[129.9191,33.4835],[130.0721,33.5218],[130.1034,33.5397],[130.1306,33.5782],[130.168,33.5983],[130.2751,33.5977],[130.365,33.6345],[130.4395,33.7342],[130.4572,33.789],[130.4838,33.8346],[130.6695,33.9155],[130.7156,33.9278],[130.8396,33.9178],[130.9531,33.872],[131.0091,33.7758],[131.0581,33.6729],[131.1746,33.6026]]],[[[134.3574,34.2563],[134.4957,34.2147],[134.6375,34.2266],[134.6353,34.0439],[134.6554,33.9826],[134.6953,33.9277],[134.6748,33.8478],[134.7389,33.8205],[134.5487,33.7293],[134.3771,33.6084],[134.3065,33.5268],[134.2427,33.4395],[134.2057,33.347],[134.1816,33.2472],[134.1241,33.2868],[133.9587,33.4483],[133.854,33.4927],[133.6856,33.5163],[133.632,33.511],[133.2859,33.36],[133.2399,33.2496],[133.1456,33.0832],[133.1009,33.0282],[133.0512,33.0125],[133.016,32.9839],[132.9772,32.842],[132.8699,32.7546],[132.8043,32.752],[132.6922,32.7759],[132.6418,32.7625],[132.709,32.9025],[132.602,32.9195],[132.4951,32.9166],[132.4926,33.0077],[132.4278,33.0594],[132.4758,33.1265],[132.4771,33.1812],[132.5053,33.2113],[132.515,33.2554],[132.5114,33.2931],[132.4454,33.3046],[132.4052,33.3312],[132.4128,33.4305],[132.3749,33.4341],[132.2811,33.4168],[132.0858,33.3401],[132.0326,33.34],[132.1145,33.3946],[132.2879,33.4695],[132.3659,33.5125],[132.536,33.6329],[132.6431,33.6899],[132.6989,33.7909],[132.7162,33.8522],[132.7523,33.9062],[132.7843,33.9924],[132.8395,34.0212],[132.9352,34.0953],[132.9901,34.0881],[133.0513,33.9971],[133.1337,33.9273],[133.1931,33.9332],[133.2988,33.969],[133.3498,33.9771],[133.4721,33.9728],[133.582,34.0171],[133.6268,34.0694],[133.6435,34.1347],[133.6026,34.2438],[133.6556,34.2329],[133.7063,34.2374],[133.8256,34.3068],[133.9483,34.348],[134.0759,34.3584],[134.2192,34.319],[134.3574,34.2563]]],[[[141.2293,41.3727],[141.2688,41.3538],[141.4555,41.4047],[141.4199,41.2512],[141.4,41.0963],[141.4137,40.8394],[141.4305,40.7233],[141.4628,40.6111],[141.5423,40.5307],[141.6463,40.4736],[141.7971,40.2912],[141.8779,40.0672],[141.9351,39.9585],[141.9778,39.8444],[141.9908,39.7922],[141.9919,39.7399],[141.9791,39.6684],[141.9932,39.6105],[141.977,39.4288],[141.9095,39.2187],[141.9008,39.1113],[141.8421,39.09],[141.8065,39.0404],[141.7762,39.0174],[141.7425,38.9996],[141.6936,38.9952],[141.6586,38.9749],[141.6447,38.9179],[141.6223,38.8651],[141.5797,38.8165],[141.5463,38.7628],[141.5188,38.632],[141.5088,38.4979],[141.4675,38.4042],[141.3682,38.3797],[141.2543,38.3814],[141.1084,38.3379],[141.0773,38.3125],[140.9621,38.1489],[140.929,38.0529],[140.9279,37.9496],[140.96,37.8226],[141.0034,37.6984],[141.0363,37.4672],[141.0017,37.1146],[140.9684,37.0021],[140.8951,36.9257],[140.8396,36.8903],[140.7918,36.8469],[140.7299,36.7319],[140.6273,36.5028],[140.6188,36.4453],[140.6192,36.3856],[140.5916,36.3078],[140.5735,36.2313],[140.5904,36.1424],[140.622,36.0592],[140.7596,35.8457],[140.8135,35.7825],[140.874,35.725],[140.6393,35.6613],[140.5969,35.632],[140.4574,35.5103],[140.4129,35.3948],[140.4165,35.267],[140.393,35.2211],[140.3547,35.1814],[140.3147,35.155],[140.1589,35.0965],[140.0592,35.0383],[139.9598,34.9473],[139.9204,34.8996],[139.8439,34.9149],[139.7992,34.9569],[139.8433,35.0099],[139.8297,35.0722],[139.8515,35.2323],[139.8265,35.2967],[139.9062,35.3453],[139.9441,35.423],[140.0271,35.4852],[140.0863,35.5404],[140.0969,35.5852],[140.0437,35.6334],[139.9875,35.6682],[139.9098,35.6684],[139.8348,35.6581],[139.7863,35.6121],[139.7701,35.5496],[139.7739,35.5204],[139.7678,35.4948],[139.65,35.4091],[139.6655,35.3195],[139.7,35.274],[139.744,35.2524],[139.7309,35.2215],[139.675,35.1493],[139.6359,35.1421],[139.5641,35.2433],[139.4744,35.2985],[139.3635,35.2981],[139.2494,35.278],[139.1627,35.2107],[139.1341,35.1549],[139.1158,35.0971],[139.122,34.9565],[139.086,34.8392],[139.0156,34.736],[138.9826,34.6984],[138.8967,34.6284],[138.8375,34.6192],[138.7951,34.651],[138.761,34.6992],[138.8045,34.8757],[138.8027,34.9748],[138.9036,35.0252],[138.8209,35.0957],[138.7196,35.1241],[138.5771,35.0865],[138.537,35.0441],[138.5096,34.9872],[138.4331,34.9152],[138.3486,34.8477],[138.2532,34.7327],[138.1891,34.5963],[137.979,34.6409],[137.8643,34.6509],[137.7485,34.6474],[137.5434,34.6642],[137.3181,34.6364],[137.0617,34.5828],[137.0771,34.6214],[137.2878,34.7035],[137.2954,34.7276],[137.2752,34.7725],[137.2227,34.7747],[137.0966,34.759],[137.0322,34.7659],[137.006,34.8141],[136.9633,34.8349],[136.9348,34.8152],[136.9441,34.7215],[136.9129,34.709],[136.8713,34.7331],[136.8846,34.8059],[136.8562,34.9125],[136.8529,34.9787],[136.8971,35.0355],[136.8519,35.0595],[136.8042,35.0503],[136.7436,35.023],[136.69,34.9841],[136.577,34.7896],[136.533,34.6784],[136.6158,34.5891],[136.8416,34.4642],[136.8803,34.4336],[136.8812,34.3805],[136.8537,34.3241],[136.7922,34.2993],[136.5444,34.2577],[136.3299,34.1769],[136.2679,34.0949],[136.0726,33.7782],[135.9162,33.5617],[135.6953,33.487],[135.4528,33.5534],[135.3942,33.6288],[135.3468,33.722],[135.2566,33.8062],[135.1754,33.898],[135.1279,34.007],[135.1354,34.1826],[135.1001,34.2884],[135.1319,34.3166],[135.2656,34.3808],[135.3093,34.4168],[135.3848,34.5004],[135.4118,34.547],[135.4159,34.6175],[135.3552,34.6543],[135.1982,34.6529],[135.0417,34.631],[134.9299,34.6618],[134.785,34.7471],[134.74,34.7652],[134.5838,34.7706],[134.4723,34.7548],[134.3627,34.7237],[134.2469,34.7139],[134.2083,34.6977],[134.0745,34.5931],[133.9683,34.5273],[133.8764,34.4946],[133.6779,34.4859],[133.5786,34.4647],[133.4744,34.4301],[133.4453,34.4332],[133.3356,34.3854],[133.2098,34.344],[133.1424,34.3024],[133.0189,34.3296],[132.7746,34.2552],[132.6565,34.2461],[132.5345,34.2871],[132.4213,34.3534],[132.3126,34.325],[132.2381,34.227],[132.202,34.032],[132.1594,33.9442],[132.1465,33.8388],[132.0902,33.8555],[131.7632,34.0453],[131.7405,34.0521],[131.4762,34.0194],[131.4079,34.0036],[131.3228,33.9652],[131.2326,33.948],[131.1504,33.9756],[131.0719,34.0207],[130.9964,34.0073],[130.9188,33.9757],[130.8893,34.2618],[130.9043,34.2996],[130.9519,34.3497],[131.0042,34.3926],[131.1322,34.4074],[131.2618,34.3935],[131.3544,34.4132],[131.4325,34.4698],[131.515,34.5501],[131.608,34.6155],[131.7341,34.6671],[131.8561,34.7263],[131.9631,34.8094],[132.0647,34.9],[132.1582,34.9665],[132.2596,35.0223],[132.4141,35.1563],[132.619,35.3068],[132.6977,35.4183],[132.7466,35.449],[132.9229,35.5113],[133.1569,35.5588],[133.2672,35.5565],[133.3765,35.4588],[133.4354,35.4722],[133.4949,35.4975],[133.6154,35.5114],[133.7394,35.4953],[133.8603,35.4949],[133.9812,35.5072],[134.2141,35.5393],[134.3365,35.5779],[134.4561,35.6279],[134.8822,35.6632],[135.1743,35.7471],[135.2205,35.7411],[135.2654,35.7218],[135.2688,35.6597],[135.232,35.5919],[135.2678,35.5509],[135.327,35.5255],[135.6019,35.5177],[135.6803,35.5031],[135.795,35.5495],[135.9031,35.6069],[136.0162,35.6825],[136.0953,35.7676],[136.0223,35.8741],[136.0062,35.9906],[136.0675,36.1168],[136.1562,36.2233],[136.2618,36.2877],[136.359,36.3618],[136.5559,36.572],[136.6981,36.742],[136.7493,36.951],[136.7192,37.1984],[136.8435,37.3821],[136.9623,37.4137],[137.1986,37.4975],[137.3227,37.5221],[137.3412,37.4854],[137.3375,37.4375],[137.1521,37.2832],[137.0458,37.2197],[136.9822,37.2],[136.924,37.172],[136.8999,37.1177],[136.9944,37.0268],[137.0186,36.9596],[137.0127,36.8951],[137.0167,36.8372],[137.1237,36.7741],[137.2463,36.7532],[137.2977,36.7538],[137.3426,36.7704],[137.4826,36.9248],[137.5141,36.9516],[137.9132,37.0646],[138.1096,37.1511],[138.2181,37.1734],[138.3199,37.2184],[138.5483,37.3921],[138.6328,37.4722],[138.7094,37.5606],[138.7706,37.6634],[138.8188,37.7747],[138.8851,37.8439],[139.2472,38.0091],[139.3639,38.099],[139.401,38.1426],[139.4458,38.2687],[139.4768,38.3998],[139.5208,38.5025],[139.5802,38.5989],[139.6598,38.697],[139.7491,38.7881],[139.802,38.8816],[139.8786,39.1049],[139.9123,39.2286],[139.9386,39.2731],[139.9771,39.3106],[140.0108,39.3581],[140.0365,39.4111],[140.0481,39.4637],[140.0647,39.6244],[140.0547,39.7493],[139.9947,39.8551],[139.9452,39.8851],[139.8912,39.8869],[139.8104,39.8777],[139.7415,39.9209],[139.7555,39.9589],[139.8257,39.966],[139.8736,39.9857],[139.908,40.0217],[139.9725,40.137],[140.0111,40.2604],[140.0145,40.3149],[139.9641,40.4143],[139.9239,40.5339],[139.9229,40.5984],[139.9667,40.6728],[140.0293,40.7332],[140.0854,40.7474],[140.1461,40.7516],[140.2013,40.7749],[140.2523,40.8088],[140.2812,40.8461],[140.3263,40.9477],[140.3436,41.0057],[140.3152,41.1609],[140.3444,41.2033],[140.3859,41.2298],[140.4413,41.2097],[140.498,41.2057],[140.5642,41.2118],[140.6276,41.1954],[140.6396,41.1556],[140.6794,40.8933],[140.7024,40.8578],[140.7486,40.8303],[140.8008,40.8343],[140.8458,40.8751],[140.8762,40.9295],[140.936,40.9408],[141.1186,40.8823],[141.1832,40.924],[141.2254,40.9885],[141.2621,41.1027],[141.2442,41.2056],[141.2004,41.2436],[141.1551,41.2367],[141.115,41.2085],[141.0704,41.1931],[140.8006,41.1388],[140.8019,41.2537],[140.8596,41.4254],[140.8915,41.4798],[140.9369,41.5056],[141.0502,41.4757],[141.1059,41.4559],[141.2293,41.3727]]],[[[124.2932,24.5159],[124.2343,24.3581],[124.1856,24.3351],[124.1357,24.3476],[124.0848,24.4358],[124.1204,24.4696],[124.1702,24.4519],[124.2105,24.4586],[124.302,24.5871],[124.324,24.5664],[124.2932,24.5159]]],[[[123.8887,24.2801],[123.8256,24.2661],[123.7498,24.2833],[123.6807,24.288],[123.6798,24.3178],[123.7523,24.3485],[123.7537,24.3913],[123.7715,24.4145],[123.9349,24.362],[123.9281,24.3236],[123.8887,24.2801]]],[[[125.4441,24.7432],[125.3594,24.7171],[125.2689,24.7325],[125.2836,24.8719],[125.3149,24.8524],[125.3346,24.8047],[125.4019,24.7769],[125.4441,24.7432]]],[[[128.2588,26.6528],[128.1625,26.6069],[128.127,26.5522],[128.0379,26.5336],[127.9513,26.4565],[127.8671,26.4425],[127.8692,26.3806],[127.9048,26.3281],[127.8487,26.3189],[127.7901,26.2551],[127.7855,26.2087],[127.8064,26.1712],[127.8036,26.1525],[127.7294,26.0972],[127.6531,26.0947],[127.6497,26.1545],[127.6549,26.1992],[127.7271,26.3079],[127.7289,26.4339],[127.7959,26.4485],[127.8204,26.4661],[127.926,26.5557],[127.9455,26.5939],[127.8908,26.6311],[127.8948,26.675],[127.9072,26.6936],[127.9943,26.6794],[128.0297,26.6469],[128.0468,26.6433],[128.0977,26.6678],[128.1216,26.7114],[128.2165,26.7969],[128.2549,26.8819],[128.3316,26.8121],[128.3109,26.7207],[128.2588,26.6528]]],[[[128.9981,27.7208],[128.9563,27.7025],[128.9,27.7278],[128.8828,27.8424],[128.9076,27.898],[128.9517,27.9103],[128.9897,27.8111],[129.0164,27.7702],[128.9981,27.7208]]],[[[129.4525,28.209],[129.3664,28.1277],[129.2749,28.2009],[129.1646,28.2498],[129.2171,28.2629],[129.2479,28.2825],[129.2509,28.3136],[129.3225,28.3596],[129.4646,28.3953],[129.5097,28.3975],[129.5605,28.4311],[129.5771,28.4613],[129.598,28.4759],[129.6896,28.5175],[129.7146,28.4696],[129.7104,28.4321],[129.6417,28.4113],[129.5746,28.3612],[129.5127,28.2987],[129.4567,28.2723],[129.4391,28.2548],[129.4525,28.209]]],[[[129.324,28.1049],[129.3306,28.0816],[129.2324,28.1011],[129.1925,28.1925],[129.2574,28.1762],[129.2773,28.1447],[129.324,28.1049]]],[[[139.8411,33.0561],[139.8238,33.0455],[139.7757,33.0782],[139.7689,33.1072],[139.7774,33.1251],[139.8089,33.1292],[139.8736,33.0935],[139.8411,33.0561]]]]}}]}